id_expediente,tipo_caso,detenido,representacion_legal,requiere_interprete,region_origen,tribunal,carga_tribunal,antecedentes_penales,solicito_fianza,edad,meses_en_eeuu,num_dependientes,aplazamientos,dias_hasta_audiencia_final,dias_hasta_resolucion
EXP-00001,miedo_creible,no,no,no,Caribe,Tribunal B,2816.0,no,no,34,90.6,0,1,25,31
EXP-00002,ajuste_estatus,no,no,si,Caribe,Tribunal C,3964.0,no,no,29,41.1,0,5,403,406
EXP-00003,asilo,si,no,no,Centroamérica,Tribunal D,4792.0,no,si,36,89.1,0,0,310,321
EXP-00004,miedo_creible,si,no,no,Caribe,Tribunal B,3273.0,no,no,26,28.7,0,0,8,19
EXP-00005,reinstalacion,si,no,no,México,Tribunal E,2482.0,no,no,20,15.8,0,0,17,18
EXP-00006,salida_voluntaria,si,no,no,Centroamérica,Tribunal C,3205.0,no,si,42,74.8,3,1,63,64
EXP-00006,salida_voluntaria,si,no,no,Centroamérica,Tribunal C,3205.0,no,si,22,72.3,0,1,63,64
EXP-00006,salida_voluntaria,si,no,no,Centroamérica,Tribunal C,3205.0,no,si,2,64.7,0,1,63,64
EXP-00006,salida_voluntaria,si,no,no,Centroamérica,Tribunal C,3205.0,no,si,8,73.1,0,1,63,66
EXP-00007,asilo,si,no,no,México,Tribunal A,2681.0,no,si,44,7.1,0,1,183,187
EXP-00008,asilo,si,no,no,Centroamérica,Tribunal F,6099.0,no,si,40,35.4,0,5,415,419
EXP-00009,reinstalacion,si,no,no,Centroamérica,Tribunal C,3575.0,si,no,23,8.2,0,0,27,27
EXP-00010,reinstalacion,no,si,si,Centroamérica,Tribunal F,4625.0,no,no,44,70.4,0,5,173,186
EXP-00011,cancelacion,si,no,si,Asia,Tribunal B,3489.0,si,si,43,167.4,4,1,334,335
EXP-00011,cancelacion,si,no,si,Asia,Tribunal B,3489.0,no,si,18,161.2,0,1,334,338
EXP-00011,cancelacion,si,no,si,Asia,Tribunal B,3489.0,no,si,12,160.3,0,1,334,336
EXP-00011,cancelacion,si,no,si,Asia,Tribunal B,3489.0,no,si,4,157.6,0,1,334,335
EXP-00011,cancelacion,si,no,si,Asia,Tribunal B,3489.0,no,si,12,158.4,0,1,334,338
EXP-00012,asilo,no,no,no,Centroamérica,Tribunal F,5099.0,no,no,33,34.3,0,8,616,617
EXP-00013,asilo,no,no,si,Caribe,Tribunal E,2706.0,no,no,21,6.1,1,1,153,157
EXP-00013,asilo,no,no,si,Caribe,Tribunal E,2706.0,no,no,4,1.6,0,1,153,158
EXP-00014,ajuste_estatus,si,si,si,Centroamérica,Tribunal E,2080.0,si,si,31,18.0,0,3,148,156
EXP-00015,asilo,si,si,si,África,Tribunal A,3136.0,no,si,32,49.4,0,8,233,245
EXP-00016,reinstalacion,si,no,no,México,Tribunal B,3589.0,no,no,42,60.2,0,0,12,20
EXP-00017,asilo,no,si,no,México,Tribunal B,3645.0,no,no,26,76.1,0,7,525,539
EXP-00018,asilo,si,no,si,Caribe,Tribunal E,1169.0,no,no,36,14.2,0,3,119,133
EXP-00019,asilo,si,no,no,Centroamérica,Tribunal D,4334.0,no,si,31,,0,6,255,264
EXP-00020,asilo,si,no,no,Sudamérica,Tribunal F,4479.0,si,si,33,77.1,0,2,178,185
EXP-00021,miedo_creible,no,no,si,Europa,Tribunal E,2303.0,no,no,35,31.7,0,1,45,45
EXP-00022,miedo_creible,si,no,no,Centroamérica,Tribunal A,3197.0,no,no,23,7.8,0,0,7,20
EXP-00023,ajuste_estatus,no,si,no,Sudamérica,Tribunal A,2541.0,si,no,27,33.2,1,7,422,425
EXP-00023,ajuste_estatus,no,si,no,Sudamérica,Tribunal A,2541.0,no,no,27,24.9,0,7,422,428
EXP-00024,miedo_creible,si,si,no,Centroamérica,Tribunal C,3950.0,no,no,20,67.1,0,0,6,20
EXP-00025,salida_voluntaria,no,no,no,México,Tribunal C,3647.0,no,no,33,121.4,0,1,57,65
EXP-00026,asilo,si,no,si,África,Tribunal F,5688.0,si,si,18,45.2,0,3,367,380
EXP-00027,salida_voluntaria,no,no,no,Centroamérica,Tribunal A,2809.0,no,no,38,25.4,1,1,59,59
EXP-00027,salida_voluntaria,no,no,no,Centroamérica,Tribunal A,2809.0,no,no,12,14.7,0,1,59,59
EXP-00028,miedo_creible,si,no,si,Europa,Tribunal C,3916.0,no,no,36,19.2,0,1,27,36
EXP-00029,ajuste_estatus,no,no,no,México,Tribunal C,3892.0,no,no,23,22.7,0,9,378,381
EXP-00030,miedo_creible,si,no,si,Asia,Tribunal C,3148.0,no,no,43,25.9,0,0,13,23
EXP-00031,miedo_creible,si,no,no,Caribe,Tribunal F,5925.0,no,no,18,36.0,0,1,48,62
EXP-00032,ajuste_estatus,si,no,si,Caribe,Tribunal C,4044.0,no,no,33,93.9,2,1,223,228
EXP-00032,ajuste_estatus,si,no,si,Caribe,Tribunal C,4044.0,no,no,23,87.9,0,1,223,228
EXP-00032,ajuste_estatus,si,no,si,Caribe,Tribunal C,4044.0,no,no,7,96.2,0,1,223,231
EXP-00033,asilo,no,si,no,Centroamérica,Tribunal C,,no,no,20,34.5,0,5,264,272
EXP-00034,miedo_creible,si,no,no,Centroamérica,Tribunal D,4474.0,no,no,21,60.0,0,0,10,23
EXP-00035,salida_voluntaria,no,no,no,Centroamérica,Tribunal B,3163.0,no,no,38,59.6,0,1,31,45
EXP-00036,asilo,si,no,no,Centroamérica,Tribunal B,3481.0,no,si,38,101.4,4,3,123,134
EXP-00036,asilo,si,no,no,Centroamérica,Tribunal B,3481.0,no,si,26,92.2,0,3,123,137
EXP-00036,asilo,si,no,no,Centroamérica,Tribunal B,3481.0,no,si,7,97.9,0,3,123,137
EXP-00036,asilo,si,no,no,Centroamérica,Tribunal B,3481.0,no,si,16,97.1,0,3,123,135
EXP-00036,asilo,si,no,no,Centroamérica,Tribunal B,3481.0,no,si,1,95.4,0,3,123,136
EXP-00037,miedo_creible,si,si,no,México,Tribunal C,4051.0,si,no,21,119.1,0,0,31,31
EXP-00038,asilo,no,si,no,México,Tribunal C,3127.0,no,no,33,8.2,1,6,608,612
EXP-00038,asilo,no,si,no,México,Tribunal C,3127.0,no,no,3,7.5,0,6,608,612
EXP-00039,miedo_creible,si,no,si,Sudamérica,Tribunal B,2798.0,no,no,47,127.4,0,0,24,25
EXP-00040,miedo_creible,si,no,si,Caribe,Tribunal B,2397.0,si,no,43,85.8,0,0,22,26
EXP-00041,reinstalacion,si,no,si,México,Tribunal A,,si,no,21,60.1,0,1,44,55
EXP-00042,asilo,si,no,si,Centroamérica,Tribunal C,3420.0,no,si,29,76.2,0,5,198,211
EXP-00043,reinstalacion,si,si,no,México,Tribunal B,3847.0,si,no,18,27.4,2,0,25,32
EXP-00043,reinstalacion,si,si,no,México,Tribunal B,3847.0,no,no,7,18.4,0,0,25,34
EXP-00043,reinstalacion,si,si,no,México,Tribunal B,3847.0,no,no,11,17.9,0,0,25,34
EXP-00044,asilo,si,si,no,México,Tribunal A,2616.0,si,no,24,37.4,1,2,154,162
EXP-00044,asilo,si,si,no,México,Tribunal A,2616.0,no,no,26,33.1,0,2,154,164
EXP-00045,asilo,si,no,si,Centroamérica,Tribunal B,3238.0,si,no,33,49.3,0,2,212,218
EXP-00046,reinstalacion,si,no,si,Asia,Tribunal D,4826.0,no,no,42,3.4,4,0,43,46
EXP-00046,reinstalacion,si,no,si,Asia,Tribunal D,4826.0,no,no,14,0.0,0,0,43,49
EXP-00046,reinstalacion,si,no,si,Asia,Tribunal D,4826.0,no,no,7,2.3,0,0,43,48
EXP-00046,reinstalacion,si,no,si,Asia,Tribunal D,4826.0,no,no,2,2.4,0,0,43,47
EXP-00046,reinstalacion,si,no,si,Asia,Tribunal D,4826.0,no,no,2,0.0,0,0,43,49
EXP-00047,asilo,no,si,no,Sudamérica,Tribunal B,3099.0,no,no,43,4.4,0,8,362,370
EXP-00048,asilo,si,no,no,Centroamérica,Tribunal F,5203.0,no,si,39,,3,4,433,440
EXP-00048,asilo,si,no,no,Centroamérica,Tribunal F,5203.0,no,si,37,48.9,0,4,433,440
EXP-00048,asilo,si,no,no,Centroamérica,Tribunal F,5203.0,no,si,8,51.4,0,4,433,442
EXP-00048,asilo,si,no,no,Centroamérica,Tribunal F,5203.0,no,si,9,54.0,0,4,433,443
EXP-00049,ajuste_estatus,si,si,si,Caribe,Tribunal D,4399.0,no,no,18,5.4,2,3,416,430
EXP-00049,ajuste_estatus,si,si,si,Caribe,Tribunal D,4399.0,no,no,7,4.4,0,3,416,431
EXP-00049,ajuste_estatus,si,si,si,Caribe,Tribunal D,4399.0,no,no,7,0.0,0,3,416,430
EXP-00050,salida_voluntaria,no,si,no,México,Tribunal F,4511.0,no,no,28,16.7,0,2,228,232
EXP-00051,cancelacion,si,no,no,Centroamérica,Tribunal F,5173.0,no,si,37,181.2,0,2,458,471
EXP-00052,asilo,no,si,no,Sudamérica,Tribunal A,2477.0,no,no,32,11.9,0,9,379,389
EXP-00053,salida_voluntaria,no,no,no,Centroamérica,Tribunal B,3514.0,no,no,26,51.7,1,0,51,65
EXP-00053,salida_voluntaria,no,no,no,Centroamérica,Tribunal B,3514.0,no,no,33,41.7,0,0,51,68
EXP-00054,asilo,si,si,no,Caribe,Tribunal C,3595.0,no,si,21,11.4,2,0,177,188
EXP-00054,asilo,si,si,no,Caribe,Tribunal C,3595.0,no,si,29,1.2,0,0,177,190
EXP-00054,asilo,si,si,no,Caribe,Tribunal C,3595.0,no,si,2,5.8,0,0,177,189
EXP-00055,ajuste_estatus,si,si,no,Centroamérica,Tribunal A,2416.0,no,no,28,135.1,0,0,80,94
EXP-00056,ajuste_estatus,si,si,no,México,Tribunal D,4909.0,no,si,41,58.5,0,11,380,388
EXP-00057,salida_voluntaria,no,si,no,México,Tribunal A,2556.0,no,no,24,76.5,0,1,33,46
EXP-00058,salida_voluntaria,no,si,no,México,Tribunal D,4156.0,no,no,40,53.9,1,1,192,194
EXP-00058,salida_voluntaria,no,si,no,México,Tribunal D,4156.0,no,no,32,45.7,0,1,192,194
EXP-00059,ajuste_estatus,si,si,no,México,Tribunal B,2757.0,no,no,18,,0,2,281,294
EXP-00060,reinstalacion,si,no,no,México,Tribunal D,4040.0,no,no,36,7.1,0,1,15,24
EXP-00061,reinstalacion,si,si,no,México,Tribunal C,3324.0,si,no,24,38.5,0,0,38,47
EXP-00062,miedo_creible,si,no,si,Centroamérica,Tribunal B,2385.0,si,no,38,63.5,0,2,45,57
EXP-00063,asilo,si,no,no,México,Tribunal B,3239.0,no,no,36,32.0,0,0,90,99
EXP-00064,cancelacion,no,no,no,África,Tribunal C,3098.0,no,no,39,170.7,0,7,797,801
EXP-00065,asilo,no,si,no,Centroamérica,Tribunal C,4452.0,si,no,45,49.2,0,12,720,729
EXP-00066,asilo,si,no,no,Centroamérica,Tribunal D,4771.0,no,si,22,2.4,0,6,229,229
EXP-00067,asilo,no,no,no,Centroamérica,Tribunal A,2444.0,no,no,18,86.0,0,4,291,305
EXP-00068,miedo_creible,si,no,si,Centroamérica,Tribunal D,4734.0,si,no,47,,0,1,89,96
EXP-00069,salida_voluntaria,si,no,no,Sudamérica,Tribunal E,1870.0,no,si,19,42.3,0,0,42,46
EXP-00070,asilo,si,no,si,África,Tribunal A,2429.0,no,si,42,37.5,0,0,63,77
EXP-00071,miedo_creible,si,no,si,África,Tribunal F,,no,no,31,73.7,0,0,70,74
EXP-00072,asilo,si,si,si,Centroamérica,Tribunal D,4318.0,no,si,29,18.6,3,1,218,223
EXP-00072,asilo,si,si,si,Centroamérica,Tribunal D,4318.0,no,si,3,8.7,0,1,218,225
EXP-00072,asilo,si,si,si,Centroamérica,Tribunal D,4318.0,no,si,5,12.1,0,1,218,225
EXP-00072,asilo,si,si,si,Centroamérica,Tribunal D,4318.0,no,si,13,10.0,0,1,218,223
EXP-00073,cancelacion,si,no,no,Sudamérica,Tribunal E,2106.0,no,no,37,130.7,0,3,268,279
EXP-00074,asilo,si,no,no,Centroamérica,Tribunal A,2762.0,no,si,51,10.0,0,1,181,191
EXP-00075,asilo,no,si,si,Asia,Tribunal C,3841.0,no,no,18,37.0,0,11,620,625
EXP-00076,miedo_creible,si,no,no,Centroamérica,Tribunal A,2950.0,no,no,32,8.1,0,0,1,8
EXP-00077,asilo,no,no,no,Centroamérica,Tribunal C,3545.0,no,no,31,17.2,0,5,491,493
EXP-00078,ajuste_estatus,si,no,no,Centroamérica,Tribunal B,3095.0,no,no,29,2.1,3,1,83,87
EXP-00078,ajuste_estatus,si,no,no,Centroamérica,Tribunal B,3095.0,no,no,8,0.0,0,1,83,88
EXP-00078,ajuste_estatus,si,no,no,Centroamérica,Tribunal B,3095.0,no,no,13,0.0,0,1,83,89
EXP-00078,ajuste_estatus,si,no,no,Centroamérica,Tribunal B,3095.0,no,no,16,3.7,0,1,83,87
EXP-00079,ajuste_estatus,si,no,si,Caribe,Tribunal E,1399.0,no,no,24,18.1,0,0,130,133
EXP-00080,reinstalacion,si,si,no,México,Tribunal E,1833.0,si,no,37,24.1,0,1,25,27
EXP-00081,asilo,si,si,no,Centroamérica,Tribunal D,4935.0,no,si,18,64.8,0,5,408,416
EXP-00082,salida_voluntaria,no,si,,Sudamérica,Tribunal D,4910.0,no,no,35,70.0,0,1,117,123
EXP-00083,reinstalacion,si,no,si,Asia,Tribunal E,1400.0,no,no,32,67.0,0,1,53,55
EXP-00084,reinstalacion,si,no,si,África,Tribunal A,3088.0,no,no,18,70.5,0,0,37,40
EXP-00085,asilo,si,no,si,Caribe,Tribunal B,3773.0,no,no,18,87.3,1,1,149,154
EXP-00085,asilo,si,no,si,Caribe,Tribunal B,3773.0,no,no,49,81.6,0,1,149,157
EXP-00086,cancelacion,no,si,no,Sudamérica,Tribunal C,3081.0,no,no,34,124.0,2,14,725,728
EXP-00086,cancelacion,no,si,no,Sudamérica,Tribunal C,,no,no,10,122.8,0,14,725,731
EXP-00086,cancelacion,no,si,no,Sudamérica,Tribunal C,3081.0,no,no,12,118.7,0,14,725,730
EXP-00087,salida_voluntaria,no,si,no,Centroamérica,Tribunal B,2578.0,no,no,26,34.8,1,1,93,100
EXP-00087,salida_voluntaria,no,si,no,Centroamérica,Tribunal B,2578.0,no,no,7,18.6,0,1,93,100
EXP-00088,asilo,si,no,si,Sudamérica,Tribunal C,2776.0,no,no,40,0.0,0,4,139,143
EXP-00089,asilo,no,no,no,Centroamérica,Tribunal F,5104.0,no,no,44,121.3,1,5,498,501
EXP-00089,asilo,no,no,no,Centroamérica,Tribunal F,5104.0,no,no,16,110.0,0,5,498,503
EXP-00090,asilo,no,si,no,Centroamérica,Tribunal D,4683.0,no,no,24,30.3,1,22,1309,1313
EXP-00090,asilo,no,si,no,Centroamérica,Tribunal D,4683.0,no,no,12,26.2,0,22,1309,1313
EXP-00091,reinstalacion,si,no,no,Centroamérica,Tribunal A,3368.0,no,no,20,22.5,0,0,9,15
EXP-00092,ajuste_estatus,si,si,si,Centroamérica,Tribunal C,3923.0,si,si,29,87.2,1,0,176,179
EXP-00092,ajuste_estatus,si,si,si,Centroamérica,Tribunal C,3923.0,no,si,10,80.8,0,0,176,179
EXP-00093,ajuste_estatus,si,no,no,Sudamérica,Tribunal B,3323.0,no,si,18,56.5,0,4,141,145
EXP-00094,salida_voluntaria,no,no,no,Centroamérica,Tribunal C,3826.0,no,no,28,23.4,0,1,101,109
EXP-00095,asilo,si,si,no,Centroamérica,Tribunal B,3498.0,no,si,35,,0,1,211,220
EXP-00096,salida_voluntaria,si,si,no,Centroamérica,Tribunal E,2106.0,no,si,25,69.3,3,0,38,51
EXP-00096,salida_voluntaria,si,si,no,Centroamérica,Tribunal E,2106.0,no,si,21,64.6,0,0,38,51
EXP-00096,salida_voluntaria,si,si,no,Centroamérica,Tribunal E,2106.0,no,si,9,64.8,0,0,38,52
EXP-00096,salida_voluntaria,si,si,no,Centroamérica,Tribunal E,2106.0,no,si,13,67.8,0,0,38,52
EXP-00097,salida_voluntaria,no,no,no,Centroamérica,Tribunal B,3444.0,no,no,25,29.7,0,1,61,63
EXP-00098,reinstalacion,no,si,no,México,Tribunal A,2615.0,no,no,18,,1,2,71,71
EXP-00098,reinstalacion,no,si,no,México,Tribunal A,2615.0,no,no,25,9.2,0,2,71,73
EXP-00099,asilo,si,no,no,Sudamérica,Tribunal A,2930.0,no,si,45,112.3,0,2,108,110
EXP-00100,reinstalacion,si,no,,África,Tribunal B,2862.0,si,no,32,20.4,0,2,147,147
EXP-00101,ajuste_estatus,si,si,no,México,Tribunal F,5307.0,no,si,46,36.2,0,3,312,324
EXP-00102,salida_voluntaria,si,no,no,Sudamérica,Tribunal A,2470.0,no,no,34,,0,0,12,23
EXP-00103,asilo,no,no,no,Centroamérica,Tribunal C,3500.0,si,no,21,57.1,0,2,405,406
EXP-00104,cancelacion,si,no,no,Centroamérica,Tribunal C,4062.0,no,si,32,179.2,3,5,337,343
EXP-00104,cancelacion,si,no,no,Centroamérica,Tribunal C,4062.0,no,si,26,,0,5,337,346
EXP-00104,cancelacion,si,no,no,Centroamérica,Tribunal C,4062.0,no,si,4,175.5,0,5,337,343
EXP-00104,cancelacion,si,no,no,Centroamérica,Tribunal C,4062.0,no,si,10,172.0,0,5,337,343
EXP-00105,salida_voluntaria,no,si,no,Centroamérica,Tribunal D,4697.0,no,no,41,70.8,0,1,177,185
EXP-00106,asilo,no,no,no,Caribe,Tribunal A,2723.0,no,no,35,81.3,0,2,211,218
EXP-00107,miedo_creible,si,si,no,Centroamérica,Tribunal A,1630.0,no,no,40,5.2,0,0,15,19
EXP-00108,asilo,no,no,no,México,Tribunal C,4153.0,no,no,24,28.8,0,3,296,307
EXP-00109,cancelacion,si,no,si,Caribe,Tribunal E,2420.0,no,si,23,143.7,0,3,227,238
EXP-00110,cancelacion,no,si,no,México,Tribunal A,2746.0,no,no,22,230.9,2,9,547,554
EXP-00110,cancelacion,no,si,no,México,Tribunal A,2746.0,no,no,9,,0,9,547,556
EXP-00110,cancelacion,no,si,no,México,Tribunal A,2746.0,no,no,2,227.6,0,9,547,556
EXP-00111,asilo,no,si,si,Asia,Tribunal E,2786.0,no,no,20,83.5,0,6,481,492
EXP-00112,asilo,si,no,si,Centroamérica,Tribunal D,4408.0,no,no,22,75.1,0,2,205,211
EXP-00113,asilo,si,no,no,Centroamérica,Tribunal B,3472.0,no,si,38,6.6,3,2,133,143
EXP-00113,asilo,si,no,no,Centroamérica,Tribunal B,3472.0,no,si,7,3.5,0,2,133,144
EXP-00113,asilo,si,no,no,Centroamérica,Tribunal B,3472.0,no,si,9,3.1,0,2,133,145
EXP-00113,asilo,si,no,no,Centroamérica,Tribunal B,3472.0,no,si,13,0.0,0,2,133,143
EXP-00114,asilo,no,si,si,África,Tribunal C,4784.0,no,no,45,21.5,1,9,835,845
EXP-00114,asilo,no,si,si,África,Tribunal C,4784.0,no,no,8,14.2,0,9,835,848
EXP-00115,reinstalacion,si,si,no,Centroamérica,Tribunal B,3175.0,si,no,40,126.2,1,0,33,36
EXP-00115,reinstalacion,si,si,no,Centroamérica,Tribunal B,3175.0,no,no,31,121.4,0,0,33,37
EXP-00116,miedo_creible,si,si,si,Asia,Tribunal F,4369.0,no,no,32,16.8,0,0,29,40
EXP-00117,asilo,si,no,si,Centroamérica,Tribunal A,2914.0,no,no,35,32.1,0,0,168,169
EXP-00118,asilo,si,si,si,Sudamérica,Tribunal B,3004.0,no,si,33,126.0,0,3,161,169
EXP-00119,salida_voluntaria,si,no,si,África,Tribunal D,4405.0,no,si,39,67.2,0,2,152,164
EXP-00120,asilo,no,si,no,Centroamérica,Tribunal A,3266.0,si,no,22,48.8,1,0,214,218
EXP-00120,asilo,no,si,no,Centroamérica,Tribunal A,3266.0,no,no,10,47.7,0,0,214,219
EXP-00121,asilo,si,no,no,México,Tribunal E,2906.0,no,no,44,51.2,4,1,92,100
EXP-00121,asilo,si,no,no,México,Tribunal E,2906.0,no,no,22,37.8,0,1,92,103
EXP-00121,asilo,si,no,no,México,Tribunal E,2906.0,no,no,2,46.6,0,1,92,103
EXP-00121,asilo,si,no,no,México,Tribunal E,2906.0,no,no,13,47.8,0,1,92,100
EXP-00121,asilo,si,no,no,México,Tribunal E,2906.0,no,no,15,40.3,0,1,92,100
EXP-00122,asilo,si,no,no,Sudamérica,Tribunal C,4101.0,no,no,33,45.1,0,2,170,171
EXP-00123,salida_voluntaria,no,no,no,México,Tribunal A,2210.0,no,no,45,39.4,0,2,66,70
EXP-00124,cancelacion,si,no,no,Sudamérica,Tribunal E,2004.0,no,si,40,137.5,0,4,291,292
EXP-00125,salida_voluntaria,no,si,no,México,Tribunal D,4432.0,no,no,26,20.2,0,2,124,126
EXP-00126,ajuste_estatus,si,no,si,Caribe,Tribunal B,2338.0,no,si,20,33.2,0,0,96,96
EXP-00127,ajuste_estatus,si,no,no,Centroamérica,Tribunal A,1686.0,no,no,23,137.0,1,0,139,139
EXP-00127,ajuste_estatus,si,no,no,Centroamérica,Tribunal A,1686.0,no,no,16,136.4,0,0,139,142
EXP-00128,reinstalacion,no,si,no,México,Tribunal B,3691.0,no,no,42,142.5,0,0,36,43
EXP-00129,asilo,no,si,no,Centroamérica,Tribunal C,3529.0,no,no,29,72.2,0,9,473,475
EXP-00130,reinstalacion,si,no,no,Centroamérica,Tribunal A,2665.0,no,no,36,48.8,0,1,3,16
EXP-00131,asilo,si,si,si,Asia,Tribunal B,2444.0,no,no,38,40.4,2,2,138,140
EXP-00131,asilo,si,si,si,Asia,Tribunal B,2444.0,no,no,32,27.0,0,2,138,141
EXP-00131,asilo,si,si,si,Asia,Tribunal B,2444.0,no,no,15,34.8,0,2,138,143
EXP-00132,salida_voluntaria,si,si,si,Asia,Tribunal C,3767.0,no,no,22,62.2,0,1,51,54
EXP-00133,ajuste_estatus,no,no,no,Caribe,Tribunal C,4771.0,no,no,43,74.2,0,6,508,520
EXP-00134,ajuste_estatus,si,no,no,México,Tribunal B,3023.0,no,si,45,18.7,0,1,85,96
EXP-00135,reinstalacion,si,si,no,Caribe,Tribunal E,2241.0,no,no,41,60.1,0,2,17,29
EXP-00136,reinstalacion,si,no,no,México,Tribunal E,2938.0,no,no,32,31.2,0,0,40,44
EXP-00137,asilo,si,no,no,Centroamérica,Tribunal C,3157.0,no,si,25,30.0,2,2,156,159
EXP-00137,asilo,si,no,no,Centroamérica,Tribunal C,3157.0,no,si,9,23.1,0,2,156,160
EXP-00137,asilo,si,no,no,Centroamérica,Tribunal C,3157.0,no,si,13,22.2,0,2,156,159
EXP-00138,miedo_creible,si,no,no,Sudamérica,Tribunal C,3864.0,si,no,30,,0,1,31,32
EXP-00139,asilo,no,si,si,África,Tribunal D,4934.0,si,no,30,77.8,0,8,775,776
EXP-00140,reinstalacion,si,si,si,Caribe,Tribunal B,3780.0,no,no,19,42.2,0,2,45,53
EXP-00141,salida_voluntaria,no,no,no,Europa,Tribunal E,1816.0,no,no,40,34.9,0,0,40,52
EXP-00142,asilo,si,si,no,Centroamérica,Tribunal A,2061.0,no,no,18,42.5,3,1,148,161
EXP-00142,asilo,si,si,no,Centroamérica,Tribunal A,2061.0,no,no,16,40.9,0,1,148,164
EXP-00142,asilo,si,si,no,Centroamérica,Tribunal A,2061.0,no,no,14,34.7,0,1,148,161
EXP-00142,asilo,si,si,no,Centroamérica,Tribunal A,2061.0,no,no,4,38.1,0,1,148,163
EXP-00143,reinstalacion,si,si,no,Caribe,Tribunal D,3945.0,no,no,34,40.6,0,0,50,56
EXP-00144,reinstalacion,si,no,no,Centroamérica,Tribunal B,3504.0,no,no,39,30.6,0,0,25,31
EXP-00145,salida_voluntaria,si,si,no,México,Tribunal F,5011.0,si,si,38,57.2,0,1,142,148
EXP-00146,miedo_creible,si,si,no,México,Tribunal A,1851.0,no,no,35,65.1,0,0,10,23
EXP-00147,ajuste_estatus,si,no,si,Asia,Tribunal A,2321.0,no,si,43,126.3,1,1,252,261
EXP-00147,ajuste_estatus,si,no,si,Asia,Tribunal A,2321.0,no,si,42,,0,1,252,264
EXP-00148,asilo,si,no,no,Sudamérica,Tribunal A,2629.0,si,no,21,5.3,1,0,69,71
EXP-00148,asilo,si,no,no,Sudamérica,Tribunal A,,no,no,3,6.5,0,0,69,74
EXP-00149,reinstalacion,si,no,,Caribe,Tribunal A,2830.0,si,no,30,69.4,0,0,12,22
EXP-00150,asilo,si,si,si,Europa,Tribunal A,2416.0,si,si,45,112.4,0,8,287,289
EXP-00151,asilo,no,no,no,Centroamérica,Tribunal A,2725.0,no,no,24,19.1,0,2,209,218
EXP-00152,miedo_creible,si,no,si,Caribe,Tribunal A,2702.0,no,no,37,34.1,0,1,26,38
EXP-00153,miedo_creible,si,no,no,Caribe,Tribunal C,3937.0,no,no,30,19.3,0,1,2,12
EXP-00154,salida_voluntaria,no,no,no,Sudamérica,Tribunal B,2925.0,no,no,29,29.2,0,0,59,68
EXP-00155,cancelacion,si,no,,Sudamérica,Tribunal C,4876.0,no,no,37,149.4,0,3,272,279
EXP-00156,asilo,si,si,si,África,Tribunal F,5253.0,no,no,24,32.2,0,8,289,303
EXP-00157,ajuste_estatus,no,no,no,Centroamérica,Tribunal A,2761.0,no,no,29,89.8,0,3,265,265
EXP-00158,reinstalacion,si,no,si,Sudamérica,Tribunal B,2793.0,si,no,26,34.3,0,0,29,35
EXP-00159,miedo_creible,si,no,no,Centroamérica,Tribunal D,5335.0,si,no,23,60.2,0,1,34,36
EXP-00160,reinstalacion,si,si,no,México,Tribunal B,2677.0,no,no,39,112.4,0,1,29,41
EXP-00161,ajuste_estatus,no,si,no,Centroamérica,Tribunal C,3768.0,no,no,37,135.8,0,6,613,615
EXP-00162,salida_voluntaria,si,si,si,Centroamérica,Tribunal C,3986.0,no,no,25,11.6,3,2,98,100
EXP-00162,salida_voluntaria,si,si,si,Centroamérica,Tribunal C,3986.0,no,no,11,4.3,0,2,98,101
EXP-00162,salida_voluntaria,si,si,si,Centroamérica,Tribunal C,3986.0,no,no,16,5.6,0,2,98,103
EXP-00162,salida_voluntaria,si,si,si,Centroamérica,Tribunal C,3986.0,no,no,11,3.7,0,2,98,100
EXP-00163,reinstalacion,si,no,no,Centroamérica,Tribunal A,2722.0,si,no,55,62.5,0,0,21,23
EXP-00164,reinstalacion,si,no,no,Centroamérica,Tribunal A,2321.0,no,no,39,48.5,0,0,22,28
EXP-00165,salida_voluntaria,si,no,no,México,Tribunal F,5511.0,no,no,18,97.5,0,0,57,57
EXP-00166,ajuste_estatus,si,no,no,Centroamérica,Tribunal D,4924.0,no,no,33,16.0,0,2,263,270
EXP-00167,miedo_creible,si,no,no,Centroamérica,Tribunal C,4805.0,no,no,33,46.8,0,0,12,24
EXP-00168,miedo_creible,si,si,no,Centroamérica,Tribunal B,3446.0,no,no,23,84.3,0,1,20,27
EXP-00169,asilo,no,si,no,Centroamérica,Tribunal B,2568.0,no,no,23,66.7,3,1,308,314
EXP-00169,asilo,no,si,no,Centroamérica,Tribunal B,2568.0,no,no,21,61.2,0,1,308,315
EXP-00169,asilo,no,si,no,Centroamérica,Tribunal B,2568.0,no,no,4,57.5,0,1,308,315
EXP-00169,asilo,no,si,no,Centroamérica,Tribunal B,2568.0,no,no,6,66.2,0,1,308,314
EXP-00170,asilo,si,si,no,México,Tribunal D,3451.0,si,si,40,21.2,0,5,232,244
EXP-00171,ajuste_estatus,si,no,si,Sudamérica,Tribunal D,4468.0,no,si,29,64.5,3,9,492,500
EXP-00171,ajuste_estatus,si,no,si,Sudamérica,Tribunal D,4468.0,no,si,36,63.9,0,9,492,500
EXP-00171,ajuste_estatus,si,no,,Sudamérica,Tribunal D,4468.0,no,si,12,53.1,0,9,492,503
EXP-00171,ajuste_estatus,si,no,si,Sudamérica,Tribunal D,4468.0,no,si,2,62.9,0,9,492,500
EXP-00172,ajuste_estatus,no,no,no,Sudamérica,Tribunal A,2584.0,no,no,28,104.7,0,1,197,207
EXP-00173,asilo,no,si,no,Centroamérica,Tribunal C,3880.0,no,no,32,36.4,0,8,359,373
EXP-00174,reinstalacion,si,no,no,México,Tribunal B,3085.0,no,no,25,20.6,0,0,15,19
EXP-00175,asilo,si,no,si,Caribe,Tribunal F,4975.0,no,no,22,38.6,0,4,250,257
EXP-00176,salida_voluntaria,no,no,no,Caribe,Tribunal F,5952.0,no,no,27,68.6,0,2,178,184
EXP-00177,asilo,si,no,no,Caribe,Tribunal B,3369.0,no,si,31,105.6,1,7,176,177
EXP-00177,asilo,si,no,no,Caribe,Tribunal B,3369.0,no,si,45,101.6,0,7,176,179
EXP-00178,asilo,si,si,si,México,Tribunal B,4073.0,no,si,35,122.7,2,7,405,414
EXP-00178,asilo,si,si,si,México,Tribunal B,4073.0,no,si,8,108.3,0,7,405,415
EXP-00178,asilo,si,si,si,México,Tribunal B,4073.0,no,si,14,111.9,0,7,405,415
EXP-00179,ajuste_estatus,no,si,no,México,Tribunal B,2975.0,no,no,33,82.6,0,9,435,440
EXP-00180,asilo,si,no,no,Centroamérica,Tribunal D,5142.0,no,si,40,117.2,1,3,321,324
EXP-00180,asilo,si,no,no,Centroamérica,Tribunal D,5142.0,no,si,1,113.0,0,3,321,325
EXP-00181,reinstalacion,si,si,no,México,Tribunal A,2004.0,no,no,34,25.4,0,1,44,45
EXP-00182,asilo,no,si,no,Europa,Tribunal C,3680.0,no,no,40,33.6,0,11,749,753
EXP-00183,asilo,si,si,no,Caribe,Tribunal C,4422.0,no,si,38,42.5,2,3,350,350
EXP-00183,asilo,si,si,no,Caribe,Tribunal C,4422.0,no,si,11,41.0,0,3,350,353
EXP-00183,asilo,si,si,no,Caribe,Tribunal C,4422.0,no,si,4,30.8,0,3,350,350
EXP-00184,miedo_creible,si,no,si,Asia,Tribunal D,3939.0,no,no,35,10.4,0,1,26,39
EXP-00185,miedo_creible,si,no,no,Sudamérica,Tribunal A,2632.0,no,no,30,30.3,0,0,11,19
EXP-00186,ajuste_estatus,si,no,no,Centroamérica,Tribunal A,,si,si,36,34.0,1,5,90,103
EXP-00186,ajuste_estatus,si,no,no,Centroamérica,Tribunal A,2481.0,no,si,24,24.9,0,5,90,106
EXP-00187,asilo,no,si,no,México,Tribunal E,1909.0,no,no,33,41.4,3,3,207,214
EXP-00187,asilo,no,si,no,México,Tribunal E,1909.0,no,no,12,37.4,0,3,207,214
EXP-00187,asilo,no,si,no,México,Tribunal E,1909.0,no,no,14,33.6,0,3,207,214
EXP-00187,asilo,no,si,no,México,Tribunal E,1909.0,no,no,2,31.1,0,3,207,214
EXP-00188,asilo,si,no,si,África,Tribunal B,3420.0,no,si,21,34.9,3,2,238,241
EXP-00188,asilo,si,no,si,África,Tribunal B,3420.0,no,si,30,29.6,0,2,238,241
EXP-00188,asilo,si,no,si,África,Tribunal B,3420.0,no,si,11,26.1,0,2,238,243
EXP-00188,asilo,si,no,si,África,Tribunal B,3420.0,no,si,16,22.2,0,2,238,242
EXP-00189,cancelacion,no,no,si,Caribe,Tribunal E,1845.0,no,no,28,284.4,0,6,472,482
EXP-00190,reinstalacion,si,si,no,México,Tribunal D,4746.0,no,no,43,39.6,0,3,52,64
EXP-00191,asilo,no,no,no,México,Tribunal B,2980.0,no,no,24,59.2,1,1,210,212
EXP-00191,asilo,no,no,,México,Tribunal B,2980.0,no,no,7,57.7,0,1,210,214
EXP-00192,miedo_creible,si,si,no,México,Tribunal B,2976.0,no,no,18,23.6,0,0,8,17
EXP-00193,salida_voluntaria,si,no,no,México,Tribunal B,2595.0,no,si,22,80.3,0,0,48,58
EXP-00194,reinstalacion,si,si,no,México,Tribunal B,3052.0,no,no,27,5.8,0,0,22,27
EXP-00195,ajuste_estatus,no,si,no,México,Tribunal F,5101.0,no,no,32,83.8,0,17,991,1001
EXP-00196,asilo,si,no,no,Centroamérica,Tribunal A,3302.0,no,si,38,38.6,0,3,176,182
EXP-00197,ajuste_estatus,si,no,no,México,Tribunal A,2457.0,no,si,47,18.6,0,1,64,71
EXP-00198,cancelacion,si,si,no,Centroamérica,Tribunal D,3558.0,si,no,36,301.2,0,9,501,501
EXP-00199,asilo,si,no,si,Sudamérica,Tribunal B,2980.0,no,si,31,11.4,0,1,166,171
EXP-00200,reinstalacion,si,si,si,Sudamérica,Tribunal A,1984.0,no,no,18,24.0,4,0,39,51
EXP-00200,reinstalacion,si,si,si,Sudamérica,Tribunal A,1984.0,no,no,6,19.1,0,0,39,53
EXP-00200,reinstalacion,si,si,si,Sudamérica,Tribunal A,1984.0,no,no,6,22.3,0,0,39,53
EXP-00200,reinstalacion,si,si,si,Sudamérica,Tribunal A,1984.0,no,no,12,20.2,0,0,39,54
EXP-00200,reinstalacion,si,si,si,Sudamérica,Tribunal A,1984.0,no,no,14,21.6,0,0,39,52
EXP-00201,asilo,si,si,no,Centroamérica,Tribunal C,4100.0,si,no,21,42.0,0,3,343,351
EXP-00202,asilo,no,si,si,Caribe,Tribunal F,5063.0,no,no,42,66.8,0,11,872,879
EXP-00203,reinstalacion,si,si,,Caribe,Tribunal A,2258.0,no,no,26,24.0,0,2,31,36
EXP-00204,asilo,si,no,si,Caribe,Tribunal F,5333.0,no,no,27,14.0,0,2,288,300
EXP-00205,asilo,si,no,no,Centroamérica,Tribunal B,3471.0,no,no,33,16.8,0,2,177,183
EXP-00206,cancelacion,no,si,no,México,Tribunal C,3915.0,no,no,39,145.5,1,30,1400,1404
EXP-00206,cancelacion,no,si,,México,Tribunal C,3915.0,no,no,31,142.9,0,30,1400,1405
EXP-00207,ajuste_estatus,no,no,no,México,Tribunal E,1992.0,no,no,30,17.4,0,6,243,248
EXP-00208,miedo_creible,si,no,no,Sudamérica,Tribunal E,1956.0,si,no,36,,0,0,19,19
EXP-00209,asilo,si,no,si,Asia,Tribunal A,2501.0,no,si,26,28.8,0,4,121,131
EXP-00210,miedo_creible,si,no,no,Europa,Tribunal D,5424.0,no,no,18,36.8,0,0,10,21
EXP-00211,ajuste_estatus,si,si,si,África,Tribunal B,3774.0,no,si,35,39.8,1,1,221,229
EXP-00211,ajuste_estatus,si,si,si,África,Tribunal B,3774.0,no,si,8,36.0,0,1,221,230
EXP-00212,ajuste_estatus,no,si,si,México,Tribunal A,2463.0,no,no,21,25.6,0,3,218,219
EXP-00213,salida_voluntaria,no,si,no,Sudamérica,Tribunal D,5039.0,no,no,34,15.8,0,3,185,199
EXP-00214,miedo_creible,si,no,no,Centroamérica,Tribunal A,1995.0,no,no,30,69.7,0,0,7,9
EXP-00215,asilo,no,no,si,Caribe,Tribunal E,2351.0,si,no,52,54.0,2,1,228,242
EXP-00215,asilo,no,no,si,Caribe,Tribunal E,2351.0,no,no,33,43.1,0,1,228,243
EXP-00215,asilo,no,no,si,Caribe,Tribunal E,2351.0,no,no,16,42.1,0,1,228,242
EXP-00216,asilo,no,si,no,Sudamérica,Tribunal A,2743.0,no,no,38,83.5,1,3,175,178
EXP-00216,asilo,no,si,no,Sudamérica,Tribunal A,2743.0,no,no,30,75.0,0,3,175,178
EXP-00217,ajuste_estatus,no,no,si,Caribe,Tribunal B,3444.0,no,no,24,47.3,0,2,201,201
EXP-00218,asilo,si,si,si,Centroamérica,Tribunal F,5214.0,no,no,44,18.0,0,7,282,293
EXP-00219,asilo,si,no,no,Centroamérica,Tribunal E,1794.0,no,no,34,111.2,0,0,81,91
EXP-00220,asilo,si,no,si,México,Tribunal A,2169.0,no,si,27,19.3,0,1,61,67
EXP-00221,asilo,si,no,no,México,Tribunal A,2482.0,no,si,40,43.6,2,0,197,205
EXP-00221,asilo,si,no,no,México,Tribunal A,2482.0,no,si,30,34.5,0,0,197,206
EXP-00221,asilo,si,no,no,México,Tribunal A,2482.0,no,si,13,40.6,0,0,197,205
EXP-00222,asilo,si,si,si,Centroamérica,Tribunal D,4156.0,no,si,32,65.0,0,14,802,810
EXP-00223,salida_voluntaria,si,no,no,Centroamérica,Tribunal B,2815.0,no,si,41,74.9,0,2,41,43
EXP-00224,ajuste_estatus,no,no,no,México,Tribunal C,,no,no,34,69.3,0,3,240,243
EXP-00225,ajuste_estatus,si,no,si,Centroamérica,Tribunal D,3889.0,no,no,48,2.8,0,4,219,233
EXP-00226,asilo,no,no,si,Caribe,Tribunal A,3176.0,no,no,21,88.1,0,2,197,207
EXP-00227,asilo,si,no,,Centroamérica,Tribunal B,3843.0,no,si,42,26.3,0,2,211,217
EXP-00228,asilo,si,no,no,Caribe,Tribunal E,1528.0,no,no,38,121.7,0,2,67,68
EXP-00229,ajuste_estatus,si,no,si,Europa,Tribunal C,3809.0,si,no,36,23.5,1,3,183,188
EXP-00229,ajuste_estatus,si,no,si,Europa,Tribunal C,3809.0,no,no,1,8.8,0,3,183,189
EXP-00230,asilo,si,no,no,Centroamérica,Tribunal D,4032.0,si,si,24,49.3,0,0,185,197
EXP-00231,asilo,si,no,no,Caribe,Tribunal E,2962.0,no,si,24,91.1,1,2,139,146
EXP-00231,asilo,si,no,,Caribe,Tribunal E,2962.0,no,si,8,82.0,0,2,139,148
EXP-00232,asilo,si,si,no,Europa,Tribunal D,3946.0,no,si,38,31.0,0,4,330,334
EXP-00233,reinstalacion,si,no,si,Asia,Tribunal A,2685.0,no,no,47,13.4,0,0,61,64
EXP-00234,ajuste_estatus,no,si,no,Centroamérica,Tribunal C,3365.0,no,no,24,20.4,2,5,353,359
EXP-00234,ajuste_estatus,no,si,no,Centroamérica,Tribunal C,3365.0,no,no,3,18.6,0,5,353,360
EXP-00234,ajuste_estatus,no,si,no,Centroamérica,Tribunal C,,no,no,10,14.7,0,5,353,361
EXP-00235,reinstalacion,si,si,no,Centroamérica,Tribunal E,817.0,si,no,33,39.0,0,3,26,38
EXP-00236,asilo,no,si,si,África,Tribunal D,4980.0,no,no,38,23.1,0,13,968,971
EXP-00237,ajuste_estatus,si,si,no,México,Tribunal A,2576.0,no,si,20,92.1,0,2,151,153
EXP-00238,ajuste_estatus,si,si,no,Centroamérica,Tribunal C,3302.0,no,no,26,35.5,0,1,159,165
EXP-00239,miedo_creible,si,no,no,Centroamérica,Tribunal B,2730.0,no,no,38,5.5,0,0,10,21
EXP-00240,reinstalacion,si,no,no,México,Tribunal F,4998.0,no,no,22,44.8,0,0,27,38
EXP-00241,ajuste_estatus,si,no,no,Centroamérica,Tribunal D,4354.0,no,no,33,28.0,1,0,205,206
EXP-00241,ajuste_estatus,si,no,no,Centroamérica,Tribunal D,4354.0,no,no,4,23.1,0,0,205,206
EXP-00242,reinstalacion,si,no,no,México,Tribunal E,2112.0,no,no,29,56.1,0,0,20,23
EXP-00243,salida_voluntaria,si,no,no,México,Tribunal A,2790.0,no,no,34,115.3,0,0,13,23
EXP-00244,reinstalacion,si,si,si,México,Tribunal B,2792.0,si,no,33,28.0,0,1,62,62
EXP-00245,miedo_creible,si,no,no,Centroamérica,Tribunal D,4278.0,no,no,33,234.9,0,0,19,23
EXP-00246,asilo,si,si,no,Centroamérica,Tribunal B,3584.0,no,si,41,6.4,0,2,165,178
EXP-00247,salida_voluntaria,no,si,si,África,Tribunal E,2093.0,no,no,30,8.8,1,0,60,68
EXP-00247,salida_voluntaria,no,si,si,África,Tribunal E,2093.0,no,no,39,5.3,0,0,60,71
EXP-00248,miedo_creible,si,si,si,África,Tribunal D,4357.0,no,no,31,12.5,0,3,79,81
EXP-00249,asilo,no,si,si,África,Tribunal C,3626.0,no,no,44,31.4,0,6,471,474
EXP-00250,asilo,si,no,si,Caribe,Tribunal C,3073.0,no,si,34,33.3,2,1,86,94
EXP-00250,asilo,si,no,si,Caribe,Tribunal C,3073.0,no,si,10,,0,1,86,94
EXP-00250,asilo,si,no,si,Caribe,Tribunal C,3073.0,no,si,6,28.5,0,1,86,94
EXP-00251,miedo_creible,si,no,no,Centroamérica,Tribunal A,3145.0,no,no,36,25.2,0,1,2,11
EXP-00252,miedo_creible,si,no,no,Centroamérica,Tribunal C,3260.0,no,no,35,17.8,0,0,17,21
EXP-00253,salida_voluntaria,no,no,no,Sudamérica,Tribunal D,4931.0,no,no,30,28.5,0,1,90,90
EXP-00254,asilo,no,no,no,Sudamérica,Tribunal B,3553.0,no,no,24,34.1,0,0,260,264
EXP-00255,cancelacion,no,no,no,México,Tribunal C,4173.0,no,no,22,129.4,0,5,420,433
EXP-00256,asilo,si,si,si,Caribe,Tribunal B,2859.0,no,si,30,22.5,0,5,339,345
EXP-00257,asilo,si,no,no,Centroamérica,Tribunal C,3508.0,si,no,18,56.3,2,2,150,150
EXP-00257,asilo,si,no,no,Centroamérica,Tribunal C,3508.0,no,no,26,46.1,0,2,150,153
EXP-00257,asilo,si,no,no,Centroamérica,Tribunal C,3508.0,no,no,15,44.4,0,2,150,152
EXP-00258,asilo,no,si,si,África,Tribunal C,3924.0,no,no,24,82.8,2,14,822,827
EXP-00258,asilo,no,si,si,África,Tribunal C,3924.0,no,no,27,81.3,0,14,822,830
EXP-00258,asilo,no,si,si,África,Tribunal C,3924.0,no,no,7,74.5,0,14,822,829
EXP-00259,miedo_creible,si,si,no,Centroamérica,Tribunal B,3336.0,no,no,27,23.5,0,1,6,13
EXP-00260,ajuste_estatus,si,no,no,África,Tribunal C,3723.0,no,no,42,101.6,1,1,87,87
EXP-00260,ajuste_estatus,si,no,no,África,Tribunal C,3723.0,no,no,9,96.3,0,1,87,89
EXP-00261,salida_voluntaria,no,no,no,Centroamérica,Tribunal F,5607.0,no,no,40,13.6,1,1,164,175
EXP-00261,salida_voluntaria,no,no,no,Centroamérica,Tribunal F,5607.0,no,no,3,9.0,0,1,164,178
EXP-00262,miedo_creible,si,si,no,Sudamérica,Tribunal B,2246.0,no,no,48,51.7,0,1,19,26
EXP-00263,miedo_creible,si,no,si,Centroamérica,Tribunal D,4301.0,si,no,49,72.4,0,0,37,50
EXP-00264,reinstalacion,si,si,no,México,Tribunal B,2805.0,si,no,23,52.4,0,0,31,34
EXP-00265,asilo,no,si,si,Caribe,Tribunal F,5561.0,no,no,28,83.1,0,9,728,742
EXP-00266,miedo_creible,si,no,no,Centroamérica,Tribunal A,1985.0,no,no,25,76.4,0,0,8,14
EXP-00267,asilo,no,si,no,África,Tribunal B,2613.0,no,no,45,32.2,2,8,328,342
EXP-00267,asilo,no,si,no,África,Tribunal B,2613.0,no,no,24,24.5,0,8,328,342
EXP-00267,asilo,no,si,,África,Tribunal B,2613.0,no,no,12,26.4,0,8,328,343
EXP-00268,ajuste_estatus,si,si,si,África,Tribunal D,4100.0,no,no,30,46.9,0,4,249,254
EXP-00269,salida_voluntaria,si,si,no,Centroamérica,Tribunal B,3101.0,no,si,18,76.9,0,1,48,54
EXP-00270,asilo,no,no,no,Caribe,Tribunal B,2879.0,no,no,43,35.7,0,2,362,372
EXP-00271,asilo,no,no,no,Centroamérica,Tribunal F,6120.0,no,no,60,55.0,2,9,656,666
EXP-00271,asilo,no,no,no,Centroamérica,Tribunal F,6120.0,no,no,22,49.8,0,9,656,668
EXP-00271,asilo,no,no,no,Centroamérica,Tribunal F,6120.0,no,no,12,50.3,0,9,656,668
EXP-00272,reinstalacion,si,si,si,Centroamérica,Tribunal D,4639.0,no,no,24,77.7,0,1,48,60
EXP-00273,miedo_creible,si,si,no,Centroamérica,Tribunal D,3713.0,no,no,22,,0,0,35,36
EXP-00274,miedo_creible,si,no,no,Sudamérica,Tribunal C,3781.0,no,no,39,77.9,0,0,4,15
EXP-00275,asilo,si,no,si,Centroamérica,Tribunal B,3188.0,no,si,23,57.0,2,4,196,207
EXP-00275,asilo,si,no,si,Centroamérica,Tribunal B,3188.0,no,si,46,54.9,0,4,196,209
EXP-00275,asilo,si,no,si,Centroamérica,Tribunal B,3188.0,no,si,16,50.6,0,4,196,210
EXP-00276,asilo,si,si,no,Centroamérica,Tribunal D,4485.0,si,no,43,66.6,0,2,332,341
EXP-00277,ajuste_estatus,si,si,no,Centroamérica,Tribunal A,2407.0,no,no,33,69.2,2,2,100,114
EXP-00277,ajuste_estatus,si,si,no,Centroamérica,Tribunal A,2407.0,no,no,8,62.2,0,2,100,117
EXP-00277,ajuste_estatus,si,si,no,Centroamérica,Tribunal A,2407.0,no,no,15,61.5,0,2,100,117
EXP-00278,miedo_creible,si,no,no,Centroamérica,Tribunal B,3087.0,si,no,44,29.7,0,0,12,13
EXP-00279,asilo,si,si,si,Europa,Tribunal A,2879.0,no,si,41,16.1,0,6,250,257
EXP-00280,asilo,si,si,,Centroamérica,Tribunal F,,no,no,24,77.2,0,4,267,275
EXP-00281,ajuste_estatus,si,no,si,Asia,Tribunal B,,si,no,41,7.2,0,2,145,149
EXP-00282,cancelacion,no,no,no,África,Tribunal D,4657.0,no,no,29,132.1,0,12,1186,1190
EXP-00283,asilo,si,si,no,Sudamérica,Tribunal F,5026.0,no,si,37,74.8,0,3,275,283
EXP-00284,asilo,si,no,no,Sudamérica,Tribunal A,2507.0,no,no,37,94.9,0,1,127,136
EXP-00285,reinstalacion,si,si,no,México,Tribunal A,2792.0,no,no,27,14.9,0,0,14,18
EXP-00286,reinstalacion,si,no,si,África,Tribunal B,2566.0,si,no,36,96.6,0,0,43,43
EXP-00287,asilo,si,no,si,Asia,Tribunal D,3858.0,no,si,36,13.2,1,5,597,600
EXP-00287,asilo,si,no,si,Asia,Tribunal D,3858.0,no,si,31,7.9,0,5,597,600
EXP-00288,ajuste_estatus,si,no,no,México,Tribunal E,2288.0,si,no,41,164.5,0,1,123,124
EXP-00289,reinstalacion,si,no,no,México,Tribunal F,5271.0,si,no,34,22.3,0,2,43,57
EXP-00290,miedo_creible,no,no,no,Centroamérica,Tribunal E,2160.0,no,no,39,23.4,0,1,25,29
EXP-00291,salida_voluntaria,no,no,si,Asia,Tribunal F,5285.0,no,no,34,85.1,0,0,73,83
EXP-00292,asilo,no,no,no,México,Tribunal B,3718.0,no,no,23,0.3,0,6,383,384
EXP-00293,asilo,no,si,si,África,Tribunal E,2203.0,no,no,28,9.0,0,10,429,434
EXP-00294,reinstalacion,si,no,no,Sudamérica,Tribunal D,3953.0,no,no,22,73.6,0,0,43,54
EXP-00295,cancelacion,no,si,no,México,Tribunal E,2075.0,no,no,40,147.7,0,9,666,675
EXP-00296,asilo,no,no,si,África,Tribunal F,4992.0,no,no,18,96.3,2,8,794,798
EXP-00296,asilo,no,no,si,África,Tribunal F,4992.0,no,no,4,92.9,0,8,794,798
EXP-00296,asilo,no,no,si,África,Tribunal F,4992.0,no,no,9,99.2,0,8,794,799
EXP-00297,miedo_creible,si,si,no,Centroamérica,Tribunal A,2991.0,no,no,33,7.6,0,0,6,13
EXP-00298,miedo_creible,si,si,no,Europa,Tribunal C,3532.0,no,no,30,62.5,0,1,22,24
EXP-00299,miedo_creible,si,si,no,Sudamérica,Tribunal B,2930.0,no,no,46,,1,0,3,13
EXP-00299,miedo_creible,si,si,no,Sudamérica,Tribunal B,2930.0,no,no,24,38.4,0,0,3,13
EXP-00300,reinstalacion,si,si,si,Caribe,Tribunal E,1851.0,no,no,27,31.3,0,1,20,31
EXP-00301,asilo,si,no,no,Centroamérica,Tribunal A,2479.0,si,si,29,13.6,0,2,153,155
EXP-00302,cancelacion,no,no,no,Centroamérica,Tribunal D,4321.0,si,no,25,270.4,4,11,1324,1329
EXP-00302,cancelacion,no,no,no,Centroamérica,Tribunal D,4321.0,no,no,33,261.1,0,11,1324,1330
EXP-00302,cancelacion,no,no,no,Centroamérica,Tribunal D,4321.0,no,no,10,263.0,0,11,1324,1330
EXP-00302,cancelacion,no,no,no,Centroamérica,Tribunal D,4321.0,no,no,11,270.5,0,11,1324,1330
EXP-00302,cancelacion,no,no,no,Centroamérica,Tribunal D,4321.0,no,no,7,259.6,0,11,1324,1330
EXP-00303,reinstalacion,si,no,no,México,Tribunal A,2133.0,no,no,28,,0,0,22,24
EXP-00304,miedo_creible,si,si,si,Caribe,Tribunal E,1909.0,si,no,30,60.6,1,1,52,59
EXP-00304,miedo_creible,si,si,si,Caribe,Tribunal E,1909.0,no,no,32,57.7,0,1,52,61
EXP-00305,cancelacion,no,no,no,Centroamérica,Tribunal B,3953.0,no,no,46,,0,5,679,692
EXP-00306,reinstalacion,si,si,no,México,Tribunal B,3341.0,no,no,46,95.7,0,0,26,39
EXP-00307,ajuste_estatus,si,si,no,México,Tribunal A,2591.0,no,si,33,19.9,0,1,92,98
EXP-00308,reinstalacion,si,no,si,Centroamérica,Tribunal A,4044.0,si,no,32,84.9,0,0,35,35
EXP-00309,ajuste_estatus,si,no,no,Centroamérica,Tribunal E,2254.0,si,si,42,129.6,3,2,164,173
EXP-00309,ajuste_estatus,si,no,no,Centroamérica,Tribunal E,2254.0,no,si,9,121.4,0,2,164,174
EXP-00309,ajuste_estatus,si,no,no,Centroamérica,Tribunal E,2254.0,no,si,3,128.8,0,2,164,174
EXP-00309,ajuste_estatus,si,no,no,Centroamérica,Tribunal E,2254.0,no,si,4,126.7,0,2,164,174
EXP-00310,asilo,no,si,no,Centroamérica,Tribunal C,4215.0,no,no,30,2.7,0,5,477,487
EXP-00311,salida_voluntaria,si,no,si,Asia,Tribunal D,4421.0,no,si,40,79.1,3,1,63,72
EXP-00311,salida_voluntaria,si,no,si,Asia,Tribunal D,4421.0,no,si,18,73.9,0,1,63,75
EXP-00311,salida_voluntaria,si,no,si,Asia,Tribunal D,4421.0,no,si,6,71.0,0,1,63,74
EXP-00311,salida_voluntaria,si,no,si,Asia,Tribunal D,4421.0,no,si,16,74.3,0,1,63,74
EXP-00312,cancelacion,si,no,no,México,Tribunal B,3541.0,no,si,38,163.1,1,3,258,263
EXP-00312,cancelacion,si,no,no,México,Tribunal B,3541.0,no,si,2,154.7,0,3,258,264
EXP-00313,asilo,si,si,no,Centroamérica,Tribunal B,2966.0,no,si,36,204.8,2,3,180,184
EXP-00313,asilo,si,si,no,Centroamérica,Tribunal B,2966.0,no,si,3,198.1,0,3,180,185
EXP-00313,asilo,si,si,no,Centroamérica,Tribunal B,2966.0,no,si,8,200.8,0,3,180,185
EXP-00314,salida_voluntaria,no,si,no,Centroamérica,Tribunal C,3317.0,no,no,27,19.1,0,4,134,142
EXP-00315,asilo,si,no,si,Centroamérica,Tribunal A,2738.0,no,si,24,109.1,3,0,118,132
EXP-00315,asilo,si,no,si,Centroamérica,Tribunal A,2738.0,no,si,8,109.0,0,0,118,133
EXP-00315,asilo,si,no,si,Centroamérica,Tribunal A,2738.0,no,si,12,104.2,0,0,118,133
EXP-00315,asilo,si,no,si,Centroamérica,Tribunal A,2738.0,no,si,14,108.8,0,0,118,132
EXP-00316,miedo_creible,si,no,si,Centroamérica,Tribunal A,3179.0,no,no,18,205.9,0,0,22,34
EXP-00317,ajuste_estatus,si,no,no,México,Tribunal F,4273.0,no,si,46,152.0,0,1,223,224
EXP-00318,miedo_creible,si,no,no,Sudamérica,Tribunal A,2846.0,no,no,42,13.2,0,0,2,12
EXP-00319,cancelacion,si,no,no,Centroamérica,Tribunal E,2216.0,no,no,18,173.8,0,0,101,109
EXP-00320,ajuste_estatus,no,si,si,África,Tribunal B,2995.0,no,no,18,43.8,1,9,514,524
EXP-00320,ajuste_estatus,no,si,si,África,Tribunal B,2995.0,no,no,4,34.4,0,9,514,524
EXP-00321,asilo,si,si,no,Sudamérica,Tribunal E,2607.0,no,si,25,27.1,1,5,248,261
EXP-00321,asilo,si,si,no,Sudamérica,Tribunal E,2607.0,no,si,36,25.8,0,5,248,264
EXP-00322,asilo,no,si,,Sudamérica,Tribunal D,4182.0,si,no,47,41.2,0,29,1136,1142
EXP-00323,miedo_creible,si,si,no,Caribe,Tribunal B,2757.0,no,no,31,108.6,0,0,8,17
EXP-00324,salida_voluntaria,si,no,no,México,Tribunal C,4135.0,no,si,33,44.6,2,3,87,99
EXP-00324,salida_voluntaria,si,no,no,México,Tribunal C,4135.0,no,si,4,39.0,0,3,87,100
EXP-00324,salida_voluntaria,si,no,no,México,Tribunal C,4135.0,no,si,13,43.6,0,3,87,99
EXP-00325,salida_voluntaria,no,si,no,México,Tribunal B,3907.0,no,no,18,33.6,1,2,111,115
EXP-00325,salida_voluntaria,no,si,,México,Tribunal B,3907.0,no,no,27,22.1,0,2,111,118
EXP-00326,reinstalacion,si,no,no,México,Tribunal A,3040.0,no,no,33,59.4,4,0,8,22
EXP-00326,reinstalacion,si,no,no,México,Tribunal A,3040.0,no,no,11,44.1,0,0,8,24
EXP-00326,reinstalacion,si,no,no,México,Tribunal A,3040.0,no,no,10,44.1,0,0,8,22
EXP-00326,reinstalacion,si,no,no,México,Tribunal A,3040.0,no,no,2,49.0,0,0,8,22
EXP-00326,reinstalacion,si,no,no,México,Tribunal A,3040.0,no,no,5,49.8,0,0,8,23
EXP-00327,ajuste_estatus,no,si,no,México,Tribunal F,4757.0,si,no,34,9.1,0,8,770,773
EXP-00328,salida_voluntaria,si,si,no,Sudamérica,Tribunal D,4284.0,no,si,22,161.2,0,2,78,89
EXP-00329,asilo,no,si,no,Centroamérica,Tribunal A,2574.0,no,no,34,32.8,2,5,234,247
EXP-00329,asilo,no,si,no,Centroamérica,Tribunal A,2574.0,no,no,33,22.5,0,5,234,247
EXP-00329,asilo,no,si,no,Centroamérica,Tribunal A,2574.0,no,no,11,27.5,0,5,234,247
EXP-00330,asilo,si,no,no,Centroamérica,Tribunal A,2404.0,no,no,31,15.0,1,1,75,77
EXP-00330,asilo,si,no,no,Centroamérica,Tribunal A,2404.0,no,no,18,9.8,0,1,75,78
EXP-00331,cancelacion,no,no,si,Caribe,Tribunal A,3269.0,no,no,29,195.4,0,4,354,355
EXP-00332,asilo,si,si,si,Centroamérica,Tribunal A,2615.0,no,si,28,103.7,0,4,288,293
EXP-00333,asilo,si,si,no,Centroamérica,Tribunal B,3235.0,no,si,33,57.0,0,2,228,232
EXP-00334,miedo_creible,si,si,no,Caribe,Tribunal A,2446.0,no,no,30,19.1,0,0,3,14
EXP-00335,ajuste_estatus,si,no,si,Asia,Tribunal E,3203.0,no,no,31,32.7,0,3,266,275
EXP-00336,ajuste_estatus,si,no,si,Asia,Tribunal A,2699.0,no,no,32,27.8,0,1,158,168
EXP-00337,salida_voluntaria,si,no,no,México,Tribunal B,2686.0,si,si,40,,0,1,47,49
EXP-00338,asilo,si,no,no,Sudamérica,Tribunal C,4083.0,no,si,35,170.1,0,2,172,174
EXP-00339,cancelacion,si,no,si,África,Tribunal E,1994.0,no,si,32,124.5,0,3,311,312
EXP-00340,asilo,no,si,si,Caribe,Tribunal F,,si,no,21,101.5,3,12,925,935
EXP-00340,asilo,no,si,si,Caribe,Tribunal F,5747.0,no,no,27,94.8,0,12,925,935
EXP-00340,asilo,no,si,si,Caribe,Tribunal F,5747.0,no,no,10,93.4,0,12,925,938
EXP-00340,asilo,no,si,si,Caribe,Tribunal F,5747.0,no,no,16,92.8,0,12,925,937
EXP-00341,salida_voluntaria,si,no,no,México,Tribunal C,3737.0,no,no,29,49.0,2,1,60,65
EXP-00341,salida_voluntaria,si,no,no,México,Tribunal C,3737.0,no,no,25,41.3,0,1,60,68
EXP-00341,salida_voluntaria,si,no,no,México,Tribunal C,3737.0,no,no,3,43.1,0,1,60,66
EXP-00342,salida_voluntaria,no,si,no,México,Tribunal B,2945.0,no,no,31,41.0,0,1,70,79
EXP-00343,asilo,si,no,no,Centroamérica,Tribunal F,4385.0,si,no,22,31.8,1,5,533,536
EXP-00343,asilo,si,no,no,Centroamérica,Tribunal F,4385.0,no,no,20,23.5,0,5,533,538
EXP-00344,miedo_creible,no,no,no,Centroamérica,Tribunal C,3620.0,no,no,47,44.2,0,0,42,50
EXP-00345,salida_voluntaria,si,si,si,Asia,Tribunal A,3381.0,no,no,27,85.9,0,2,154,157
EXP-00346,asilo,no,no,no,Centroamérica,Tribunal A,1740.0,no,no,18,36.8,1,2,374,377
EXP-00346,asilo,no,no,no,Centroamérica,Tribunal A,1740.0,no,no,3,27.3,0,2,374,379
EXP-00347,asilo,no,no,no,Centroamérica,Tribunal C,3348.0,no,no,29,35.6,1,10,473,487
EXP-00347,asilo,no,no,no,Centroamérica,Tribunal C,3348.0,no,no,6,26.2,0,10,473,488
EXP-00348,asilo,no,no,no,Centroamérica,Tribunal F,6043.0,no,no,31,175.3,0,13,1195,1199
EXP-00349,asilo,no,si,no,Sudamérica,Tribunal D,5091.0,no,no,31,27.1,0,7,514,522
EXP-00350,ajuste_estatus,si,si,no,México,Tribunal D,4891.0,si,no,26,7.7,3,5,373,374
EXP-00350,ajuste_estatus,si,si,no,México,Tribunal D,4891.0,no,no,1,0.0,0,5,373,375
EXP-00350,ajuste_estatus,si,si,no,México,Tribunal D,4891.0,no,no,9,0.0,0,5,373,374
EXP-00350,ajuste_estatus,si,si,no,México,Tribunal D,4891.0,no,no,14,0.0,0,5,373,376
EXP-00351,ajuste_estatus,si,no,si,África,Tribunal D,4166.0,si,si,28,11.8,4,3,237,242
EXP-00351,ajuste_estatus,si,no,si,África,Tribunal D,4166.0,no,si,18,0.0,0,3,237,245
EXP-00351,ajuste_estatus,si,no,si,África,Tribunal D,4166.0,no,si,6,4.7,0,3,237,244
EXP-00351,ajuste_estatus,si,no,si,África,Tribunal D,4166.0,no,si,2,4.2,0,3,237,243
EXP-00351,ajuste_estatus,si,no,si,África,Tribunal D,4166.0,no,si,10,7.5,0,3,237,244
EXP-00352,miedo_creible,si,no,si,Asia,Tribunal A,2634.0,no,no,36,14.6,0,0,13,22
EXP-00353,cancelacion,no,si,si,Europa,Tribunal B,3200.0,no,no,21,122.7,0,4,380,381
EXP-00354,asilo,no,si,si,Caribe,Tribunal D,3858.0,no,no,25,37.0,0,10,366,370
EXP-00355,asilo,si,no,no,México,Tribunal C,4271.0,no,si,24,21.8,0,0,145,156
EXP-00356,salida_voluntaria,no,si,no,México,Tribunal B,3159.0,no,no,32,58.4,1,1,50,54
EXP-00356,salida_voluntaria,no,si,no,México,Tribunal B,3159.0,no,no,36,44.1,0,1,50,57
EXP-00357,asilo,si,no,no,México,Tribunal E,1140.0,no,si,43,,1,2,116,120
EXP-00357,asilo,si,no,no,México,Tribunal E,1140.0,no,si,38,97.5,0,2,116,121
EXP-00358,asilo,no,no,si,Sudamérica,Tribunal C,3250.0,no,no,31,81.7,0,6,359,369
EXP-00359,miedo_creible,no,no,no,Sudamérica,Tribunal D,4058.0,no,no,18,15.5,0,0,16,30
EXP-00360,asilo,no,no,si,Sudamérica,Tribunal C,4347.0,no,no,28,58.8,1,3,552,555
EXP-00360,asilo,no,no,si,Sudamérica,Tribunal C,4347.0,no,no,6,51.6,0,3,552,557
EXP-00361,miedo_creible,si,no,si,Caribe,Tribunal D,3431.0,si,no,39,14.4,0,1,44,55
EXP-00362,cancelacion,no,no,si,Europa,Tribunal B,3677.0,no,no,22,201.2,2,14,746,746
EXP-00362,cancelacion,no,no,si,Europa,Tribunal B,3677.0,no,no,38,189.9,0,14,746,747
EXP-00362,cancelacion,no,no,si,Europa,Tribunal B,3677.0,no,no,14,194.0,0,14,746,746
EXP-00363,ajuste_estatus,si,no,no,México,Tribunal A,2011.0,si,si,40,98.1,1,3,133,133
EXP-00363,ajuste_estatus,si,no,no,México,Tribunal A,2011.0,no,si,3,87.6,0,3,133,136
EXP-00364,salida_voluntaria,si,no,si,Caribe,Tribunal A,2438.0,no,no,30,19.1,0,1,46,57
EXP-00365,reinstalacion,si,no,no,México,Tribunal B,4328.0,no,no,22,25.1,0,2,79,88
EXP-00366,salida_voluntaria,si,no,no,México,Tribunal F,5583.0,no,si,27,163.8,0,2,123,133
EXP-00367,reinstalacion,si,si,si,África,Tribunal A,2380.0,si,no,31,86.4,0,1,55,68
EXP-00368,asilo,si,si,si,Sudamérica,Tribunal C,3318.0,no,no,38,64.6,0,3,159,159
EXP-00369,miedo_creible,si,no,no,Centroamérica,Tribunal B,3065.0,si,no,18,50.9,0,0,13,14
EXP-00370,reinstalacion,si,no,,Asia,Tribunal B,2632.0,si,no,34,58.8,0,2,79,81
EXP-00371,cancelacion,si,si,no,Centroamérica,Tribunal E,1609.0,no,si,28,189.9,0,5,376,384
EXP-00372,asilo,no,si,si,Centroamérica,Tribunal A,2357.0,no,no,35,14.7,0,4,274,285
EXP-00373,asilo,si,no,no,Caribe,Tribunal A,2845.0,si,si,23,39.7,2,2,209,223
EXP-00373,asilo,si,no,no,Caribe,Tribunal A,2845.0,no,si,23,36.8,0,2,209,224
EXP-00373,asilo,si,no,no,Caribe,Tribunal A,2845.0,no,si,7,29.2,0,2,209,225
EXP-00374,asilo,si,si,si,Asia,Tribunal C,3471.0,si,no,30,56.0,2,3,153,160
EXP-00374,asilo,si,si,si,Asia,Tribunal C,3471.0,no,no,6,52.0,0,3,153,161
EXP-00374,asilo,si,si,si,Asia,Tribunal C,3471.0,no,no,11,46.8,0,3,153,162
EXP-00375,miedo_creible,si,no,si,África,Tribunal C,3636.0,no,no,26,134.2,0,0,91,91
EXP-00376,miedo_creible,si,si,no,Centroamérica,Tribunal E,2479.0,si,no,32,40.3,0,0,5,11
EXP-00377,reinstalacion,si,si,no,México,Tribunal D,4436.0,si,no,23,10.7,0,2,86,94
EXP-00378,reinstalacion,si,si,si,Asia,Tribunal B,3691.0,no,no,19,4.3,1,1,65,69
EXP-00378,reinstalacion,si,si,si,Asia,Tribunal B,3691.0,no,no,12,0.1,0,1,65,69
EXP-00379,asilo,si,si,no,Centroamérica,Tribunal E,3462.0,no,si,26,82.9,3,3,102,109
EXP-00379,asilo,si,si,no,Centroamérica,Tribunal E,3462.0,no,si,19,74.9,0,3,102,111
EXP-00379,asilo,si,si,no,Centroamérica,Tribunal E,3462.0,no,si,7,70.3,0,3,102,111
EXP-00379,asilo,si,si,no,Centroamérica,Tribunal E,3462.0,no,si,1,71.7,0,3,102,112
EXP-00380,asilo,no,si,no,Centroamérica,Tribunal B,2876.0,no,no,27,61.3,1,6,539,541
EXP-00380,asilo,no,si,no,Centroamérica,Tribunal B,2876.0,no,no,29,51.8,0,6,539,544
EXP-00381,ajuste_estatus,si,no,si,África,Tribunal C,3541.0,no,si,40,119.2,1,0,199,204
EXP-00381,ajuste_estatus,si,no,si,África,Tribunal C,3541.0,no,si,18,114.4,0,0,199,205
EXP-00382,asilo,si,no,no,Centroamérica,Tribunal A,2140.0,no,no,32,51.6,0,1,47,53
EXP-00383,asilo,si,no,no,Centroamérica,Tribunal F,4712.0,no,no,26,71.1,0,0,214,223
EXP-00384,salida_voluntaria,si,si,si,Sudamérica,Tribunal B,2852.0,no,si,39,29.3,0,0,56,56
EXP-00385,reinstalacion,si,no,no,México,Tribunal C,4470.0,no,no,18,76.0,0,2,37,44
EXP-00386,cancelacion,si,no,si,Centroamérica,Tribunal B,2573.0,no,si,32,361.3,0,3,309,309
EXP-00387,asilo,no,si,no,Caribe,Tribunal F,5041.0,no,no,25,42.3,3,5,498,504
EXP-00387,asilo,no,si,no,Caribe,Tribunal F,5041.0,no,no,11,33.8,0,5,498,505
EXP-00387,asilo,no,si,no,Caribe,Tribunal F,5041.0,no,no,5,32.6,0,5,498,504
EXP-00387,asilo,no,si,no,Caribe,Tribunal F,5041.0,no,no,2,29.6,0,5,498,505
EXP-00388,ajuste_estatus,no,si,si,Sudamérica,Tribunal A,2169.0,no,no,33,2.3,1,5,279,292
EXP-00388,ajuste_estatus,no,si,si,Sudamérica,Tribunal A,2169.0,no,no,29,3.2,0,5,279,295
EXP-00389,ajuste_estatus,si,si,no,México,Tribunal C,3495.0,no,si,33,12.6,0,3,231,242
EXP-00390,asilo,no,si,no,Centroamérica,Tribunal C,4232.0,no,no,33,5.6,0,11,920,921
EXP-00391,asilo,no,si,no,Centroamérica,Tribunal F,3849.0,no,no,39,20.7,0,6,577,583
EXP-00392,asilo,si,si,si,África,Tribunal C,3527.0,no,no,25,115.3,0,0,109,112
EXP-00393,miedo_creible,si,si,no,Sudamérica,Tribunal A,2715.0,no,no,38,80.5,0,0,4,15
EXP-00394,asilo,no,si,si,Centroamérica,Tribunal A,2415.0,no,no,42,33.8,0,7,231,241
EXP-00395,reinstalacion,si,no,no,México,Tribunal B,3870.0,no,no,22,14.7,0,0,15,27
EXP-00396,asilo,si,no,si,Centroamérica,Tribunal A,2498.0,si,no,24,33.8,0,1,163,175
EXP-00397,reinstalacion,no,no,no,México,Tribunal B,2771.0,no,no,18,66.5,0,0,70,76
EXP-00398,asilo,si,no,si,Centroamérica,Tribunal D,4556.0,si,no,41,27.6,0,11,273,274
EXP-00399,miedo_creible,si,si,no,Sudamérica,Tribunal E,1580.0,si,no,35,82.3,0,1,8,14
EXP-00400,ajuste_estatus,no,no,no,México,Tribunal E,2648.0,si,no,41,26.4,1,3,390,390
EXP-00400,ajuste_estatus,no,no,no,México,Tribunal E,2648.0,no,no,13,22.6,0,3,390,391
EXP-00401,salida_voluntaria,si,no,si,Sudamérica,Tribunal F,4861.0,no,si,36,15.1,0,1,192,200
EXP-00402,asilo,si,no,no,Centroamérica,Tribunal D,3931.0,no,no,38,,0,3,153,165
EXP-00403,miedo_creible,no,si,si,Asia,Tribunal A,2942.0,no,no,18,48.4,0,0,51,58
EXP-00404,asilo,no,si,no,Sudamérica,Tribunal A,2005.0,no,no,26,82.6,0,3,289,303
EXP-00405,asilo,no,si,si,Asia,Tribunal A,2106.0,no,no,23,6.6,0,3,225,236
EXP-00406,asilo,si,no,no,México,Tribunal D,4891.0,no,no,37,51.7,0,4,183,197
EXP-00407,reinstalacion,si,no,no,Caribe,Tribunal B,3343.0,no,no,29,78.3,0,0,14,24
EXP-00408,salida_voluntaria,si,no,si,Europa,Tribunal E,2407.0,no,si,29,19.1,1,0,72,80
EXP-00408,salida_voluntaria,si,no,si,Europa,Tribunal E,2407.0,no,si,36,9.2,0,0,72,80
EXP-00409,salida_voluntaria,si,no,si,Asia,Tribunal C,3510.0,si,si,34,21.6,0,4,115,116
EXP-00410,reinstalacion,si,no,no,México,Tribunal C,3716.0,no,no,23,43.1,0,0,14,18
EXP-00411,asilo,si,no,no,Sudamérica,Tribunal C,4212.0,no,si,38,155.1,0,3,200,214
EXP-00412,ajuste_estatus,si,no,si,Asia,Tribunal C,2496.0,si,no,32,65.3,0,1,283,294
EXP-00413,asilo,si,no,no,México,Tribunal A,3175.0,no,no,45,28.6,0,4,125,126
EXP-00414,cancelacion,si,no,no,México,Tribunal A,3151.0,no,si,35,220.1,0,1,215,224
EXP-00415,salida_voluntaria,si,no,no,Centroamérica,Tribunal B,3193.0,no,si,20,115.6,0,0,75,77
EXP-00416,salida_voluntaria,no,no,si,Caribe,Tribunal A,2226.0,si,no,33,91.8,0,2,72,83
EXP-00417,asilo,no,si,si,Centroamérica,Tribunal F,4617.0,no,no,37,,0,16,904,910
EXP-00418,salida_voluntaria,no,si,no,Sudamérica,Tribunal A,2800.0,no,no,21,114.4,0,2,91,98
EXP-00419,ajuste_estatus,si,no,no,Centroamérica,Tribunal E,2186.0,no,si,24,76.4,0,1,75,82
EXP-00420,salida_voluntaria,si,no,no,Sudamérica,Tribunal C,4046.0,si,si,32,14.1,0,1,47,55
EXP-00421,salida_voluntaria,no,no,no,México,Tribunal D,4566.0,no,no,20,29.6,0,2,142,150
EXP-00422,reinstalacion,si,no,no,Sudamérica,Tribunal D,3905.0,no,no,46,52.5,0,0,15,24
EXP-00423,miedo_creible,si,no,no,Caribe,Tribunal A,2526.0,no,no,32,8.5,0,0,1,13
EXP-00424,cancelacion,no,si,no,Centroamérica,Tribunal B,3789.0,no,no,20,149.3,0,14,606,617
EXP-00425,asilo,si,si,no,México,Tribunal A,2783.0,si,si,38,,0,2,167,172
EXP-00426,asilo,si,si,no,Centroamérica,Tribunal F,5080.0,no,si,31,72.3,1,7,341,345
EXP-00426,asilo,si,si,no,Centroamérica,Tribunal F,5080.0,no,si,9,68.1,0,7,341,347
EXP-00427,salida_voluntaria,no,si,si,Centroamérica,Tribunal C,4104.0,no,no,24,77.2,1,1,187,200
EXP-00427,salida_voluntaria,no,si,si,Centroamérica,Tribunal C,4104.0,no,no,47,74.1,0,1,187,200
EXP-00428,cancelacion,no,si,no,Centroamérica,Tribunal B,2936.0,no,no,23,120.6,1,13,746,760
EXP-00428,cancelacion,no,si,no,Centroamérica,Tribunal B,2936.0,no,no,27,115.3,0,13,746,763
EXP-00429,reinstalacion,si,no,no,Centroamérica,Tribunal E,1969.0,no,no,33,171.4,0,0,7,18
EXP-00430,reinstalacion,si,no,no,México,Tribunal A,3465.0,si,no,33,57.0,0,0,29,43
EXP-00431,asilo,si,no,si,África,Tribunal B,2685.0,si,si,27,138.3,1,0,126,135
EXP-00431,asilo,si,no,si,África,Tribunal B,2685.0,no,si,3,129.3,0,0,126,137
EXP-00432,asilo,si,no,no,Centroamérica,Tribunal A,2520.0,no,si,30,47.9,0,2,129,141
EXP-00433,cancelacion,si,no,si,Centroamérica,Tribunal C,4137.0,no,no,19,178.6,0,8,456,468
EXP-00434,reinstalacion,si,no,no,Centroamérica,Tribunal C,3974.0,si,no,23,14.7,0,1,25,25
EXP-00435,asilo,no,si,no,Centroamérica,Tribunal D,5320.0,no,no,32,73.5,0,15,765,770
EXP-00436,asilo,si,si,no,México,Tribunal B,3014.0,si,si,24,42.7,0,3,261,269
EXP-00437,miedo_creible,si,si,si,Sudamérica,Tribunal A,2323.0,no,no,34,37.5,0,1,19,19
EXP-00438,asilo,si,no,no,Centroamérica,Tribunal A,2929.0,no,si,33,37.3,2,0,122,132
EXP-00438,asilo,si,no,no,Centroamérica,Tribunal A,2929.0,no,si,32,24.9,0,0,122,134
EXP-00438,asilo,si,no,no,Centroamérica,Tribunal A,2929.0,no,si,13,23.9,0,0,122,135
EXP-00439,asilo,si,si,no,México,Tribunal D,4824.0,si,si,22,23.5,0,7,272,286
EXP-00440,asilo,no,si,no,Caribe,Tribunal D,3589.0,no,no,33,22.8,0,10,822,823
EXP-00441,asilo,si,no,no,Caribe,Tribunal E,2136.0,si,si,34,130.2,0,1,143,146
EXP-00442,asilo,no,no,si,Asia,Tribunal E,2052.0,no,no,42,,1,2,30,38
EXP-00442,asilo,no,no,si,Asia,Tribunal E,2052.0,no,no,21,30.0,0,2,30,40
EXP-00443,reinstalacion,si,si,no,México,Tribunal B,3498.0,si,no,28,143.2,0,3,52,53
EXP-00444,ajuste_estatus,si,si,no,México,Tribunal C,3097.0,no,no,36,40.7,0,1,181,188
EXP-00445,reinstalacion,si,no,si,África,Tribunal A,3279.0,no,no,36,39.9,0,0,32,38
EXP-00446,asilo,no,si,no,México,Tribunal D,4147.0,no,no,26,59.5,0,7,692,698
EXP-00447,salida_voluntaria,si,no,si,Asia,Tribunal A,2385.0,no,si,26,34.5,0,0,75,88
EXP-00448,salida_voluntaria,si,no,no,México,Tribunal D,5430.0,no,si,20,56.2,0,3,88,100
EXP-00449,asilo,no,si,no,Centroamérica,Tribunal A,2849.0,no,no,18,60.8,0,6,324,324
EXP-00450,miedo_creible,si,no,no,Centroamérica,Tribunal D,5038.0,no,no,34,25.5,0,0,12,23
EXP-00451,asilo,no,si,no,Sudamérica,Tribunal C,3282.0,no,no,18,36.3,0,9,430,431
EXP-00452,miedo_creible,si,no,si,México,Tribunal A,2967.0,no,no,34,59.5,0,1,42,43
EXP-00453,asilo,si,no,no,Centroamérica,Tribunal F,5537.0,si,si,18,71.9,3,6,341,346
EXP-00453,asilo,si,no,no,Centroamérica,Tribunal F,5537.0,no,si,12,68.5,0,6,341,348
EXP-00453,asilo,si,no,no,Centroamérica,Tribunal F,5537.0,no,si,1,69.0,0,6,341,346
EXP-00453,asilo,si,no,no,Centroamérica,Tribunal F,5537.0,no,si,2,60.2,0,6,341,347
EXP-00454,asilo,no,no,no,México,Tribunal A,2776.0,no,no,27,14.5,2,5,342,346
EXP-00454,asilo,no,no,no,México,Tribunal A,2776.0,no,no,10,13.0,0,5,342,348
EXP-00454,asilo,no,no,no,México,Tribunal A,,no,no,11,8.7,0,5,342,346
EXP-00455,reinstalacion,si,no,si,Centroamérica,Tribunal E,2145.0,si,no,23,101.5,0,0,20,31
EXP-00456,salida_voluntaria,si,no,no,México,Tribunal A,2520.0,no,si,39,19.9,0,1,26,31
EXP-00457,salida_voluntaria,no,si,no,México,Tribunal F,4975.0,no,no,29,215.2,0,6,259,262
EXP-00458,asilo,si,no,no,Sudamérica,Tribunal B,3600.0,si,si,40,99.2,0,0,122,136
EXP-00459,asilo,no,si,no,Centroamérica,Tribunal A,1597.0,no,no,25,16.1,0,7,275,285
EXP-00460,ajuste_estatus,no,si,no,Centroamérica,Tribunal D,4267.0,no,no,32,42.6,0,11,366,376
EXP-00461,ajuste_estatus,si,no,si,Centroamérica,Tribunal B,3603.0,no,no,31,0.0,0,1,78,85
EXP-00462,ajuste_estatus,si,no,no,Centroamérica,Tribunal D,5067.0,si,no,34,76.1,1,1,220,229
EXP-00462,ajuste_estatus,si,no,no,Centroamérica,Tribunal D,5067.0,no,no,13,72.1,0,1,220,230
EXP-00463,asilo,si,si,no,Sudamérica,Tribunal E,2544.0,no,si,25,25.7,1,1,104,109
EXP-00463,asilo,si,si,no,Sudamérica,Tribunal E,2544.0,no,si,20,18.1,0,1,104,109
EXP-00464,ajuste_estatus,si,no,no,México,Tribunal B,4093.0,no,no,40,358.7,0,3,172,185
EXP-00465,asilo,si,no,no,Centroamérica,Tribunal F,4965.0,no,si,47,19.0,2,1,233,240
EXP-00465,asilo,si,no,no,Centroamérica,Tribunal F,4965.0,no,si,25,10.4,0,1,233,241
EXP-00465,asilo,si,no,no,Centroamérica,Tribunal F,4965.0,no,si,14,16.9,0,1,233,241
EXP-00466,ajuste_estatus,si,no,no,México,Tribunal A,3255.0,no,si,18,116.5,0,2,109,110
EXP-00467,asilo,si,si,no,Centroamérica,Tribunal D,4368.0,no,si,30,99.3,0,5,348,349
EXP-00468,asilo,no,si,no,Centroamérica,Tribunal C,3346.0,no,no,29,20.0,1,8,494,494
EXP-00468,asilo,no,si,no,Centroamérica,Tribunal C,,no,no,33,12.9,0,8,494,497
EXP-00469,asilo,si,no,si,África,Tribunal A,2205.0,no,si,30,29.8,0,5,252,266
EXP-00470,salida_voluntaria,no,no,no,México,Tribunal A,2320.0,no,no,31,2.8,0,2,84,84
EXP-00471,asilo,si,no,no,Sudamérica,Tribunal B,2990.0,no,no,27,166.1,0,0,84,88
EXP-00472,cancelacion,si,no,no,México,Tribunal D,4385.0,no,si,34,126.6,0,5,278,287
EXP-00473,asilo,no,si,si,Centroamérica,Tribunal B,3476.0,no,no,36,76.2,0,6,530,542
EXP-00474,salida_voluntaria,no,si,no,Sudamérica,Tribunal A,1965.0,no,no,30,47.5,3,3,46,55
EXP-00474,salida_voluntaria,no,si,no,Sudamérica,Tribunal A,1965.0,no,no,33,43.1,0,3,46,56
EXP-00474,salida_voluntaria,no,si,no,Sudamérica,Tribunal A,1965.0,no,no,16,37.3,0,3,46,56
EXP-00474,salida_voluntaria,no,si,no,Sudamérica,Tribunal A,1965.0,no,no,10,46.9,0,3,46,55
EXP-00475,asilo,no,no,si,Centroamérica,Tribunal A,2599.0,no,no,34,78.3,0,2,272,274
EXP-00476,salida_voluntaria,si,si,no,Caribe,Tribunal A,2531.0,no,si,21,80.7,0,0,38,38
EXP-00477,ajuste_estatus,si,no,no,México,Tribunal C,4777.0,no,si,32,29.4,3,4,256,257
EXP-00477,ajuste_estatus,si,no,no,México,Tribunal C,4777.0,no,si,18,,0,4,256,257
EXP-00477,ajuste_estatus,si,no,no,México,Tribunal C,4777.0,no,si,2,28.6,0,4,256,257
EXP-00477,ajuste_estatus,si,no,no,México,Tribunal C,4777.0,no,si,1,26.0,0,4,256,258
EXP-00478,miedo_creible,si,no,no,México,Tribunal D,4587.0,no,no,28,29.8,0,0,9,18
EXP-00479,miedo_creible,si,no,si,Centroamérica,Tribunal C,4401.0,no,no,38,37.1,2,1,53,67
EXP-00479,miedo_creible,si,no,si,Centroamérica,Tribunal C,4401.0,no,no,28,30.4,0,1,53,67
EXP-00479,miedo_creible,si,no,si,Centroamérica,Tribunal C,4401.0,no,no,4,34.1,0,1,53,68
EXP-00480,miedo_creible,si,no,si,Centroamérica,Tribunal D,4370.0,no,no,54,62.1,0,1,24,37
EXP-00481,reinstalacion,si,no,no,México,Tribunal A,1894.0,no,no,25,161.4,0,0,6,15
EXP-00482,asilo,no,no,no,Centroamérica,Tribunal B,3053.0,no,no,23,40.4,2,4,331,331
EXP-00482,asilo,no,no,no,Centroamérica,Tribunal B,3053.0,no,no,8,34.3,0,4,331,331
EXP-00482,asilo,no,no,no,Centroamérica,Tribunal B,3053.0,no,no,14,32.5,0,4,331,331
EXP-00483,asilo,si,no,si,Centroamérica,Tribunal F,5439.0,no,no,42,37.6,2,4,273,279
EXP-00483,asilo,si,no,si,Centroamérica,Tribunal F,5439.0,no,no,2,28.1,0,4,273,280
EXP-00483,asilo,si,no,si,Centroamérica,Tribunal F,5439.0,no,no,5,,0,4,273,279
EXP-00484,asilo,si,si,no,Centroamérica,Tribunal A,2894.0,si,no,27,61.8,0,2,172,176
EXP-00485,asilo,no,no,si,Europa,Tribunal B,3367.0,no,no,18,28.0,2,0,388,391
EXP-00485,asilo,no,no,si,Europa,Tribunal B,3367.0,no,no,10,27.7,0,0,388,394
EXP-00485,asilo,no,no,,Europa,Tribunal B,3367.0,no,no,1,16.0,0,0,388,393
EXP-00486,reinstalacion,si,no,no,México,Tribunal B,3185.0,no,no,26,18.0,0,0,8,17
EXP-00487,asilo,no,no,no,Sudamérica,Tribunal C,4227.0,no,no,18,53.2,0,2,342,342
EXP-00488,ajuste_estatus,si,no,si,Caribe,Tribunal C,3800.0,no,si,18,41.5,1,0,154,167
EXP-00488,ajuste_estatus,si,no,si,Caribe,Tribunal C,3800.0,no,si,34,41.9,0,0,154,168
EXP-00489,miedo_creible,si,no,si,Centroamérica,Tribunal D,4318.0,no,no,36,33.7,0,1,28,40
EXP-00490,miedo_creible,si,si,no,Centroamérica,Tribunal C,4401.0,no,no,36,40.7,0,0,35,36
EXP-00491,ajuste_estatus,si,si,si,Centroamérica,Tribunal B,3918.0,no,no,31,55.1,3,2,173,185
EXP-00491,ajuste_estatus,si,si,si,Centroamérica,Tribunal B,3918.0,no,no,15,44.7,0,2,173,188
EXP-00491,ajuste_estatus,si,si,si,Centroamérica,Tribunal B,3918.0,no,no,12,43.0,0,2,173,186
EXP-00491,ajuste_estatus,si,si,si,Centroamérica,Tribunal B,3918.0,no,no,1,51.2,0,2,173,186
EXP-00492,cancelacion,no,si,,África,Tribunal F,5295.0,no,no,18,133.4,0,24,1793,1800
EXP-00493,asilo,si,si,no,Centroamérica,Tribunal A,2100.0,si,no,38,89.0,0,3,155,168
EXP-00494,salida_voluntaria,si,si,no,Centroamérica,Tribunal E,3213.0,no,si,27,13.0,1,0,42,54
EXP-00494,salida_voluntaria,si,si,no,Centroamérica,Tribunal E,3213.0,no,si,31,0.0,0,0,42,55
EXP-00495,ajuste_estatus,si,si,no,Caribe,Tribunal D,4970.0,no,no,41,21.7,0,5,298,306
EXP-00496,miedo_creible,si,no,no,México,Tribunal B,3631.0,si,no,30,126.2,0,0,15,16
EXP-00497,ajuste_estatus,si,no,no,Centroamérica,Tribunal B,3578.0,no,si,43,,0,1,138,141
EXP-00498,reinstalacion,si,no,no,México,Tribunal D,4439.0,no,no,26,29.1,0,0,30,39
EXP-00499,miedo_creible,si,no,si,Sudamérica,Tribunal A,2800.0,si,no,19,123.6,0,0,35,44
EXP-00500,cancelacion,si,si,si,Caribe,Tribunal B,3068.0,no,si,33,204.8,0,4,395,400
EXP-00501,miedo_creible,si,no,si,Centroamérica,Tribunal B,3305.0,no,no,37,1.2,0,0,42,44
EXP-00502,asilo,no,si,no,Centroamérica,Tribunal A,2774.0,no,no,24,39.3,4,5,417,422
EXP-00502,asilo,no,si,no,Centroamérica,Tribunal A,2774.0,no,no,10,34.6,0,5,417,423
EXP-00502,asilo,no,si,no,Centroamérica,Tribunal A,2774.0,no,no,7,30.7,0,5,417,422
EXP-00502,asilo,no,si,no,Centroamérica,Tribunal A,2774.0,no,no,12,42.3,0,5,417,424
EXP-00502,asilo,no,si,no,Centroamérica,Tribunal A,2774.0,no,no,1,34.0,0,5,417,425
EXP-00503,asilo,no,no,si,África,Tribunal A,2444.0,no,no,25,54.0,0,2,195,201
EXP-00504,asilo,si,si,si,Asia,Tribunal B,2740.0,no,si,24,41.3,0,5,228,237
EXP-00505,ajuste_estatus,si,si,no,Sudamérica,Tribunal E,1846.0,no,no,22,57.4,1,4,155,165
EXP-00505,ajuste_estatus,si,si,no,Sudamérica,Tribunal E,1846.0,no,no,31,49.2,0,4,155,167
EXP-00506,reinstalacion,si,si,no,México,Tribunal B,3235.0,no,no,26,26.4,0,1,17,31
EXP-00507,reinstalacion,si,si,no,México,Tribunal A,2490.0,no,no,22,65.4,0,0,24,30
EXP-00508,cancelacion,si,no,si,Asia,Tribunal A,3176.0,no,si,30,188.2,0,5,268,274
EXP-00509,miedo_creible,si,si,si,África,Tribunal A,2427.0,no,no,40,75.3,0,0,22,32
EXP-00510,miedo_creible,si,si,no,Centroamérica,Tribunal F,5092.0,no,no,42,264.1,0,0,29,37
EXP-00511,miedo_creible,si,si,no,México,Tribunal A,3150.0,no,no,37,47.0,0,1,20,23
EXP-00512,miedo_creible,si,no,no,Sudamérica,Tribunal D,4318.0,no,no,18,29.8,0,0,7,17
EXP-00513,cancelacion,no,si,no,Centroamérica,Tribunal A,2935.0,si,no,35,150.2,2,11,498,510
EXP-00513,cancelacion,no,si,no,Centroamérica,Tribunal A,2935.0,no,no,5,140.1,0,11,498,512
EXP-00513,cancelacion,no,si,no,Centroamérica,Tribunal A,2935.0,no,no,4,141.2,0,11,498,510
EXP-00514,asilo,si,si,no,Sudamérica,Tribunal B,3674.0,no,no,30,20.3,3,3,142,154
EXP-00514,asilo,si,si,no,Sudamérica,Tribunal B,3674.0,no,no,23,14.1,0,3,142,157
EXP-00514,asilo,si,si,,Sudamérica,Tribunal B,3674.0,no,no,1,10.3,0,3,142,155
EXP-00514,asilo,si,si,no,Sudamérica,Tribunal B,3674.0,no,no,12,13.2,0,3,142,155
EXP-00515,asilo,no,no,si,Europa,Tribunal B,3537.0,no,no,47,10.7,0,8,359,367
EXP-00516,cancelacion,si,no,,Centroamérica,Tribunal C,4150.0,no,no,32,139.0,0,7,391,405
EXP-00517,cancelacion,si,no,no,México,Tribunal C,4812.0,no,no,18,240.1,1,5,280,294
EXP-00517,cancelacion,si,no,no,México,Tribunal C,4812.0,no,no,1,229.4,0,5,280,295
EXP-00518,asilo,no,si,no,Centroamérica,Tribunal A,2712.0,no,no,24,97.6,1,6,400,414
EXP-00518,asilo,no,si,no,Centroamérica,Tribunal A,2712.0,no,no,36,87.8,0,6,400,414
EXP-00519,asilo,no,si,no,México,Tribunal A,2972.0,no,no,30,63.6,0,4,276,278
EXP-00520,asilo,si,si,si,Europa,Tribunal C,3949.0,no,no,30,1.9,0,2,218,219
EXP-00521,ajuste_estatus,si,no,no,México,Tribunal B,3667.0,no,no,28,77.0,0,0,61,64
EXP-00522,asilo,si,si,si,Asia,Tribunal E,2407.0,no,no,33,,0,7,501,501
EXP-00523,reinstalacion,si,no,no,México,Tribunal A,2392.0,no,no,31,111.1,0,0,16,20
EXP-00524,ajuste_estatus,si,no,no,México,Tribunal F,5561.0,no,si,28,25.6,0,3,178,192
EXP-00525,ajuste_estatus,si,si,no,México,Tribunal E,1868.0,no,no,32,87.4,1,4,131,132
EXP-00525,ajuste_estatus,si,si,no,México,Tribunal E,1868.0,no,no,2,80.7,0,4,131,133
EXP-00526,asilo,no,no,no,Centroamérica,Tribunal B,3092.0,no,no,35,109.8,0,6,381,391
EXP-00527,reinstalacion,si,no,si,Asia,Tribunal B,3043.0,no,no,29,121.9,0,2,69,78
EXP-00528,miedo_creible,si,no,no,Sudamérica,Tribunal D,4781.0,no,no,24,96.6,0,0,11,17
EXP-00529,salida_voluntaria,si,no,si,Caribe,Tribunal C,3759.0,no,no,18,,2,0,52,62
EXP-00529,salida_voluntaria,si,no,si,Caribe,Tribunal C,3759.0,no,no,31,54.9,0,0,52,62
EXP-00529,salida_voluntaria,si,no,si,Caribe,Tribunal C,3759.0,no,no,14,46.8,0,0,52,62
EXP-00530,asilo,no,no,no,Centroamérica,Tribunal C,3924.0,no,no,18,50.1,0,5,470,484
EXP-00531,asilo,si,no,no,Sudamérica,Tribunal A,2631.0,no,no,18,102.9,0,1,63,67
EXP-00532,reinstalacion,si,no,no,México,Tribunal E,2140.0,no,no,36,56.1,1,0,5,19
EXP-00532,reinstalacion,si,no,no,México,Tribunal E,2140.0,no,no,10,56.1,0,0,5,22
EXP-00533,asilo,si,no,si,Caribe,Tribunal B,2898.0,no,si,19,54.4,2,4,126,128
EXP-00533,asilo,si,no,si,Caribe,Tribunal B,2898.0,no,si,2,54.6,0,4,126,131
EXP-00533,asilo,si,no,si,Caribe,Tribunal B,2898.0,no,si,8,48.7,0,4,126,129
EXP-00534,miedo_creible,si,si,si,África,Tribunal E,2801.0,no,no,37,64.4,0,1,52,64
EXP-00535,reinstalacion,si,si,no,México,Tribunal D,5148.0,no,no,22,68.6,0,2,67,69
EXP-00536,salida_voluntaria,no,no,si,Centroamérica,Tribunal C,3654.0,no,no,28,143.4,0,2,223,223
EXP-00537,asilo,no,no,,Centroamérica,Tribunal D,3694.0,no,no,21,118.4,2,5,418,422
EXP-00537,asilo,no,no,si,Centroamérica,Tribunal D,3694.0,no,no,25,113.5,0,5,418,425
EXP-00537,asilo,no,no,si,Centroamérica,Tribunal D,3694.0,no,no,15,111.8,0,5,418,423
EXP-00538,reinstalacion,no,no,no,México,Tribunal C,3619.0,no,no,35,,0,0,33,44
EXP-00539,ajuste_estatus,si,si,no,México,Tribunal A,2956.0,si,no,25,93.2,0,2,115,121
EXP-00540,ajuste_estatus,si,si,no,Centroamérica,Tribunal A,1933.0,no,no,36,44.9,0,2,179,187
EXP-00541,cancelacion,no,no,no,Centroamérica,Tribunal A,2823.0,no,no,20,136.5,0,5,471,473
EXP-00542,asilo,si,no,no,Centroamérica,Tribunal C,3655.0,si,si,25,100.1,0,3,237,246
EXP-00543,reinstalacion,si,si,no,Europa,Tribunal C,4274.0,no,no,21,12.7,0,1,33,44
EXP-00544,reinstalacion,si,si,si,África,Tribunal C,3519.0,si,no,27,62.2,0,0,20,20
EXP-00545,asilo,no,no,no,Caribe,Tribunal F,4100.0,no,no,37,78.2,2,5,462,467
EXP-00545,asilo,no,no,no,Caribe,Tribunal F,4100.0,no,no,9,75.6,0,5,462,469
EXP-00545,asilo,no,no,no,Caribe,Tribunal F,4100.0,no,no,13,,0,5,462,467
EXP-00546,reinstalacion,no,no,no,México,Tribunal A,2392.0,no,no,44,35.3,3,1,60,67
EXP-00546,reinstalacion,no,no,no,México,Tribunal A,2392.0,no,no,34,26.3,0,1,60,67
EXP-00546,reinstalacion,no,no,no,México,Tribunal A,2392.0,no,no,15,23.7,0,1,60,67
EXP-00546,reinstalacion,no,no,no,México,Tribunal A,2392.0,no,no,16,28.7,0,1,60,67
EXP-00547,asilo,si,si,si,Europa,Tribunal A,2754.0,no,no,38,32.4,0,3,165,172
EXP-00548,reinstalacion,si,no,no,México,Tribunal C,2396.0,si,no,18,19.6,0,0,41,48
EXP-00549,asilo,si,no,no,Centroamérica,Tribunal D,4692.0,no,si,40,41.0,1,4,144,146
EXP-00549,asilo,si,no,no,Centroamérica,Tribunal D,4692.0,no,si,34,41.3,0,4,144,149
EXP-00550,reinstalacion,si,si,no,México,Tribunal F,5873.0,no,no,35,34.6,0,4,96,106
EXP-00551,asilo,no,no,si,Europa,Tribunal B,3232.0,no,no,26,0.0,0,7,527,527
EXP-00552,salida_voluntaria,si,no,no,Centroamérica,Tribunal A,2188.0,si,no,33,,3,0,40,46
EXP-00552,salida_voluntaria,si,no,no,Centroamérica,Tribunal A,2188.0,no,no,35,15.4,0,0,40,48
EXP-00552,salida_voluntaria,si,no,no,Centroamérica,Tribunal A,2188.0,no,no,4,15.1,0,0,40,46
EXP-00552,salida_voluntaria,si,no,no,Centroamérica,Tribunal A,2188.0,no,no,5,11.7,0,0,40,46
EXP-00553,reinstalacion,si,no,si,México,Tribunal E,2390.0,no,no,24,17.2,0,1,28,38
EXP-00554,salida_voluntaria,si,no,si,África,Tribunal A,2653.0,si,si,32,60.6,0,0,81,81
EXP-00555,reinstalacion,si,no,no,México,Tribunal D,4777.0,no,no,26,93.6,0,2,31,37
EXP-00556,asilo,si,si,si,Centroamérica,Tribunal D,4463.0,no,si,38,38.0,0,4,350,354
EXP-00557,miedo_creible,si,no,no,Centroamérica,Tribunal F,5985.0,si,no,41,20.1,2,0,26,29
EXP-00557,miedo_creible,si,no,no,Centroamérica,Tribunal F,5985.0,no,no,35,19.1,0,0,26,32
EXP-00557,miedo_creible,si,no,no,Centroamérica,Tribunal F,,no,no,1,14.4,0,0,26,29
EXP-00558,reinstalacion,si,no,si,Centroamérica,Tribunal B,2540.0,no,no,35,38.2,0,0,27,39
EXP-00559,miedo_creible,si,no,no,Sudamérica,Tribunal A,2633.0,no,no,45,41.0,0,0,14,18
EXP-00560,asilo,si,no,si,Centroamérica,Tribunal C,3346.0,no,si,44,57.2,1,2,332,334
EXP-00560,asilo,si,no,si,Centroamérica,Tribunal C,3346.0,no,si,39,44.8,0,2,332,336
EXP-00561,asilo,si,si,no,Centroamérica,Tribunal E,1759.0,no,si,35,48.1,2,2,272,283
EXP-00561,asilo,si,si,no,Centroamérica,Tribunal E,1759.0,no,si,1,38.1,0,2,272,284
EXP-00561,asilo,si,si,no,Centroamérica,Tribunal E,1759.0,no,si,12,38.3,0,2,272,286
EXP-00562,asilo,si,si,no,Centroamérica,Tribunal A,2214.0,no,no,41,63.4,0,1,229,232
EXP-00563,reinstalacion,no,no,no,Sudamérica,Tribunal C,4465.0,no,no,31,18.2,0,2,96,102
EXP-00564,asilo,no,si,no,Sudamérica,Tribunal C,3898.0,no,no,18,17.2,0,6,533,535
EXP-00565,cancelacion,no,si,no,Centroamérica,Tribunal C,4280.0,no,no,33,339.9,3,14,926,936
EXP-00565,cancelacion,no,si,no,Centroamérica,Tribunal C,4280.0,no,no,9,343.5,0,14,926,938
EXP-00565,cancelacion,no,si,no,Centroamérica,Tribunal C,4280.0,no,no,8,343.9,0,14,926,938
EXP-00565,cancelacion,no,si,no,Centroamérica,Tribunal C,4280.0,no,no,1,343.7,0,14,926,937
EXP-00566,cancelacion,no,si,no,Sudamérica,Tribunal C,3771.0,si,no,47,149.3,0,12,784,788
EXP-00567,ajuste_estatus,si,no,no,México,Tribunal E,2596.0,no,si,24,28.0,0,0,85,88
EXP-00568,miedo_creible,si,no,no,Centroamérica,Tribunal C,3977.0,no,no,18,30.4,0,0,16,22
EXP-00569,cancelacion,no,no,si,África,Tribunal D,4593.0,no,no,40,167.6,0,5,661,667
EXP-00570,asilo,no,no,si,Asia,Tribunal D,5840.0,no,no,33,53.8,0,18,1278,1281
EXP-00571,asilo,si,si,no,Centroamérica,Tribunal D,4303.0,no,si,28,29.0,0,1,233,234
EXP-00572,salida_voluntaria,si,no,si,Sudamérica,Tribunal C,3548.0,no,si,27,22.4,0,0,61,74
EXP-00573,salida_voluntaria,si,si,si,Centroamérica,Tribunal E,3183.0,si,si,22,52.0,2,2,57,66
EXP-00573,salida_voluntaria,si,si,si,Centroamérica,Tribunal E,,no,si,39,43.0,0,2,57,67
EXP-00573,salida_voluntaria,si,si,si,Centroamérica,Tribunal E,3183.0,no,si,4,44.6,0,2,57,69
EXP-00574,salida_voluntaria,si,no,no,Centroamérica,Tribunal A,2352.0,no,si,18,74.8,0,1,25,26
EXP-00575,asilo,si,si,si,África,Tribunal B,3439.0,no,si,42,31.6,0,2,262,269
EXP-00576,cancelacion,si,no,si,Sudamérica,Tribunal D,4212.0,no,si,43,122.2,2,6,514,527
EXP-00576,cancelacion,si,no,si,Sudamérica,Tribunal D,4212.0,no,si,28,112.4,0,6,514,528
EXP-00576,cancelacion,si,no,si,Sudamérica,Tribunal D,4212.0,no,si,10,121.4,0,6,514,530
EXP-00577,salida_voluntaria,no,si,no,México,Tribunal A,,no,no,43,7.8,0,1,48,58
EXP-00578,miedo_creible,si,si,si,Europa,Tribunal B,2915.0,no,no,19,75.0,0,3,23,37
EXP-00579,reinstalacion,si,no,no,Centroamérica,Tribunal F,5600.0,si,no,41,88.9,0,0,38,39
EXP-00580,salida_voluntaria,si,no,no,México,Tribunal A,2505.0,si,si,36,50.8,0,1,79,88
EXP-00581,asilo,no,si,si,Centroamérica,Tribunal A,2084.0,no,no,25,5.5,0,6,287,294
EXP-00582,salida_voluntaria,si,no,no,México,Tribunal B,3639.0,si,no,31,22.0,1,2,46,46
EXP-00582,salida_voluntaria,si,no,no,México,Tribunal B,3639.0,no,no,22,10.4,0,2,46,47
EXP-00583,asilo,si,si,no,México,Tribunal D,3643.0,no,si,35,44.0,0,5,213,217
EXP-00584,asilo,no,si,no,Caribe,Tribunal A,2751.0,no,no,35,59.0,2,5,448,456
EXP-00584,asilo,no,si,no,Caribe,Tribunal A,2751.0,no,no,16,59.4,0,5,448,456
EXP-00584,asilo,no,si,no,Caribe,Tribunal A,2751.0,no,no,12,53.1,0,5,448,459
EXP-00585,miedo_creible,si,no,no,Centroamérica,Tribunal D,4118.0,si,no,31,26.0,0,0,12,19
EXP-00586,asilo,si,no,no,Centroamérica,Tribunal E,2080.0,no,no,33,66.8,0,1,117,129
EXP-00587,asilo,no,no,si,África,Tribunal A,3049.0,no,no,30,15.7,0,3,413,419
EXP-00588,asilo,si,si,si,Centroamérica,Tribunal B,2932.0,no,si,31,52.4,0,3,207,215
EXP-00589,miedo_creible,si,no,si,Caribe,Tribunal A,2769.0,no,no,22,137.1,0,1,27,35
EXP-00590,salida_voluntaria,no,no,no,México,Tribunal A,2748.0,no,no,44,21.3,0,1,70,80
EXP-00591,miedo_creible,si,si,si,Sudamérica,Tribunal D,4975.0,si,no,32,28.2,0,2,51,62
EXP-00592,asilo,si,si,si,Sudamérica,Tribunal C,3389.0,si,si,36,14.5,2,1,165,165
EXP-00592,asilo,si,si,si,Sudamérica,Tribunal C,3389.0,no,si,41,6.0,0,1,165,165
EXP-00592,asilo,si,si,si,Sudamérica,Tribunal C,3389.0,no,si,14,8.3,0,1,165,167
EXP-00593,reinstalacion,si,no,no,México,Tribunal B,3245.0,si,no,18,20.3,0,0,18,23
EXP-00594,salida_voluntaria,no,si,si,África,Tribunal C,4292.0,si,no,30,84.0,0,1,151,161
EXP-00595,reinstalacion,si,no,no,Centroamérica,Tribunal B,2551.0,no,no,18,18.1,2,0,26,29
EXP-00595,reinstalacion,si,no,no,Centroamérica,Tribunal B,2551.0,no,no,33,4.9,0,0,26,31
EXP-00595,reinstalacion,si,no,no,Centroamérica,Tribunal B,2551.0,no,no,8,7.8,0,0,26,32
EXP-00596,salida_voluntaria,no,no,no,Sudamérica,Tribunal D,4059.0,no,no,21,11.8,0,4,105,115
EXP-00597,salida_voluntaria,si,no,no,México,Tribunal A,3415.0,no,no,23,12.8,0,1,30,32
EXP-00598,miedo_creible,si,si,no,Centroamérica,Tribunal D,4657.0,no,no,24,10.7,0,0,37,48
EXP-00599,reinstalacion,si,si,no,México,Tribunal B,2489.0,no,no,51,61.4,0,1,29,36
EXP-00600,asilo,si,no,si,Caribe,Tribunal A,2616.0,no,si,28,25.4,0,3,118,130
EXP-00601,reinstalacion,si,no,,México,Tribunal A,1780.0,no,no,30,117.4,0,0,16,24
EXP-00602,asilo,no,si,si,Centroamérica,Tribunal B,2841.0,no,no,40,101.6,0,6,274,276
EXP-00603,salida_voluntaria,si,si,si,Asia,Tribunal C,3902.0,no,no,23,13.6,0,1,91,105
EXP-00604,salida_voluntaria,no,si,no,Centroamérica,Tribunal A,2591.0,no,no,18,33.2,0,3,62,71
EXP-00605,salida_voluntaria,si,no,no,México,Tribunal A,2792.0,no,no,28,32.7,0,0,25,27
EXP-00606,salida_voluntaria,no,si,no,Centroamérica,Tribunal B,3151.0,no,no,32,69.4,1,1,96,105
EXP-00606,salida_voluntaria,no,si,no,Centroamérica,Tribunal B,3151.0,no,no,41,63.7,0,1,96,105
EXP-00607,reinstalacion,si,no,no,Centroamérica,Tribunal E,2204.0,no,no,18,64.7,0,0,13,22
EXP-00608,reinstalacion,si,si,no,México,Tribunal A,2431.0,no,no,28,83.2,0,1,35,36
EXP-00609,ajuste_estatus,si,no,no,Centroamérica,Tribunal D,4195.0,no,si,23,124.4,3,4,322,336
EXP-00609,ajuste_estatus,si,no,no,Centroamérica,Tribunal D,4195.0,no,si,48,117.5,0,4,322,336
EXP-00609,ajuste_estatus,si,no,no,Centroamérica,Tribunal D,4195.0,no,si,1,120.1,0,4,322,336
EXP-00609,ajuste_estatus,si,no,no,Centroamérica,Tribunal D,4195.0,no,si,3,120.8,0,4,322,337
EXP-00610,miedo_creible,si,si,no,Centroamérica,Tribunal A,2247.0,no,no,33,47.1,0,0,4,13
EXP-00611,miedo_creible,si,no,no,Centroamérica,Tribunal B,2958.0,si,no,45,40.8,0,0,9,14
EXP-00612,asilo,no,si,no,Centroamérica,Tribunal A,2233.0,no,no,23,47.1,3,10,359,366
EXP-00612,asilo,no,si,no,Centroamérica,Tribunal A,2233.0,no,no,9,44.9,0,10,359,366
EXP-00612,asilo,no,si,no,Centroamérica,Tribunal A,2233.0,no,no,14,46.1,0,10,359,369
EXP-00612,asilo,no,si,no,Centroamérica,Tribunal A,2233.0,no,no,4,35.6,0,10,359,366
EXP-00613,salida_voluntaria,si,no,si,Sudamérica,Tribunal A,2645.0,no,si,21,,0,0,49,59
EXP-00614,asilo,si,no,si,Centroamérica,Tribunal D,4261.0,no,no,39,93.9,1,3,149,162
EXP-00614,asilo,si,no,si,Centroamérica,Tribunal D,4261.0,no,no,15,,0,3,149,164
EXP-00615,miedo_creible,si,no,no,Caribe,Tribunal F,5306.0,no,no,56,,0,1,39,44
EXP-00616,asilo,no,si,no,Sudamérica,Tribunal B,2285.0,no,no,29,93.7,0,4,283,296
EXP-00617,asilo,no,no,no,Centroamérica,Tribunal A,1262.0,no,no,20,7.2,2,2,307,316
EXP-00617,asilo,no,no,no,Centroamérica,Tribunal A,1262.0,no,no,22,0.0,0,2,307,319
EXP-00617,asilo,no,no,no,Centroamérica,Tribunal A,1262.0,no,no,7,0.0,0,2,307,316
EXP-00618,miedo_creible,si,si,si,Asia,Tribunal A,2685.0,no,no,19,24.7,0,0,26,29
EXP-00619,asilo,no,si,no,Centroamérica,Tribunal A,2775.0,no,no,32,35.2,0,5,243,256
EXP-00620,salida_voluntaria,si,no,no,Centroamérica,Tribunal A,2728.0,no,no,33,51.9,3,0,3,17
EXP-00620,salida_voluntaria,si,no,no,Centroamérica,Tribunal A,2728.0,no,no,33,40.1,0,0,3,17
EXP-00620,salida_voluntaria,si,no,no,Centroamérica,Tribunal A,2728.0,no,no,15,43.6,0,0,3,20
EXP-00620,salida_voluntaria,si,no,no,Centroamérica,Tribunal A,2728.0,no,no,15,40.2,0,0,3,20
EXP-00621,reinstalacion,si,si,si,Centroamérica,Tribunal C,4063.0,si,no,40,41.4,2,2,100,101
EXP-00621,reinstalacion,si,si,si,Centroamérica,Tribunal C,4063.0,no,no,16,41.3,0,2,100,104
EXP-00621,reinstalacion,si,si,si,Centroamérica,Tribunal C,4063.0,no,no,9,36.5,0,2,100,104
EXP-00622,miedo_creible,si,no,no,Sudamérica,Tribunal B,3260.0,no,no,31,,0,0,1,11
EXP-00623,miedo_creible,si,no,no,Caribe,Tribunal A,2052.0,no,no,28,105.1,0,0,1,7
EXP-00624,asilo,no,no,si,Sudamérica,Tribunal D,,no,no,31,,1,3,728,731
EXP-00624,asilo,no,no,si,Sudamérica,Tribunal D,5409.0,no,no,27,6.2,0,3,728,731
EXP-00625,miedo_creible,si,no,no,México,Tribunal A,2397.0,si,no,40,19.5,0,0,4,10
EXP-00626,reinstalacion,si,si,no,Sudamérica,Tribunal C,4291.0,no,no,35,1.9,0,1,30,41
EXP-00627,ajuste_estatus,si,no,no,México,Tribunal B,2807.0,no,si,47,20.3,0,3,121,130
EXP-00628,ajuste_estatus,si,si,no,México,Tribunal B,3097.0,no,si,22,54.4,0,2,96,96
EXP-00629,reinstalacion,si,no,no,México,Tribunal D,4238.0,no,no,32,63.9,0,1,43,49
EXP-00630,asilo,no,no,no,Centroamérica,Tribunal C,4562.0,no,no,30,53.1,3,6,443,456
EXP-00630,asilo,no,no,no,Centroamérica,Tribunal C,4562.0,no,no,13,43.3,0,6,443,458
EXP-00630,asilo,no,no,no,Centroamérica,Tribunal C,4562.0,no,no,11,51.1,0,6,443,459
EXP-00630,asilo,no,no,no,Centroamérica,Tribunal C,4562.0,no,no,3,45.0,0,6,443,459
EXP-00631,asilo,no,no,no,Caribe,Tribunal C,3192.0,no,no,18,198.3,0,5,280,282
EXP-00632,asilo,si,no,no,Centroamérica,Tribunal E,2270.0,no,no,18,34.5,0,1,120,129
EXP-00633,ajuste_estatus,si,no,no,Centroamérica,Tribunal C,3382.0,no,no,25,12.3,0,3,145,156
EXP-00634,asilo,si,no,no,Sudamérica,Tribunal B,3077.0,no,si,31,85.2,0,1,105,106
EXP-00635,asilo,no,no,no,México,Tribunal F,5118.0,no,no,30,83.6,1,5,473,475
EXP-00635,asilo,no,no,no,México,Tribunal F,5118.0,no,no,14,77.1,0,5,473,477
EXP-00636,salida_voluntaria,si,si,si,Centroamérica,Tribunal B,2648.0,si,no,18,59.7,0,4,119,124
EXP-00637,asilo,no,si,si,Europa,Tribunal B,2835.0,no,no,20,12.5,0,9,670,673
EXP-00638,asilo,si,si,no,Centroamérica,Tribunal C,4130.0,no,no,29,34.1,0,2,196,205
EXP-00639,miedo_creible,si,si,no,Centroamérica,Tribunal D,4819.0,no,no,35,,0,1,31,35
EXP-00640,asilo,si,si,no,Caribe,Tribunal B,3461.0,no,si,32,36.5,1,1,159,168
EXP-00640,asilo,si,si,no,Caribe,Tribunal B,3461.0,no,si,23,21.7,0,1,159,168
EXP-00641,reinstalacion,si,no,no,Centroamérica,Tribunal D,,no,no,35,43.5,0,0,28,37
EXP-00642,cancelacion,si,si,si,África,Tribunal A,2786.0,no,si,25,172.1,0,5,290,299
EXP-00643,miedo_creible,si,no,no,Caribe,Tribunal A,2303.0,si,no,18,208.2,0,1,18,20
EXP-00644,ajuste_estatus,si,si,no,Centroamérica,Tribunal D,4648.0,no,si,52,61.1,0,3,288,290
EXP-00645,asilo,no,si,si,África,Tribunal B,3644.0,no,no,33,135.4,0,6,287,288
EXP-00646,reinstalacion,no,si,no,Centroamérica,Tribunal A,3330.0,no,no,48,51.9,0,1,49,62
EXP-00647,asilo,si,no,no,Centroamérica,Tribunal C,3974.0,no,no,21,81.3,0,2,128,128
EXP-00648,reinstalacion,si,no,no,México,Tribunal C,3670.0,no,no,22,35.5,0,0,22,28
EXP-00649,asilo,no,si,si,Centroamérica,Tribunal C,3345.0,si,no,25,60.4,0,5,474,476
EXP-00650,asilo,no,si,no,Centroamérica,Tribunal D,3687.0,no,no,40,13.5,0,11,486,488
EXP-00651,salida_voluntaria,no,si,no,México,Tribunal D,3837.0,no,no,41,64.4,0,2,124,136
EXP-00652,salida_voluntaria,si,no,si,Centroamérica,Tribunal B,2938.0,si,si,18,17.1,3,0,40,49
EXP-00652,salida_voluntaria,si,no,si,Centroamérica,Tribunal B,2938.0,no,si,5,6.3,0,0,40,49
EXP-00652,salida_voluntaria,si,no,si,Centroamérica,Tribunal B,2938.0,no,si,7,5.6,0,0,40,52
EXP-00652,salida_voluntaria,si,no,si,Centroamérica,Tribunal B,2938.0,no,si,8,7.6,0,0,40,51
EXP-00653,miedo_creible,si,si,si,Europa,Tribunal A,2917.0,si,no,37,37.2,0,1,23,31
EXP-00654,asilo,si,no,si,Caribe,Tribunal E,2723.0,si,no,37,38.6,2,4,260,274
EXP-00654,asilo,si,no,si,Caribe,Tribunal E,2723.0,no,no,2,26.1,0,4,260,274
EXP-00654,asilo,si,no,si,Caribe,Tribunal E,2723.0,no,no,5,32.2,0,4,260,277
EXP-00655,asilo,si,si,no,Sudamérica,Tribunal C,,no,si,31,45.7,0,3,157,162
EXP-00656,asilo,no,si,no,Centroamérica,Tribunal A,2776.0,no,no,33,138.5,0,5,253,265
EXP-00657,cancelacion,si,si,no,Centroamérica,Tribunal C,3558.0,no,si,18,168.8,1,2,313,323
EXP-00657,cancelacion,si,si,no,Centroamérica,Tribunal C,3558.0,no,si,31,158.9,0,2,313,325
EXP-00658,ajuste_estatus,si,si,si,Asia,Tribunal E,1911.0,no,si,48,37.3,1,1,102,112
EXP-00658,ajuste_estatus,si,si,si,Asia,Tribunal E,1911.0,no,si,33,37.0,0,1,102,112
EXP-00659,asilo,no,si,si,Centroamérica,Tribunal C,3888.0,no,no,31,195.3,0,9,819,828
EXP-00660,miedo_creible,si,si,si,África,Tribunal A,2515.0,no,no,45,39.8,0,1,23,28
EXP-00661,asilo,si,no,no,Caribe,Tribunal A,2426.0,no,si,21,27.1,0,1,117,118
EXP-00662,miedo_creible,si,si,si,Sudamérica,Tribunal D,3862.0,si,no,31,1.0,0,2,70,81
EXP-00663,asilo,si,no,no,Caribe,Tribunal A,2254.0,si,no,29,26.1,0,0,87,97
EXP-00664,salida_voluntaria,no,si,no,México,Tribunal B,3387.0,no,no,18,29.3,4,1,101,103
EXP-00664,salida_voluntaria,no,si,no,México,Tribunal B,3387.0,no,no,32,21.5,0,1,101,103
EXP-00664,salida_voluntaria,no,si,no,México,Tribunal B,3387.0,no,no,16,25.6,0,1,101,106
EXP-00664,salida_voluntaria,no,si,no,México,Tribunal B,3387.0,no,no,16,23.2,0,1,101,105
EXP-00664,salida_voluntaria,no,si,no,México,Tribunal B,3387.0,no,no,9,24.5,0,1,101,104
EXP-00665,asilo,no,no,no,Centroamérica,Tribunal B,3265.0,no,no,35,11.9,1,3,339,341
EXP-00665,asilo,no,no,no,Centroamérica,Tribunal B,3265.0,no,no,10,8.2,0,3,339,344
EXP-00666,miedo_creible,si,si,no,Centroamérica,Tribunal B,3414.0,no,no,31,86.1,0,0,10,21
EXP-00667,cancelacion,no,no,si,México,Tribunal B,3016.0,no,no,23,242.2,0,13,684,691
EXP-00668,salida_voluntaria,si,no,no,Centroamérica,Tribunal A,2700.0,no,no,29,93.2,0,0,27,32
EXP-00669,reinstalacion,si,no,si,Caribe,Tribunal E,,no,no,28,190.7,0,2,23,37
EXP-00670,miedo_creible,si,si,no,Sudamérica,Tribunal A,3070.0,si,no,25,6.8,0,0,14,23
EXP-00671,asilo,no,si,no,México,Tribunal B,3509.0,no,no,28,43.0,0,10,529,532
EXP-00672,ajuste_estatus,si,no,no,México,Tribunal E,2693.0,no,no,19,73.9,0,1,65,66
EXP-00673,asilo,si,si,no,Centroamérica,Tribunal C,3717.0,si,si,40,107.9,1,2,203,214
EXP-00673,asilo,si,si,no,Centroamérica,Tribunal C,3717.0,no,si,39,104.7,0,2,203,216
EXP-00674,salida_voluntaria,si,no,no,Centroamérica,Tribunal A,2257.0,si,no,32,55.3,0,0,58,60
EXP-00675,asilo,si,si,no,Centroamérica,Tribunal D,4245.0,si,no,18,21.4,2,3,211,212
EXP-00675,asilo,si,si,no,Centroamérica,Tribunal D,4245.0,no,no,14,16.0,0,3,211,214
EXP-00675,asilo,si,si,no,Centroamérica,Tribunal D,4245.0,no,no,10,12.9,0,3,211,212
EXP-00676,miedo_creible,si,no,no,Centroamérica,Tribunal B,3587.0,si,no,27,112.6,0,0,17,25
EXP-00677,cancelacion,si,no,no,Asia,Tribunal A,2512.0,no,si,35,148.4,0,0,226,230
EXP-00678,cancelacion,si,no,no,México,Tribunal F,5302.0,no,no,21,160.0,0,5,440,454
EXP-00679,reinstalacion,si,no,si,Europa,Tribunal E,1573.0,no,no,32,83.5,0,0,34,42
EXP-00680,asilo,si,no,si,Centroamérica,Tribunal E,2160.0,si,no,18,28.1,3,2,145,154
EXP-00680,asilo,si,no,si,Centroamérica,Tribunal E,2160.0,no,no,29,29.6,0,2,145,155
EXP-00680,asilo,si,no,si,Centroamérica,Tribunal E,2160.0,no,no,16,30.5,0,2,145,157
EXP-00680,asilo,si,no,si,Centroamérica,Tribunal E,2160.0,no,no,12,23.2,0,2,145,156
EXP-00681,asilo,si,no,si,Caribe,Tribunal F,5567.0,si,no,32,20.4,0,1,380,388
EXP-00682,miedo_creible,si,no,no,Centroamérica,Tribunal A,1757.0,no,no,40,13.7,0,0,10,11
EXP-00683,asilo,si,no,si,Asia,Tribunal C,3132.0,no,si,39,1.6,3,3,170,175
EXP-00683,asilo,si,no,si,Asia,Tribunal C,3132.0,no,si,18,0.0,0,3,170,175
EXP-00683,asilo,si,no,si,Asia,Tribunal C,3132.0,no,si,9,2.3,0,3,170,175
EXP-00683,asilo,si,no,si,Asia,Tribunal C,3132.0,no,si,3,1.3,0,3,170,175
EXP-00684,reinstalacion,si,no,si,Sudamérica,Tribunal B,2220.0,no,no,42,54.5,0,0,56,56
EXP-00685,asilo,si,no,si,Centroamérica,Tribunal E,1931.0,no,no,31,24.3,0,3,172,173
EXP-00686,asilo,no,no,no,Centroamérica,Tribunal C,3700.0,no,no,18,2.0,3,5,224,233
EXP-00686,asilo,no,no,no,Centroamérica,Tribunal C,3700.0,no,no,23,0.0,0,5,224,235
EXP-00686,asilo,no,no,no,Centroamérica,Tribunal C,3700.0,no,no,11,,0,5,224,236
EXP-00686,asilo,no,no,no,Centroamérica,Tribunal C,3700.0,no,no,9,0.0,0,5,224,233
EXP-00687,salida_voluntaria,no,si,no,México,Tribunal A,2805.0,no,no,32,97.0,0,2,102,114
EXP-00688,reinstalacion,si,no,no,Sudamérica,Tribunal C,3915.0,no,no,29,70.6,0,1,21,25
EXP-00689,asilo,si,si,no,Sudamérica,Tribunal A,2659.0,no,no,28,17.9,1,1,86,94
EXP-00689,asilo,si,si,no,Sudamérica,Tribunal A,2659.0,no,no,23,7.9,0,1,86,95
EXP-00690,reinstalacion,si,no,no,México,Tribunal C,4351.0,no,no,35,42.7,0,0,38,39
EXP-00691,asilo,si,no,si,Caribe,Tribunal F,5138.0,no,si,19,73.8,0,6,283,284
EXP-00692,asilo,si,no,si,Sudamérica,Tribunal C,3764.0,no,si,40,101.2,0,5,240,247
EXP-00693,ajuste_estatus,si,no,no,México,Tribunal A,2416.0,no,si,22,115.8,0,1,116,118
EXP-00694,ajuste_estatus,no,si,no,Centroamérica,Tribunal C,3744.0,no,no,34,101.6,0,9,494,504
EXP-00695,cancelacion,no,si,no,México,Tribunal B,2935.0,no,no,29,142.6,0,14,458,466
EXP-00696,salida_voluntaria,no,si,si,Centroamérica,Tribunal D,3810.0,no,no,28,60.1,0,7,141,152
EXP-00697,asilo,no,si,no,Centroamérica,Tribunal F,4890.0,no,no,39,119.4,2,13,797,798
EXP-00697,asilo,no,si,no,Centroamérica,Tribunal F,4890.0,no,no,13,120.6,0,13,797,798
EXP-00697,asilo,no,si,no,Centroamérica,Tribunal F,4890.0,no,no,16,,0,13,797,800
EXP-00698,salida_voluntaria,si,si,no,Sudamérica,Tribunal A,2128.0,no,si,33,123.5,1,0,62,65
EXP-00698,salida_voluntaria,si,si,no,Sudamérica,Tribunal A,2128.0,no,si,25,107.7,0,0,62,66
EXP-00699,asilo,si,no,si,Asia,Tribunal B,2863.0,no,no,30,95.5,0,2,162,171
EXP-00700,reinstalacion,si,no,no,Sudamérica,Tribunal D,4175.0,no,no,24,48.8,0,1,34,42
EXP-00701,reinstalacion,si,no,no,Europa,Tribunal F,5768.0,no,no,32,33.7,0,0,31,43
EXP-00702,ajuste_estatus,no,no,no,Caribe,Tribunal B,3678.0,no,no,26,11.2,0,2,210,217
EXP-00703,asilo,si,si,no,México,Tribunal A,850.0,no,si,44,71.4,1,4,168,173
EXP-00703,asilo,si,si,no,México,Tribunal A,850.0,no,si,33,59.5,0,4,168,173
EXP-00704,ajuste_estatus,si,no,si,Caribe,Tribunal A,3447.0,no,si,28,58.3,0,1,119,123
EXP-00705,salida_voluntaria,no,si,no,México,Tribunal D,5108.0,no,no,28,71.5,0,11,435,439
EXP-00706,salida_voluntaria,no,no,no,Centroamérica,Tribunal B,2917.0,no,no,39,17.6,0,1,21,34
EXP-00707,reinstalacion,si,no,si,Caribe,Tribunal C,3671.0,no,no,21,43.5,0,0,48,59
EXP-00708,asilo,no,si,si,Asia,Tribunal A,2476.0,no,no,31,27.5,3,9,349,361
EXP-00708,asilo,no,si,si,Asia,Tribunal A,2476.0,no,no,16,,0,9,349,361
EXP-00708,asilo,no,si,si,Asia,Tribunal A,2476.0,no,no,10,,0,9,349,363
EXP-00708,asilo,no,si,si,Asia,Tribunal A,2476.0,no,no,15,25.9,0,9,349,362
EXP-00709,miedo_creible,si,no,no,Centroamérica,Tribunal E,2064.0,no,no,38,29.5,0,0,16,18
EXP-00710,ajuste_estatus,si,no,si,Caribe,Tribunal A,3190.0,si,si,26,88.3,0,3,207,212
EXP-00711,salida_voluntaria,si,no,no,Centroamérica,Tribunal F,4955.0,no,si,35,110.9,1,6,163,164
EXP-00711,salida_voluntaria,si,no,no,Centroamérica,Tribunal F,4955.0,no,si,35,101.8,0,6,163,167
EXP-00712,salida_voluntaria,si,no,no,México,Tribunal B,3151.0,no,si,30,144.8,0,1,34,34
EXP-00713,asilo,si,no,no,Centroamérica,Tribunal C,4030.0,no,no,25,23.9,0,2,195,208
EXP-00714,asilo,no,si,no,Sudamérica,Tribunal D,3603.0,no,no,19,162.0,0,8,742,742
EXP-00715,salida_voluntaria,si,no,no,Centroamérica,Tribunal A,2724.0,no,si,30,33.4,0,3,38,47
EXP-00716,ajuste_estatus,si,no,si,Centroamérica,Tribunal F,,si,no,20,73.6,0,7,322,325
EXP-00717,salida_voluntaria,no,si,si,Sudamérica,Tribunal F,4887.0,no,no,23,7.7,0,0,156,158
EXP-00718,asilo,si,si,no,México,Tribunal E,2244.0,si,si,41,25.7,1,5,232,234
EXP-00718,asilo,si,si,no,México,Tribunal E,2244.0,no,si,1,17.9,0,5,232,237
EXP-00719,asilo,si,no,si,Caribe,Tribunal B,3660.0,no,si,32,27.8,0,2,210,222
EXP-00720,miedo_creible,si,no,no,Sudamérica,Tribunal B,2948.0,no,no,18,150.8,0,1,7,15
EXP-00721,asilo,no,no,no,Centroamérica,Tribunal B,2952.0,no,no,29,31.5,0,3,210,218
EXP-00722,miedo_creible,si,no,no,México,Tribunal E,2342.0,no,no,37,80.1,0,0,4,16
EXP-00723,asilo,no,si,no,Sudamérica,Tribunal E,800.0,no,no,31,56.1,3,4,183,187
EXP-00723,asilo,no,si,no,Sudamérica,Tribunal E,800.0,no,no,33,48.8,0,4,183,189
EXP-00723,asilo,no,si,no,Sudamérica,Tribunal E,800.0,no,no,11,49.9,0,4,183,187
EXP-00723,asilo,no,si,no,Sudamérica,Tribunal E,800.0,no,no,10,49.2,0,4,183,188
EXP-00724,cancelacion,no,no,,Centroamérica,Tribunal C,3740.0,no,no,42,148.5,0,10,692,692
EXP-00725,miedo_creible,si,si,si,África,Tribunal A,2470.0,si,no,28,,0,0,53,59
EXP-00726,asilo,si,no,no,México,Tribunal F,4480.0,no,no,18,15.8,0,0,96,108
EXP-00727,asilo,si,no,no,Sudamérica,Tribunal A,2196.0,no,si,21,117.7,0,5,127,128
EXP-00728,ajuste_estatus,no,no,no,México,Tribunal D,5130.0,no,no,19,179.1,4,4,570,579
EXP-00728,ajuste_estatus,no,no,,México,Tribunal D,5130.0,no,no,9,174.6,0,4,570,579
EXP-00728,ajuste_estatus,no,no,no,México,Tribunal D,5130.0,no,no,14,170.2,0,4,570,581
EXP-00728,ajuste_estatus,no,no,no,México,Tribunal D,5130.0,no,no,6,170.1,0,4,570,581
EXP-00728,ajuste_estatus,no,no,no,México,Tribunal D,5130.0,no,no,2,172.8,0,4,570,579
EXP-00729,miedo_creible,si,no,no,México,Tribunal D,5322.0,no,no,34,25.1,0,0,28,29
EXP-00730,ajuste_estatus,no,si,si,Centroamérica,Tribunal F,4393.0,no,no,45,30.1,0,8,449,459
EXP-00731,cancelacion,si,no,no,Caribe,Tribunal A,2284.0,si,no,33,295.8,0,6,219,231
EXP-00732,asilo,no,si,si,Asia,Tribunal A,2742.0,no,no,38,99.6,4,1,279,287
EXP-00732,asilo,no,si,si,Asia,Tribunal A,2742.0,no,no,8,94.3,0,1,279,288
EXP-00732,asilo,no,si,si,Asia,Tribunal A,2742.0,no,no,11,98.5,0,1,279,289
EXP-00732,asilo,no,si,si,Asia,Tribunal A,2742.0,no,no,14,89.6,0,1,279,289
EXP-00732,asilo,no,si,si,Asia,Tribunal A,2742.0,no,no,12,92.7,0,1,279,287
EXP-00733,reinstalacion,si,si,no,Centroamérica,Tribunal C,3946.0,no,no,20,8.5,0,3,69,83
EXP-00734,asilo,no,si,no,Centroamérica,Tribunal D,3865.0,no,no,32,49.6,2,15,648,650
EXP-00734,asilo,no,si,no,Centroamérica,Tribunal D,3865.0,no,no,20,37.1,0,15,648,650
EXP-00734,asilo,no,si,no,Centroamérica,Tribunal D,3865.0,no,no,5,36.1,0,15,648,652
EXP-00735,reinstalacion,si,si,no,México,Tribunal B,3707.0,si,no,40,49.3,0,0,40,40
EXP-00736,asilo,no,si,no,Caribe,Tribunal B,3330.0,no,no,18,21.2,2,9,372,374
EXP-00736,asilo,no,si,no,Caribe,Tribunal B,3330.0,no,no,24,17.7,0,9,372,377
EXP-00736,asilo,no,si,no,Caribe,Tribunal B,3330.0,no,no,11,9.8,0,9,372,376
EXP-00737,ajuste_estatus,si,no,si,México,Tribunal A,2657.0,si,si,31,26.1,3,1,149,156
EXP-00737,ajuste_estatus,si,no,si,México,Tribunal A,2657.0,no,si,10,17.6,0,1,149,159
EXP-00737,ajuste_estatus,si,no,si,México,Tribunal A,2657.0,no,si,14,25.6,0,1,149,157
EXP-00737,ajuste_estatus,si,no,si,México,Tribunal A,2657.0,no,si,8,16.1,0,1,149,159
EXP-00738,reinstalacion,si,no,no,México,Tribunal E,1793.0,si,no,26,81.7,0,0,25,31
EXP-00739,asilo,no,si,no,México,Tribunal B,4287.0,no,no,31,65.5,0,4,337,345
EXP-00740,ajuste_estatus,no,si,no,Centroamérica,Tribunal C,3729.0,no,no,30,27.9,0,1,294,296
EXP-00741,asilo,no,si,no,Centroamérica,Tribunal E,1899.0,no,no,35,98.6,2,3,409,413
EXP-00741,asilo,no,si,no,Centroamérica,Tribunal E,1899.0,no,no,10,94.6,0,3,409,416
EXP-00741,asilo,no,si,no,Centroamérica,Tribunal E,1899.0,no,no,6,91.4,0,3,409,415
EXP-00742,salida_voluntaria,no,si,si,Centroamérica,Tribunal B,3062.0,no,no,27,67.5,0,1,85,94
EXP-00743,asilo,si,no,no,Centroamérica,Tribunal A,3401.0,si,no,36,82.3,3,1,106,117
EXP-00743,asilo,si,no,no,Centroamérica,Tribunal A,3401.0,no,no,32,,0,1,106,120
EXP-00743,asilo,si,no,no,Centroamérica,Tribunal A,3401.0,no,no,5,76.5,0,1,106,120
EXP-00743,asilo,si,no,no,Centroamérica,Tribunal A,3401.0,no,no,5,75.9,0,1,106,117
EXP-00744,salida_voluntaria,si,no,si,Caribe,Tribunal B,3196.0,si,si,25,56.7,0,0,99,112
EXP-00745,ajuste_estatus,no,no,no,Sudamérica,Tribunal D,3746.0,no,no,23,31.8,1,3,243,243
EXP-00745,ajuste_estatus,no,no,no,Sudamérica,Tribunal D,3746.0,no,no,37,20.5,0,3,243,245
EXP-00746,cancelacion,si,no,no,Centroamérica,Tribunal C,3365.0,no,no,19,181.2,0,2,294,306
EXP-00747,salida_voluntaria,si,no,no,Centroamérica,Tribunal B,3110.0,no,si,43,40.9,0,0,79,89
EXP-00748,reinstalacion,si,no,no,Caribe,Tribunal D,3994.0,no,no,18,19.6,0,0,52,57
EXP-00749,miedo_creible,si,no,no,México,Tribunal E,1989.0,si,no,47,20.8,1,1,16,23
EXP-00749,miedo_creible,si,no,no,México,Tribunal E,1989.0,no,no,40,6.7,0,1,16,25
EXP-00750,miedo_creible,si,no,no,Centroamérica,Tribunal B,3294.0,no,no,38,12.4,0,0,4,16
EXP-00751,reinstalacion,si,no,no,México,Tribunal D,4787.0,no,no,43,51.2,0,0,30,39
EXP-00752,asilo,no,no,si,Centroamérica,Tribunal E,2098.0,no,no,51,67.8,1,3,280,293
EXP-00752,asilo,no,no,si,Centroamérica,Tribunal E,2098.0,no,no,8,57.9,0,3,280,295
EXP-00753,salida_voluntaria,si,si,no,Centroamérica,Tribunal C,3135.0,si,no,23,32.7,0,0,55,68
EXP-00754,asilo,si,si,si,Caribe,Tribunal A,3095.0,no,si,24,74.4,3,2,246,248
EXP-00754,asilo,si,si,si,Caribe,Tribunal A,3095.0,no,si,37,64.1,0,2,246,251
EXP-00754,asilo,si,si,si,Caribe,Tribunal A,3095.0,no,si,3,73.3,0,2,246,251
EXP-00754,asilo,si,si,si,Caribe,Tribunal A,3095.0,no,si,9,66.3,0,2,246,250
EXP-00755,miedo_creible,si,no,no,Centroamérica,Tribunal B,2881.0,no,no,27,47.9,0,0,5,9
EXP-00756,miedo_creible,si,si,si,África,Tribunal A,2359.0,no,no,18,56.9,0,0,60,66
EXP-00757,reinstalacion,si,no,no,Centroamérica,Tribunal A,2535.0,si,no,43,23.6,0,0,29,38
EXP-00758,asilo,si,no,no,Sudamérica,Tribunal E,2080.0,no,si,33,21.2,1,1,117,128
EXP-00758,asilo,si,no,no,Sudamérica,Tribunal E,2080.0,no,si,31,16.0,0,1,117,130
EXP-00759,ajuste_estatus,si,no,si,Caribe,Tribunal A,3403.0,no,no,22,44.5,1,2,155,159
EXP-00759,ajuste_estatus,si,no,si,Caribe,Tribunal A,3403.0,no,no,23,40.3,0,2,155,160
EXP-00760,reinstalacion,si,si,,Centroamérica,Tribunal D,4125.0,si,no,26,,0,1,57,65
EXP-00761,reinstalacion,si,si,no,Centroamérica,Tribunal A,,no,no,23,,0,2,36,47
EXP-00762,salida_voluntaria,no,si,no,Centroamérica,Tribunal F,,no,no,36,26.8,0,3,390,404
EXP-00763,asilo,no,si,no,Centroamérica,Tribunal A,1422.0,no,no,20,20.2,1,2,226,237
EXP-00763,asilo,no,si,no,Centroamérica,Tribunal A,1422.0,no,no,25,21.2,0,2,226,238
EXP-00764,asilo,si,no,si,Asia,Tribunal B,2648.0,si,no,18,35.0,0,6,395,409
EXP-00765,salida_voluntaria,no,no,no,México,Tribunal C,3825.0,no,no,43,40.0,0,0,80,87
EXP-00766,asilo,si,si,no,Sudamérica,Tribunal E,1755.0,no,si,47,114.6,0,2,218,221
EXP-00767,asilo,si,si,no,Centroamérica,Tribunal E,,si,si,36,75.1,2,5,216,221
EXP-00767,asilo,si,si,no,Centroamérica,Tribunal E,2239.0,no,si,10,68.5,0,5,216,223
EXP-00767,asilo,si,si,no,Centroamérica,Tribunal E,2239.0,no,si,13,72.3,0,5,216,224
EXP-00768,asilo,no,no,si,Centroamérica,Tribunal B,3586.0,no,no,40,26.5,2,0,195,209
EXP-00768,asilo,no,no,si,Centroamérica,Tribunal B,3586.0,no,no,11,21.5,0,0,195,212
EXP-00768,asilo,no,no,si,Centroamérica,Tribunal B,3586.0,no,no,7,17.1,0,0,195,210
EXP-00769,ajuste_estatus,no,si,no,Centroamérica,Tribunal E,2243.0,no,no,44,33.8,3,9,411,421
EXP-00769,ajuste_estatus,no,si,no,Centroamérica,Tribunal E,2243.0,no,no,22,30.8,0,9,411,424
EXP-00769,ajuste_estatus,no,si,no,Centroamérica,Tribunal E,2243.0,no,no,16,24.0,0,9,411,422
EXP-00769,ajuste_estatus,no,si,no,Centroamérica,Tribunal E,2243.0,no,no,6,29.0,0,9,411,424
EXP-00770,asilo,si,no,si,Sudamérica,Tribunal C,3260.0,si,si,35,74.2,0,3,167,174
EXP-00771,miedo_creible,si,no,si,Centroamérica,Tribunal A,3164.0,no,no,34,19.1,0,1,38,40
EXP-00772,ajuste_estatus,si,no,si,Centroamérica,Tribunal B,,no,no,43,88.8,0,0,213,217
EXP-00773,asilo,si,no,si,Centroamérica,Tribunal A,2583.0,no,si,36,45.1,1,2,112,118
EXP-00773,asilo,si,no,,Centroamérica,Tribunal A,2583.0,no,si,5,32.5,0,2,112,121
EXP-00774,ajuste_estatus,si,no,si,Centroamérica,Tribunal C,3017.0,no,no,25,67.4,0,5,245,256
EXP-00775,miedo_creible,si,no,no,África,Tribunal B,3930.0,no,no,45,106.9,0,0,2,12
EXP-00776,miedo_creible,si,no,si,Caribe,Tribunal C,2940.0,si,no,34,71.0,0,0,39,42
EXP-00777,asilo,no,si,si,Caribe,Tribunal C,3062.0,no,no,46,49.5,1,3,369,381
EXP-00777,asilo,no,si,si,Caribe,Tribunal C,3062.0,no,no,7,,0,3,369,383
EXP-00778,asilo,no,si,no,México,Tribunal C,3689.0,no,no,33,66.6,0,6,435,437
EXP-00779,asilo,si,no,no,Centroamérica,Tribunal E,1473.0,si,si,34,55.2,0,0,156,167
EXP-00780,reinstalacion,si,no,si,Centroamérica,Tribunal C,4072.0,no,no,27,49.1,1,2,45,52
EXP-00780,reinstalacion,si,no,si,Centroamérica,Tribunal C,4072.0,no,no,18,42.7,0,2,45,52
EXP-00781,miedo_creible,si,si,no,Centroamérica,Tribunal C,3721.0,no,no,34,58.8,0,0,17,29
EXP-00782,miedo_creible,si,no,no,Centroamérica,Tribunal B,3322.0,no,no,27,28.3,0,0,4,8
EXP-00783,cancelacion,si,no,no,Sudamérica,Tribunal A,3463.0,no,no,54,121.5,0,2,97,111
EXP-00784,reinstalacion,si,no,no,África,Tribunal D,4335.0,no,no,18,17.7,0,1,18,31
EXP-00785,miedo_creible,si,no,no,México,Tribunal C,3691.0,no,no,29,43.9,0,0,5,19
EXP-00786,ajuste_estatus,si,no,no,Centroamérica,Tribunal D,4942.0,no,si,40,37.1,0,1,270,283
EXP-00787,cancelacion,si,no,si,África,Tribunal A,2676.0,si,si,22,199.8,4,8,492,502
EXP-00787,cancelacion,si,no,si,África,Tribunal A,2676.0,no,si,41,192.9,0,8,492,503
EXP-00787,cancelacion,si,no,si,África,Tribunal A,2676.0,no,si,7,187.9,0,8,492,505
EXP-00787,cancelacion,si,no,si,África,Tribunal A,2676.0,no,si,12,190.0,0,8,492,504
EXP-00787,cancelacion,si,no,si,África,Tribunal A,2676.0,no,si,14,199.5,0,8,492,503
EXP-00788,miedo_creible,si,no,no,Centroamérica,Tribunal D,4723.0,si,no,18,155.3,0,0,28,28
EXP-00789,asilo,si,no,,México,Tribunal E,,si,no,25,11.2,2,3,185,188
EXP-00789,asilo,si,no,no,México,Tribunal E,2148.0,no,no,2,6.0,0,3,185,188
EXP-00789,asilo,si,no,no,México,Tribunal E,2148.0,no,no,16,0.0,0,3,185,190
EXP-00790,ajuste_estatus,no,si,no,Centroamérica,Tribunal E,1444.0,no,no,29,41.8,2,4,322,327
EXP-00790,ajuste_estatus,no,si,no,Centroamérica,Tribunal E,1444.0,no,no,8,39.2,0,4,322,330
EXP-00790,ajuste_estatus,no,si,no,Centroamérica,Tribunal E,1444.0,no,no,11,28.8,0,4,322,329
EXP-00791,asilo,si,no,no,Sudamérica,Tribunal E,2648.0,no,no,30,13.5,3,1,133,147
EXP-00791,asilo,si,no,no,Sudamérica,Tribunal E,2648.0,no,no,27,5.4,0,1,133,148
EXP-00791,asilo,si,no,no,Sudamérica,Tribunal E,2648.0,no,no,3,13.1,0,1,133,147
EXP-00791,asilo,si,no,no,Sudamérica,Tribunal E,2648.0,no,no,2,9.4,0,1,133,147
EXP-00792,asilo,si,no,si,Centroamérica,Tribunal B,3862.0,no,si,18,12.0,1,2,210,214
EXP-00792,asilo,si,no,si,Centroamérica,Tribunal B,3862.0,no,si,29,3.6,0,2,210,217
EXP-00793,asilo,no,si,si,Centroamérica,Tribunal C,4347.0,no,no,36,25.8,0,1,365,366
EXP-00794,asilo,si,si,si,Centroamérica,Tribunal B,3233.0,no,si,29,65.6,0,2,140,153
EXP-00795,salida_voluntaria,no,si,si,Sudamérica,Tribunal B,2882.0,si,no,18,190.5,0,2,110,111
EXP-00796,asilo,si,si,si,Centroamérica,Tribunal F,5575.0,no,no,24,45.0,0,7,334,343
EXP-00797,asilo,si,no,no,Centroamérica,Tribunal A,2163.0,no,si,37,46.2,0,0,123,133
EXP-00798,ajuste_estatus,no,no,no,Europa,Tribunal A,2322.0,no,no,49,154.1,2,1,170,170
EXP-00798,ajuste_estatus,no,no,no,Europa,Tribunal A,2322.0,no,no,12,151.9,0,1,170,172
EXP-00798,ajuste_estatus,no,no,no,Europa,Tribunal A,2322.0,no,no,2,146.9,0,1,170,173
EXP-00799,asilo,si,no,no,Centroamérica,Tribunal B,3477.0,no,si,20,109.3,1,5,159,170
EXP-00799,asilo,si,no,no,Centroamérica,Tribunal B,3477.0,no,si,4,95.4,0,5,159,171
EXP-00800,salida_voluntaria,si,no,no,Caribe,Tribunal B,3764.0,no,si,33,21.4,0,0,86,88
EXP-00801,miedo_creible,si,si,si,África,Tribunal D,4247.0,no,no,41,21.5,0,1,87,94
EXP-00802,cancelacion,si,no,no,México,Tribunal B,3407.0,no,no,26,183.4,2,0,175,181
EXP-00802,cancelacion,si,no,no,México,Tribunal B,3407.0,no,no,26,176.1,0,0,175,183
EXP-00802,cancelacion,si,no,no,México,Tribunal B,3407.0,no,no,5,174.3,0,0,175,182
EXP-00803,reinstalacion,si,no,si,Centroamérica,Tribunal C,3671.0,no,no,36,102.4,0,1,89,89
EXP-00804,asilo,si,si,no,México,Tribunal B,3438.0,no,si,18,,0,4,198,202
EXP-00805,miedo_creible,si,no,no,Centroamérica,Tribunal C,3974.0,no,no,34,38.7,0,1,13,26
EXP-00806,asilo,si,si,si,Centroamérica,Tribunal F,4761.0,no,no,18,,0,5,291,293
EXP-00807,asilo,si,no,no,Centroamérica,Tribunal C,2984.0,no,si,42,72.9,0,0,99,102
EXP-00808,reinstalacion,si,no,no,Sudamérica,Tribunal B,3518.0,no,no,43,55.3,4,1,27,41
EXP-00808,reinstalacion,si,no,no,Sudamérica,Tribunal B,3518.0,no,no,47,43.7,0,1,27,44
EXP-00808,reinstalacion,si,no,no,Sudamérica,Tribunal B,3518.0,no,no,8,52.4,0,1,27,42
EXP-00808,reinstalacion,si,no,no,Sudamérica,Tribunal B,3518.0,no,no,16,47.1,0,1,27,44
EXP-00808,reinstalacion,si,no,no,Sudamérica,Tribunal B,3518.0,no,no,11,43.3,0,1,27,44
EXP-00809,miedo_creible,si,no,si,Centroamérica,Tribunal B,3825.0,no,no,26,96.9,0,1,40,47
EXP-00810,reinstalacion,si,si,si,África,Tribunal F,4237.0,no,no,32,29.3,0,1,116,128
EXP-00811,reinstalacion,si,no,no,Sudamérica,Tribunal A,2516.0,no,no,24,9.3,0,0,8,22
EXP-00812,cancelacion,no,si,no,Centroamérica,Tribunal F,5171.0,no,no,36,148.0,0,13,703,712
EXP-00813,reinstalacion,si,no,si,Centroamérica,Tribunal F,5183.0,no,no,30,48.6,0,0,91,92
EXP-00814,miedo_creible,si,no,si,Asia,Tribunal D,4891.0,no,no,24,111.1,0,0,168,169
EXP-00815,reinstalacion,si,no,si,Europa,Tribunal B,2705.0,no,no,21,63.7,0,0,67,72
EXP-00816,reinstalacion,si,no,no,Centroamérica,Tribunal B,3302.0,no,no,21,47.5,0,0,15,28
EXP-00817,salida_voluntaria,si,no,no,Centroamérica,Tribunal E,2048.0,no,no,30,2.6,0,0,17,20
EXP-00818,salida_voluntaria,si,si,no,México,Tribunal E,2604.0,no,no,25,31.0,0,2,37,41
EXP-00819,asilo,no,si,no,Sudamérica,Tribunal B,3365.0,no,no,35,52.7,0,5,390,392
EXP-00820,reinstalacion,si,si,no,México,Tribunal B,3926.0,no,no,27,28.8,0,1,33,43
EXP-00821,reinstalacion,si,no,si,Sudamérica,Tribunal E,1842.0,si,no,31,62.4,0,0,53,67
EXP-00822,asilo,si,no,no,Centroamérica,Tribunal F,5563.0,no,no,27,46.2,0,5,246,250
EXP-00823,asilo,no,si,no,Sudamérica,Tribunal A,2548.0,no,no,29,49.1,1,6,444,457
EXP-00823,asilo,no,si,no,Sudamérica,Tribunal A,2548.0,no,no,39,45.8,0,6,444,458
EXP-00824,asilo,si,no,no,México,Tribunal D,3746.0,si,si,28,102.8,0,2,187,189
EXP-00825,reinstalacion,si,si,si,África,Tribunal B,2485.0,no,no,33,39.5,0,1,98,102
EXP-00826,asilo,si,no,no,Centroamérica,Tribunal A,2202.0,si,no,18,42.5,1,2,124,138
EXP-00826,asilo,si,no,no,Centroamérica,Tribunal A,2202.0,no,no,41,,0,2,124,138
EXP-00827,ajuste_estatus,no,si,no,Caribe,Tribunal F,4963.0,no,no,36,38.9,0,9,668,682
EXP-00828,asilo,si,no,no,Centroamérica,Tribunal A,3330.0,si,no,26,49.6,0,5,218,220
EXP-00829,asilo,si,no,no,México,Tribunal D,4239.0,si,si,40,31.8,0,4,263,266
EXP-00830,asilo,si,no,no,México,Tribunal D,4850.0,no,no,41,39.0,0,5,357,363
EXP-00831,salida_voluntaria,si,no,no,México,Tribunal D,4479.0,si,si,30,125.2,3,0,60,60
EXP-00831,salida_voluntaria,si,no,no,México,Tribunal D,4479.0,no,si,18,118.5,0,0,60,63
EXP-00831,salida_voluntaria,si,no,no,México,Tribunal D,4479.0,no,si,1,116.4,0,0,60,61
EXP-00831,salida_voluntaria,si,no,no,México,Tribunal D,4479.0,no,si,14,122.7,0,0,60,63
EXP-00832,salida_voluntaria,si,no,no,México,Tribunal D,4214.0,si,si,28,31.8,3,0,77,91
EXP-00832,salida_voluntaria,si,no,no,México,Tribunal D,4214.0,no,si,2,31.6,0,0,77,94
EXP-00832,salida_voluntaria,si,no,no,México,Tribunal D,4214.0,no,si,8,27.9,0,0,77,93
EXP-00832,salida_voluntaria,si,no,no,México,Tribunal D,4214.0,no,si,9,33.7,0,0,77,94
EXP-00833,reinstalacion,si,no,no,México,Tribunal C,3849.0,no,no,31,185.6,0,1,21,28
EXP-00834,salida_voluntaria,no,no,no,Centroamérica,Tribunal C,3461.0,no,no,18,69.7,1,2,67,80
EXP-00834,salida_voluntaria,no,no,no,Centroamérica,Tribunal C,3461.0,no,no,24,66.2,0,2,67,82
EXP-00835,salida_voluntaria,si,no,no,México,Tribunal B,3176.0,no,no,35,22.3,0,2,30,41
EXP-00836,asilo,no,no,si,Europa,Tribunal F,4831.0,no,no,36,91.6,0,2,730,740
EXP-00837,asilo,no,si,no,Centroamérica,Tribunal D,4716.0,no,no,22,87.4,0,7,536,539
EXP-00838,asilo,si,no,si,África,Tribunal C,3430.0,no,no,29,117.4,3,2,169,174
EXP-00838,asilo,si,no,si,África,Tribunal C,3430.0,no,no,5,117.5,0,2,169,176
EXP-00838,asilo,si,no,si,África,Tribunal C,3430.0,no,no,7,108.7,0,2,169,177
EXP-00838,asilo,si,no,si,África,Tribunal C,3430.0,no,no,9,113.0,0,2,169,175
EXP-00839,cancelacion,si,no,no,México,Tribunal B,2880.0,si,si,34,121.1,0,2,210,210
EXP-00840,asilo,no,si,si,Centroamérica,Tribunal D,,no,no,28,36.5,0,7,376,385
EXP-00841,asilo,si,no,no,Centroamérica,Tribunal C,3023.0,no,no,49,115.9,2,1,113,123
EXP-00841,asilo,si,no,no,Centroamérica,Tribunal C,3023.0,no,no,18,104.4,0,1,113,123
EXP-00841,asilo,si,no,no,Centroamérica,Tribunal C,3023.0,no,no,15,114.0,0,1,113,124
EXP-00842,miedo_creible,si,no,no,Centroamérica,Tribunal C,3363.0,no,no,33,9.9,0,0,1,15
EXP-00843,asilo,no,no,no,Centroamérica,Tribunal A,2480.0,no,no,28,65.1,0,2,264,270
EXP-00844,miedo_creible,si,no,no,México,Tribunal E,1762.0,no,no,47,80.6,2,0,11,13
EXP-00844,miedo_creible,si,no,no,México,Tribunal E,1762.0,no,no,32,74.8,0,0,11,13
EXP-00844,miedo_creible,si,no,no,México,Tribunal E,1762.0,no,no,13,80.4,0,0,11,13
EXP-00845,asilo,si,no,no,México,Tribunal D,4522.0,no,si,28,80.3,0,3,232,232
EXP-00846,miedo_creible,si,si,no,Caribe,Tribunal F,4856.0,no,no,22,24.7,0,0,39,53
EXP-00847,asilo,si,no,no,Sudamérica,Tribunal B,3988.0,si,si,28,55.7,0,3,149,153
EXP-00848,asilo,no,si,no,Sudamérica,Tribunal E,2319.0,si,no,33,63.4,2,11,608,608
EXP-00848,asilo,no,si,no,Sudamérica,Tribunal E,2319.0,no,no,16,65.7,0,11,608,611
EXP-00848,asilo,no,si,no,Sudamérica,Tribunal E,2319.0,no,no,10,59.0,0,11,608,608
EXP-00849,miedo_creible,si,si,si,Europa,Tribunal A,1891.0,no,no,46,30.7,0,0,16,26
EXP-00850,reinstalacion,si,si,si,Caribe,Tribunal C,,no,no,34,,0,1,69,75
EXP-00851,salida_voluntaria,si,si,no,Centroamérica,Tribunal E,,no,si,18,22.4,1,2,67,71
EXP-00851,salida_voluntaria,si,si,no,Centroamérica,Tribunal E,2404.0,no,si,9,12.2,0,2,67,71
EXP-00852,miedo_creible,si,no,si,Europa,Tribunal A,2139.0,no,no,37,54.4,0,0,24,36
EXP-00853,ajuste_estatus,si,no,si,Caribe,Tribunal B,3394.0,no,si,22,70.8,3,1,140,152
EXP-00853,ajuste_estatus,si,no,si,Caribe,Tribunal B,3394.0,no,si,5,63.2,0,1,140,155
EXP-00853,ajuste_estatus,si,no,si,Caribe,Tribunal B,,no,si,3,59.8,0,1,140,155
EXP-00853,ajuste_estatus,si,no,si,Caribe,Tribunal B,3394.0,no,si,1,63.9,0,1,140,152
EXP-00854,reinstalacion,si,no,si,Sudamérica,Tribunal F,4620.0,no,no,40,117.0,0,5,124,124
EXP-00855,cancelacion,no,no,no,Sudamérica,Tribunal A,1871.0,no,no,26,248.6,0,6,551,559
EXP-00856,asilo,si,no,si,Europa,Tribunal A,1670.0,no,no,33,54.9,0,1,133,141
EXP-00857,asilo,no,no,no,Centroamérica,Tribunal E,2599.0,no,no,29,39.4,0,2,248,252
EXP-00858,salida_voluntaria,si,no,no,Centroamérica,Tribunal B,2512.0,si,no,18,1.2,1,0,28,34
EXP-00858,salida_voluntaria,si,no,no,Centroamérica,Tribunal B,,no,no,2,0.0,0,0,28,34
EXP-00859,reinstalacion,si,si,no,Sudamérica,Tribunal A,2637.0,no,no,49,65.3,2,0,5,17
EXP-00859,reinstalacion,si,si,no,Sudamérica,Tribunal A,2637.0,no,no,8,54.6,0,0,5,19
EXP-00859,reinstalacion,si,si,no,Sudamérica,Tribunal A,2637.0,no,no,10,58.9,0,0,5,18
EXP-00860,reinstalacion,si,no,si,México,Tribunal D,5026.0,no,no,18,88.1,0,1,69,70
EXP-00861,ajuste_estatus,si,no,no,Centroamérica,Tribunal F,5220.0,no,si,36,109.3,0,0,352,355
EXP-00862,asilo,si,no,no,Centroamérica,Tribunal A,2338.0,no,no,35,38.1,3,1,162,176
EXP-00862,asilo,si,no,no,Centroamérica,Tribunal A,2338.0,no,no,36,35.7,0,1,162,179
EXP-00862,asilo,si,no,no,Centroamérica,Tribunal A,2338.0,no,no,7,26.6,0,1,162,179
EXP-00862,asilo,si,no,no,Centroamérica,Tribunal A,2338.0,no,no,1,29.7,0,1,162,179
EXP-00863,asilo,si,si,no,Centroamérica,Tribunal B,2511.0,no,si,43,40.9,0,3,153,167
EXP-00864,asilo,si,si,si,Centroamérica,Tribunal C,3981.0,no,si,28,52.6,0,6,443,451
EXP-00865,salida_voluntaria,no,si,no,Centroamérica,Tribunal C,4049.0,no,no,18,40.5,2,6,230,241
EXP-00865,salida_voluntaria,no,si,no,Centroamérica,Tribunal C,4049.0,no,no,40,32.9,0,6,230,242
EXP-00865,salida_voluntaria,no,si,no,Centroamérica,Tribunal C,4049.0,no,no,6,32.6,0,6,230,244
EXP-00866,asilo,si,no,no,México,Tribunal F,5293.0,no,si,40,49.1,0,5,550,550
EXP-00867,salida_voluntaria,si,no,no,México,Tribunal A,2769.0,si,no,28,41.4,0,0,21,31
EXP-00868,asilo,si,si,,Centroamérica,Tribunal B,3836.0,si,si,40,92.8,1,2,192,196
EXP-00868,asilo,si,si,no,Centroamérica,Tribunal B,3836.0,no,si,2,79.0,0,2,192,196
EXP-00869,asilo,no,si,no,Centroamérica,Tribunal B,3039.0,no,no,53,17.6,0,6,354,356
EXP-00870,cancelacion,si,no,no,Sudamérica,Tribunal D,4395.0,si,si,40,249.6,0,7,665,674
EXP-00871,asilo,si,no,si,Centroamérica,Tribunal C,4358.0,no,si,34,102.5,0,2,413,417
EXP-00872,reinstalacion,no,no,no,México,Tribunal C,4251.0,no,no,29,105.0,0,0,117,122
EXP-00873,miedo_creible,si,no,no,Centroamérica,Tribunal C,3483.0,si,no,52,40.7,0,0,15,21
EXP-00874,miedo_creible,si,si,no,Centroamérica,Tribunal A,1713.0,no,no,40,45.2,0,0,16,18
EXP-00875,miedo_creible,si,no,no,México,Tribunal E,2382.0,no,no,41,,0,0,1,7
EXP-00876,miedo_creible,si,si,no,Sudamérica,Tribunal C,2990.0,no,no,35,36.7,0,0,12,13
EXP-00877,reinstalacion,si,no,no,Sudamérica,Tribunal B,3599.0,no,no,35,41.4,0,0,10,15
EXP-00878,asilo,si,no,si,Sudamérica,Tribunal B,2967.0,no,no,36,40.4,0,6,112,124
EXP-00879,asilo,si,no,si,Centroamérica,Tribunal B,3106.0,no,no,18,61.7,0,1,191,199
EXP-00880,asilo,si,no,no,Centroamérica,Tribunal B,2555.0,no,no,38,21.6,2,1,83,85
EXP-00880,asilo,si,no,no,Centroamérica,Tribunal B,2555.0,no,no,4,14.9,0,1,83,88
EXP-00880,asilo,si,no,no,Centroamérica,Tribunal B,2555.0,no,no,2,19.0,0,1,83,86
EXP-00881,miedo_creible,no,si,no,Centroamérica,Tribunal E,2837.0,no,no,21,72.5,0,2,25,34
EXP-00882,ajuste_estatus,si,no,no,México,Tribunal A,3630.0,no,no,42,,0,0,82,82
EXP-00883,miedo_creible,no,no,no,Sudamérica,Tribunal B,2769.0,no,no,41,56.7,0,1,28,36
EXP-00884,salida_voluntaria,no,no,no,Centroamérica,Tribunal D,4531.0,no,no,24,75.6,0,1,69,79
EXP-00885,asilo,si,no,no,Centroamérica,Tribunal E,2001.0,si,si,44,6.2,0,2,125,133
EXP-00886,reinstalacion,si,no,no,Centroamérica,Tribunal C,2920.0,no,no,38,24.0,0,1,12,21
EXP-00887,ajuste_estatus,si,si,no,Centroamérica,Tribunal A,2847.0,no,no,19,28.6,1,1,82,96
EXP-00887,ajuste_estatus,si,si,no,Centroamérica,Tribunal A,2847.0,no,no,30,22.1,0,1,82,99
EXP-00888,reinstalacion,si,no,no,México,Tribunal E,,si,no,30,98.5,0,0,26,27
EXP-00889,asilo,no,si,no,Sudamérica,Tribunal A,3468.0,no,no,34,62.8,0,6,329,335
EXP-00890,reinstalacion,si,no,si,Sudamérica,Tribunal A,2644.0,no,no,41,11.7,0,1,32,41
EXP-00891,asilo,si,si,si,Caribe,Tribunal F,6178.0,no,si,27,39.6,0,3,493,497
EXP-00892,ajuste_estatus,si,si,no,África,Tribunal B,3044.0,no,si,33,53.5,0,4,236,237
EXP-00893,asilo,si,no,,Asia,Tribunal D,5141.0,no,si,43,179.9,3,9,543,552
EXP-00893,asilo,si,no,si,Asia,Tribunal D,5141.0,no,si,6,169.0,0,9,543,552
EXP-00893,asilo,si,no,si,Asia,Tribunal D,5141.0,no,si,10,167.5,0,9,543,553
EXP-00893,asilo,si,no,si,Asia,Tribunal D,5141.0,no,si,15,175.2,0,9,543,554
EXP-00894,salida_voluntaria,si,si,no,Centroamérica,Tribunal A,2122.0,no,no,21,31.2,0,0,49,53
EXP-00895,ajuste_estatus,si,no,no,Sudamérica,Tribunal C,4051.0,no,si,39,76.3,2,3,134,144
EXP-00895,ajuste_estatus,si,no,no,Sudamérica,Tribunal C,4051.0,no,si,40,62.1,0,3,134,145
EXP-00895,ajuste_estatus,si,no,no,Sudamérica,Tribunal C,4051.0,no,si,9,62.8,0,3,134,145
EXP-00896,asilo,no,si,si,Sudamérica,Tribunal B,3458.0,no,no,42,38.7,0,12,541,552
EXP-00897,asilo,no,si,si,África,Tribunal B,3113.0,no,no,42,37.6,2,18,729,729
EXP-00897,asilo,no,si,si,África,Tribunal B,3113.0,no,no,3,24.8,0,18,729,730
EXP-00897,asilo,no,si,,África,Tribunal B,3113.0,no,no,4,25.5,0,18,729,730
EXP-00898,asilo,si,no,no,Centroamérica,Tribunal C,4208.0,no,no,18,51.8,0,3,196,202
EXP-00899,asilo,no,no,si,Centroamérica,Tribunal A,2439.0,no,no,18,102.9,1,4,349,358
EXP-00899,asilo,no,no,si,Centroamérica,Tribunal A,2439.0,no,no,16,93.0,0,4,349,359
EXP-00900,salida_voluntaria,no,no,no,México,Tribunal A,3170.0,no,no,31,80.1,2,0,70,76
EXP-00900,salida_voluntaria,no,no,no,México,Tribunal A,3170.0,no,no,15,75.4,0,0,70,77
EXP-00900,salida_voluntaria,no,no,no,México,Tribunal A,3170.0,no,no,9,77.5,0,0,70,76
EXP-00901,asilo,si,no,no,México,Tribunal E,2710.0,no,si,36,60.0,0,4,190,193
EXP-00902,asilo,si,no,no,Centroamérica,Tribunal D,4565.0,no,si,37,,0,0,193,193
EXP-00903,asilo,si,no,si,Europa,Tribunal A,2280.0,no,si,37,72.4,0,4,109,118
EXP-00904,asilo,no,no,no,Centroamérica,Tribunal D,5142.0,si,no,18,98.0,1,7,493,493
EXP-00904,asilo,no,no,no,Centroamérica,Tribunal D,5142.0,no,no,26,92.3,0,7,493,496
EXP-00905,asilo,si,no,no,África,Tribunal C,3851.0,si,si,24,41.1,0,0,185,192
EXP-00906,miedo_creible,si,no,no,Centroamérica,Tribunal E,2472.0,no,no,31,86.9,0,0,3,12
EXP-00907,reinstalacion,si,no,no,México,Tribunal A,1646.0,si,no,34,21.1,0,0,18,21
EXP-00908,salida_voluntaria,si,no,si,Sudamérica,Tribunal D,4100.0,no,si,38,63.3,2,2,88,98
EXP-00908,salida_voluntaria,si,no,si,Sudamérica,Tribunal D,4100.0,no,si,5,54.2,0,2,88,98
EXP-00908,salida_voluntaria,si,no,si,Sudamérica,Tribunal D,4100.0,no,si,5,58.8,0,2,88,99
EXP-00909,asilo,si,no,no,Centroamérica,Tribunal D,4648.0,no,si,44,77.6,1,2,190,197
EXP-00909,asilo,si,no,no,Centroamérica,Tribunal D,4648.0,no,si,5,76.1,0,2,190,199
EXP-00910,salida_voluntaria,no,si,no,Centroamérica,Tribunal A,2710.0,no,no,43,26.0,2,0,37,40
EXP-00910,salida_voluntaria,no,si,no,Centroamérica,Tribunal A,2710.0,no,no,28,18.1,0,0,37,43
EXP-00910,salida_voluntaria,no,si,no,Centroamérica,Tribunal A,2710.0,no,no,1,19.9,0,0,37,43
EXP-00911,asilo,no,no,no,Sudamérica,Tribunal A,1780.0,no,no,35,19.5,0,2,272,278
EXP-00912,asilo,si,no,no,Centroamérica,Tribunal A,2750.0,no,no,18,54.7,0,1,67,77
EXP-00913,salida_voluntaria,si,no,no,México,Tribunal B,3293.0,no,no,34,85.3,1,0,57,59
EXP-00913,salida_voluntaria,si,no,no,México,Tribunal B,3293.0,no,no,23,82.7,0,0,57,60
EXP-00914,miedo_creible,si,no,si,Centroamérica,Tribunal A,2492.0,no,no,25,7.5,0,0,32,37
EXP-00915,asilo,si,no,no,Europa,Tribunal B,3420.0,si,si,46,40.9,0,2,120,125
EXP-00916,salida_voluntaria,no,si,no,Centroamérica,Tribunal A,2216.0,no,no,48,93.3,1,0,57,71
EXP-00916,salida_voluntaria,no,si,no,Centroamérica,Tribunal A,2216.0,no,no,1,83.7,0,0,57,74
EXP-00917,asilo,si,no,no,Sudamérica,Tribunal E,1888.0,si,no,29,64.0,1,1,121,122
EXP-00917,asilo,si,no,no,Sudamérica,Tribunal E,1888.0,no,no,29,54.0,0,1,121,122
EXP-00918,reinstalacion,no,si,no,México,Tribunal C,3146.0,no,no,21,111.2,0,0,93,101
EXP-00919,salida_voluntaria,no,no,no,México,Tribunal B,2899.0,no,no,36,44.7,2,0,58,66
EXP-00919,salida_voluntaria,no,no,,México,Tribunal B,2899.0,no,no,24,43.8,0,0,58,67
EXP-00919,salida_voluntaria,no,no,no,México,Tribunal B,2899.0,no,no,6,36.7,0,0,58,66
EXP-00920,salida_voluntaria,no,si,no,México,Tribunal B,3522.0,no,no,27,61.7,0,1,101,108
EXP-00921,reinstalacion,si,si,no,África,Tribunal A,2889.0,no,no,44,94.7,0,0,15,25
EXP-00922,asilo,si,no,no,Sudamérica,Tribunal A,3115.0,no,si,41,23.3,0,4,116,126
EXP-00923,reinstalacion,si,si,no,Centroamérica,Tribunal C,4355.0,no,no,35,43.4,0,0,37,42
EXP-00924,asilo,no,si,no,Centroamérica,Tribunal D,4724.0,no,no,47,153.9,1,9,879,879
EXP-00924,asilo,no,si,no,Centroamérica,Tribunal D,4724.0,no,no,14,150.1,0,9,879,880
EXP-00925,salida_voluntaria,no,si,no,México,Tribunal D,4450.0,no,no,35,167.6,0,4,135,146
EXP-00926,miedo_creible,si,si,si,Centroamérica,Tribunal D,4005.0,no,no,21,58.2,0,0,43,43
EXP-00927,asilo,si,si,no,Centroamérica,Tribunal F,4483.0,no,no,18,46.3,0,4,387,389
EXP-00928,asilo,si,no,,Caribe,Tribunal A,1875.0,no,si,26,15.1,0,1,173,174
EXP-00929,miedo_creible,si,si,no,Caribe,Tribunal C,3015.0,no,no,37,23.7,0,0,5,18
EXP-00930,miedo_creible,si,no,no,Centroamérica,Tribunal E,1958.0,si,no,39,8.6,0,0,3,15
EXP-00931,ajuste_estatus,si,no,si,Asia,Tribunal D,4769.0,no,no,18,62.5,1,3,254,267
EXP-00931,ajuste_estatus,si,no,si,Asia,Tribunal D,4769.0,no,no,16,,0,3,254,268
EXP-00932,reinstalacion,si,no,no,Sudamérica,Tribunal C,3911.0,no,no,40,93.4,0,0,45,46
EXP-00933,asilo,si,no,si,Caribe,Tribunal C,4047.0,si,si,18,81.2,3,4,286,294
EXP-00933,asilo,si,no,si,Caribe,Tribunal C,4047.0,no,si,3,70.3,0,4,286,297
EXP-00933,asilo,si,no,si,Caribe,Tribunal C,4047.0,no,si,14,81.3,0,4,286,297
EXP-00933,asilo,si,no,si,Caribe,Tribunal C,4047.0,no,si,8,73.1,0,4,286,294
EXP-00934,salida_voluntaria,no,si,no,Centroamérica,Tribunal A,3203.0,no,no,25,53.6,0,0,63,65
EXP-00935,reinstalacion,si,no,si,Centroamérica,Tribunal D,4695.0,no,no,37,103.2,0,3,88,100
EXP-00936,reinstalacion,si,no,no,México,Tribunal C,4101.0,no,no,38,32.0,0,1,39,39
EXP-00937,ajuste_estatus,si,no,no,Asia,Tribunal C,3424.0,no,si,24,115.6,0,3,189,203
EXP-00938,asilo,no,no,si,Caribe,Tribunal D,4071.0,no,no,25,70.6,0,7,457,469
EXP-00939,salida_voluntaria,si,no,no,México,Tribunal A,2013.0,no,si,26,11.2,0,3,42,55
EXP-00940,asilo,no,si,no,Sudamérica,Tribunal D,4284.0,no,no,35,91.5,3,18,941,944
EXP-00940,asilo,no,si,no,Sudamérica,Tribunal D,4284.0,no,no,3,,0,18,941,945
EXP-00940,asilo,no,si,no,Sudamérica,Tribunal D,4284.0,no,no,1,81.1,0,18,941,947
EXP-00940,asilo,no,si,no,Sudamérica,Tribunal D,4284.0,no,no,9,88.8,0,18,941,945
EXP-00941,reinstalacion,si,no,no,Centroamérica,Tribunal A,2252.0,no,no,23,29.3,0,0,8,16
EXP-00942,asilo,no,no,no,Caribe,Tribunal A,2588.0,no,no,29,69.4,0,2,345,357
EXP-00943,salida_voluntaria,no,si,no,Centroamérica,Tribunal B,2616.0,no,no,35,58.9,3,1,121,124
EXP-00943,salida_voluntaria,no,si,no,Centroamérica,Tribunal B,2616.0,no,no,22,51.9,0,1,121,124
EXP-00943,salida_voluntaria,no,si,no,Centroamérica,Tribunal B,2616.0,no,no,10,55.2,0,1,121,127
EXP-00943,salida_voluntaria,no,si,no,Centroamérica,Tribunal B,2616.0,no,no,13,53.1,0,1,121,125
EXP-00944,salida_voluntaria,si,no,no,Centroamérica,Tribunal E,1671.0,no,no,38,51.7,0,2,22,32
EXP-00945,asilo,si,si,si,Sudamérica,Tribunal E,1478.0,no,si,27,22.4,4,2,171,183
EXP-00945,asilo,si,si,si,Sudamérica,Tribunal E,1478.0,no,si,8,11.8,0,2,171,183
EXP-00945,asilo,si,si,si,Sudamérica,Tribunal E,1478.0,no,si,4,17.3,0,2,171,185
EXP-00945,asilo,si,si,si,Sudamérica,Tribunal E,1478.0,no,si,14,17.6,0,2,171,183
EXP-00945,asilo,si,si,si,Sudamérica,Tribunal E,1478.0,no,si,12,14.1,0,2,171,184
EXP-00946,miedo_creible,si,no,si,Centroamérica,Tribunal A,2812.0,no,no,19,92.3,0,1,19,27
EXP-00947,asilo,no,si,si,Sudamérica,Tribunal A,2902.0,no,no,21,41.5,1,9,548,556
EXP-00947,asilo,no,si,si,Sudamérica,Tribunal A,2902.0,no,no,9,39.4,0,9,548,557
EXP-00948,asilo,no,no,si,África,Tribunal D,4138.0,no,no,35,45.1,0,3,235,235
EXP-00949,asilo,si,no,no,México,Tribunal B,2917.0,no,si,32,43.9,0,3,167,170
EXP-00950,ajuste_estatus,si,si,no,México,Tribunal C,4438.0,no,si,18,26.4,0,3,152,160
EXP-00951,cancelacion,no,si,no,Centroamérica,Tribunal B,2433.0,no,no,41,144.6,0,11,642,653
EXP-00952,reinstalacion,si,no,no,México,Tribunal E,1905.0,si,no,38,77.9,0,0,19,19
EXP-00953,reinstalacion,si,no,no,Centroamérica,Tribunal A,3137.0,no,no,24,13.6,0,1,16,25
EXP-00954,asilo,no,no,si,Asia,Tribunal B,3739.0,no,no,34,29.9,2,6,333,333
EXP-00954,asilo,no,no,si,Asia,Tribunal B,,no,no,13,20.1,0,6,333,333
EXP-00954,asilo,no,no,si,Asia,Tribunal B,3739.0,no,no,12,18.4,0,6,333,334
EXP-00955,asilo,si,no,no,México,Tribunal E,2285.0,no,no,18,58.8,1,1,72,72
EXP-00955,asilo,si,no,no,México,Tribunal E,2285.0,no,no,35,49.3,0,1,72,72
EXP-00956,salida_voluntaria,no,no,no,Sudamérica,Tribunal C,4473.0,no,no,25,,1,3,197,208
EXP-00956,salida_voluntaria,no,no,no,Sudamérica,Tribunal C,4473.0,no,no,33,11.7,0,3,197,209
EXP-00957,ajuste_estatus,no,no,no,Caribe,Tribunal B,2534.0,no,no,21,165.4,0,3,393,399
EXP-00958,ajuste_estatus,si,no,si,Sudamérica,Tribunal D,5389.0,no,no,31,16.5,2,2,214,219
EXP-00958,ajuste_estatus,si,no,si,Sudamérica,Tribunal D,5389.0,no,no,19,12.4,0,2,214,219
EXP-00958,ajuste_estatus,si,no,si,Sudamérica,Tribunal D,5389.0,no,no,5,10.7,0,2,214,221
EXP-00959,ajuste_estatus,si,no,no,Centroamérica,Tribunal A,3155.0,no,si,26,27.6,3,1,88,93
EXP-00959,ajuste_estatus,si,no,no,Centroamérica,Tribunal A,3155.0,no,si,6,22.4,0,1,88,95
EXP-00959,ajuste_estatus,si,no,no,Centroamérica,Tribunal A,3155.0,no,si,9,25.0,0,1,88,93
EXP-00959,ajuste_estatus,si,no,no,Centroamérica,Tribunal A,3155.0,no,si,14,20.2,0,1,88,93
EXP-00960,asilo,si,si,no,México,Tribunal C,3979.0,no,si,32,28.5,0,3,254,266
EXP-00961,ajuste_estatus,no,no,no,México,Tribunal E,2574.0,no,no,36,,1,3,283,287
EXP-00961,ajuste_estatus,no,no,no,México,Tribunal E,2574.0,no,no,25,4.3,0,3,283,289
EXP-00962,ajuste_estatus,si,no,si,Centroamérica,Tribunal B,3819.0,si,no,33,18.3,1,2,131,135
EXP-00962,ajuste_estatus,si,no,si,Centroamérica,Tribunal B,3819.0,no,no,47,11.1,0,2,131,136
EXP-00963,asilo,si,no,no,México,Tribunal E,2695.0,no,si,23,47.5,0,0,66,73
EXP-00964,asilo,si,si,no,Caribe,Tribunal C,3814.0,no,no,33,109.4,1,4,122,122
EXP-00964,asilo,si,si,no,Caribe,Tribunal C,3814.0,no,no,26,98.7,0,4,122,123
EXP-00965,asilo,si,no,no,México,Tribunal D,3432.0,no,si,35,46.6,0,2,213,214
EXP-00966,asilo,no,si,si,Asia,Tribunal D,4049.0,no,no,34,69.5,0,20,1248,1260
EXP-00967,asilo,no,no,no,Centroamérica,Tribunal B,3474.0,no,no,33,25.5,1,4,281,293
EXP-00967,asilo,no,no,no,Centroamérica,Tribunal B,3474.0,no,no,42,23.6,0,4,281,296
EXP-00968,miedo_creible,si,si,no,Centroamérica,Tribunal A,1997.0,no,no,30,22.7,0,0,5,14
EXP-00969,asilo,si,si,,Asia,Tribunal D,5137.0,no,si,24,96.1,1,14,970,978
EXP-00969,asilo,si,si,si,Asia,Tribunal D,5137.0,no,si,5,85.7,0,14,970,981
EXP-00970,cancelacion,no,no,no,México,Tribunal B,3419.0,no,no,38,139.2,1,7,475,475
EXP-00970,cancelacion,no,no,no,México,Tribunal B,3419.0,no,no,20,132.1,0,7,475,478
EXP-00971,asilo,si,no,si,Europa,Tribunal F,4587.0,no,si,27,70.2,0,0,303,312
EXP-00972,asilo,no,si,no,Centroamérica,Tribunal F,5121.0,no,no,40,63.3,0,8,571,573
EXP-00973,salida_voluntaria,si,si,no,México,Tribunal A,3075.0,si,no,24,51.2,0,0,19,33
EXP-00974,miedo_creible,si,no,si,Centroamérica,Tribunal E,3161.0,no,no,37,46.3,0,2,55,68
EXP-00975,miedo_creible,si,si,no,Centroamérica,Tribunal B,2700.0,si,no,36,11.1,0,1,12,19
EXP-00976,salida_voluntaria,no,no,no,México,Tribunal B,2659.0,si,no,33,79.1,3,0,70,74
EXP-00976,salida_voluntaria,no,no,no,México,Tribunal B,2659.0,no,no,41,74.1,0,0,70,76
EXP-00976,salida_voluntaria,no,no,no,México,Tribunal B,2659.0,no,no,6,74.8,0,0,70,76
EXP-00976,salida_voluntaria,no,no,no,México,Tribunal B,,no,no,15,73.2,0,0,70,74
EXP-00977,miedo_creible,si,si,no,Sudamérica,Tribunal C,4769.0,no,no,33,,0,1,61,64
EXP-00978,reinstalacion,si,si,no,Sudamérica,Tribunal E,1964.0,no,no,31,45.8,0,0,21,32
EXP-00979,salida_voluntaria,no,si,no,Sudamérica,Tribunal A,2931.0,no,no,31,116.1,3,1,69,77
EXP-00979,salida_voluntaria,no,si,no,Sudamérica,Tribunal A,2931.0,no,no,24,110.4,0,1,69,79
EXP-00979,salida_voluntaria,no,si,no,Sudamérica,Tribunal A,2931.0,no,no,3,111.8,0,1,69,78
EXP-00979,salida_voluntaria,no,si,no,Sudamérica,Tribunal A,,no,no,10,111.7,0,1,69,77
EXP-00980,salida_voluntaria,si,no,no,Centroamérica,Tribunal E,2130.0,si,si,33,13.4,3,1,75,79
EXP-00980,salida_voluntaria,si,no,no,Centroamérica,Tribunal E,2130.0,no,si,10,7.9,0,1,75,79
EXP-00980,salida_voluntaria,si,no,no,Centroamérica,Tribunal E,2130.0,no,si,14,7.2,0,1,75,79
EXP-00980,salida_voluntaria,si,no,no,Centroamérica,Tribunal E,2130.0,no,si,11,14.7,0,1,75,81
EXP-00981,reinstalacion,si,no,si,México,Tribunal C,4400.0,no,no,26,95.0,0,2,29,43
EXP-00982,cancelacion,si,no,no,México,Tribunal A,2799.0,si,si,30,235.1,1,3,202,208
EXP-00982,cancelacion,si,no,no,México,Tribunal A,2799.0,no,si,12,233.5,0,3,202,208
EXP-00983,asilo,si,no,si,Sudamérica,Tribunal D,4489.0,no,si,18,,0,6,273,278
EXP-00984,asilo,no,si,si,Caribe,Tribunal A,2853.0,no,no,43,26.2,0,4,265,278
EXP-00985,ajuste_estatus,si,no,si,Asia,Tribunal D,3920.0,no,si,28,153.5,0,3,216,229
EXP-00986,asilo,si,no,si,Centroamérica,Tribunal C,3948.0,no,si,39,61.4,3,1,259,269
EXP-00986,asilo,si,no,si,Centroamérica,Tribunal C,3948.0,no,si,42,59.9,0,1,259,269
EXP-00986,asilo,si,no,si,Centroamérica,Tribunal C,3948.0,no,si,6,51.8,0,1,259,271
EXP-00986,asilo,si,no,si,Centroamérica,Tribunal C,3948.0,no,si,11,50.9,0,1,259,272
EXP-00987,asilo,si,no,no,Centroamérica,Tribunal E,1972.0,no,no,53,47.5,3,6,194,203
EXP-00987,asilo,si,no,no,Centroamérica,Tribunal E,1972.0,no,no,10,37.0,0,6,194,205
EXP-00987,asilo,si,no,no,Centroamérica,Tribunal E,1972.0,no,no,12,,0,6,194,206
EXP-00987,asilo,si,no,no,Centroamérica,Tribunal E,1972.0,no,no,5,39.9,0,6,194,203
EXP-00988,asilo,si,no,si,África,Tribunal F,5090.0,no,no,23,81.7,0,3,135,143
EXP-00989,reinstalacion,si,si,si,Centroamérica,Tribunal C,,no,no,24,108.7,0,3,117,126
EXP-00990,ajuste_estatus,no,si,no,México,Tribunal F,5042.0,no,no,34,18.2,0,3,287,291
EXP-00991,cancelacion,no,no,no,Centroamérica,Tribunal E,2473.0,no,no,42,153.8,4,1,376,389
EXP-00991,cancelacion,no,no,no,Centroamérica,Tribunal E,2473.0,no,no,7,147.1,0,1,376,389
EXP-00991,cancelacion,no,no,no,Centroamérica,Tribunal E,2473.0,no,no,14,139.4,0,1,376,390
EXP-00991,cancelacion,no,no,no,Centroamérica,Tribunal E,2473.0,no,no,7,150.0,0,1,376,391
EXP-00991,cancelacion,no,no,no,Centroamérica,Tribunal E,2473.0,no,no,9,150.8,0,1,376,390
EXP-00992,ajuste_estatus,no,si,no,Sudamérica,Tribunal D,3272.0,no,no,23,22.1,3,1,288,298
EXP-00992,ajuste_estatus,no,si,no,Sudamérica,Tribunal D,3272.0,no,no,40,17.6,0,1,288,301
EXP-00992,ajuste_estatus,no,si,no,Sudamérica,Tribunal D,3272.0,no,no,9,12.3,0,1,288,300
EXP-00992,ajuste_estatus,no,si,no,Sudamérica,Tribunal D,3272.0,no,no,8,12.0,0,1,288,298
EXP-00993,asilo,si,no,no,Centroamérica,Tribunal F,5618.0,no,no,35,11.1,0,6,306,314
EXP-00994,asilo,no,no,si,Sudamérica,Tribunal A,2422.0,no,no,42,14.0,0,5,469,475
EXP-00995,salida_voluntaria,no,no,no,México,Tribunal A,3582.0,si,no,27,79.4,0,0,43,57
EXP-00996,salida_voluntaria,si,no,no,México,Tribunal D,3805.0,no,no,36,50.2,3,0,70,80
EXP-00996,salida_voluntaria,si,no,no,México,Tribunal D,3805.0,no,no,12,45.8,0,0,70,80
EXP-00996,salida_voluntaria,si,no,no,México,Tribunal D,3805.0,no,no,4,45.6,0,0,70,81
EXP-00996,salida_voluntaria,si,no,no,México,Tribunal D,3805.0,no,no,4,52.4,0,0,70,83
EXP-00997,asilo,no,no,si,África,Tribunal A,2405.0,si,no,49,37.0,0,3,418,424
EXP-00998,miedo_creible,si,no,no,Centroamérica,Tribunal F,4612.0,no,no,35,8.0,0,0,20,34
EXP-00999,miedo_creible,si,no,si,Caribe,Tribunal D,4667.0,si,no,29,24.6,0,3,84,93
EXP-01000,asilo,si,no,si,Asia,Tribunal B,3781.0,no,si,18,16.0,0,5,270,280
EXP-01001,reinstalacion,si,si,no,Sudamérica,Tribunal E,2109.0,no,no,29,44.2,0,0,9,21
EXP-01002,asilo,no,no,no,Centroamérica,Tribunal F,5143.0,no,no,34,3.8,0,10,999,1010
EXP-01003,salida_voluntaria,si,no,no,México,Tribunal D,4826.0,no,si,29,67.6,3,2,131,136
EXP-01003,salida_voluntaria,si,no,no,México,Tribunal D,4826.0,no,si,19,60.5,0,2,131,136
EXP-01003,salida_voluntaria,si,no,no,México,Tribunal D,4826.0,no,si,14,60.4,0,2,131,138
EXP-01003,salida_voluntaria,si,no,no,México,Tribunal D,4826.0,no,si,2,58.0,0,2,131,137
EXP-01004,salida_voluntaria,si,no,no,Sudamérica,Tribunal C,3618.0,no,si,29,88.2,2,2,36,45
EXP-01004,salida_voluntaria,si,no,no,Sudamérica,Tribunal C,3618.0,no,si,28,75.4,0,2,36,45
EXP-01004,salida_voluntaria,si,no,no,Sudamérica,Tribunal C,3618.0,no,si,2,81.6,0,2,36,48
EXP-01005,cancelacion,no,si,no,Europa,Tribunal D,4239.0,no,no,37,150.5,1,11,864,876
EXP-01005,cancelacion,no,si,no,Europa,Tribunal D,4239.0,no,no,18,143.8,0,11,864,876
EXP-01006,asilo,si,si,no,México,Tribunal F,4767.0,no,si,31,113.1,0,5,451,456
EXP-01007,reinstalacion,si,no,no,Centroamérica,Tribunal F,5053.0,si,no,22,16.9,0,1,57,58
EXP-01008,asilo,si,no,no,Centroamérica,Tribunal B,3738.0,si,no,38,31.7,2,4,199,205
EXP-01008,asilo,si,no,no,Centroamérica,Tribunal B,3738.0,no,no,2,20.6,0,4,199,206
EXP-01008,asilo,si,no,no,Centroamérica,Tribunal B,3738.0,no,no,16,30.0,0,4,199,206
EXP-01009,miedo_creible,si,no,si,Sudamérica,Tribunal C,3701.0,si,no,28,200.6,0,0,23,37
EXP-01010,asilo,si,no,no,México,Tribunal A,2789.0,si,no,30,44.5,2,0,105,114
EXP-01010,asilo,si,no,no,México,Tribunal A,2789.0,no,no,29,39.8,0,0,105,115
EXP-01010,asilo,si,no,no,México,Tribunal A,2789.0,no,no,16,40.9,0,0,105,116
EXP-01011,ajuste_estatus,no,no,no,México,Tribunal E,1993.0,no,no,35,39.0,2,2,380,393
EXP-01011,ajuste_estatus,no,no,no,México,Tribunal E,1993.0,no,no,2,31.2,0,2,380,396
EXP-01011,ajuste_estatus,no,no,no,México,Tribunal E,1993.0,no,no,1,37.2,0,2,380,395
EXP-01012,miedo_creible,no,si,no,Centroamérica,Tribunal B,2845.0,no,no,40,12.8,0,2,33,46
EXP-01013,ajuste_estatus,no,si,no,Sudamérica,Tribunal A,2370.0,no,no,47,31.6,2,3,303,306
EXP-01013,ajuste_estatus,no,si,no,Sudamérica,Tribunal A,2370.0,no,no,16,30.6,0,3,303,308
EXP-01013,ajuste_estatus,no,si,no,Sudamérica,Tribunal A,2370.0,no,no,5,22.5,0,3,303,308
EXP-01014,miedo_creible,si,no,si,Sudamérica,Tribunal D,4656.0,no,no,28,39.5,0,1,45,53
EXP-01015,asilo,si,si,no,Caribe,Tribunal D,4454.0,no,no,27,26.3,0,2,178,180
EXP-01016,reinstalacion,si,no,no,México,Tribunal A,2209.0,no,no,25,73.4,0,1,10,23
EXP-01017,miedo_creible,si,no,si,Caribe,Tribunal C,3965.0,no,no,36,12.1,1,2,28,42
EXP-01017,miedo_creible,si,no,si,Caribe,Tribunal C,3965.0,no,no,16,9.5,0,2,28,45
EXP-01018,asilo,si,si,no,Caribe,Tribunal F,5174.0,no,no,37,15.9,2,4,330,335
EXP-01018,asilo,si,si,no,Caribe,Tribunal F,5174.0,no,no,51,16.5,0,4,330,335
EXP-01018,asilo,si,si,no,Caribe,Tribunal F,5174.0,no,no,8,8.4,0,4,330,336
EXP-01019,reinstalacion,si,no,no,Centroamérica,Tribunal A,2212.0,no,no,27,127.8,0,0,27,31
EXP-01020,cancelacion,si,no,no,Centroamérica,Tribunal B,3753.0,no,si,28,123.0,0,1,321,325
EXP-01021,ajuste_estatus,si,no,no,México,Tribunal C,3920.0,no,si,19,16.1,0,7,290,303
EXP-01022,asilo,no,si,si,Sudamérica,Tribunal F,5653.0,no,no,45,14.0,0,9,935,936
EXP-01023,miedo_creible,si,no,no,Centroamérica,Tribunal A,2821.0,no,no,29,16.4,0,1,23,25
EXP-01024,reinstalacion,si,no,no,Centroamérica,Tribunal F,5301.0,no,no,31,184.2,0,0,29,32
EXP-01025,asilo,si,si,no,Centroamérica,Tribunal C,4221.0,no,no,25,13.0,0,4,268,282
EXP-01026,miedo_creible,si,no,si,África,Tribunal F,5591.0,si,no,39,203.8,0,1,76,90
EXP-01027,reinstalacion,no,no,no,Sudamérica,Tribunal B,2705.0,no,no,34,11.3,0,1,35,46
EXP-01028,asilo,no,si,si,Asia,Tribunal D,4855.0,si,no,29,8.6,3,19,1130,1143
EXP-01028,asilo,no,si,si,Asia,Tribunal D,4855.0,no,no,33,0.8,0,19,1130,1146
EXP-01028,asilo,no,si,si,Asia,Tribunal D,4855.0,no,no,13,2.3,0,19,1130,1144
EXP-01028,asilo,no,si,si,Asia,Tribunal D,4855.0,no,no,13,0.0,0,19,1130,1146
EXP-01029,asilo,no,no,si,Asia,Tribunal F,5005.0,no,no,18,36.8,2,7,452,460
EXP-01029,asilo,no,no,si,Asia,Tribunal F,5005.0,no,no,5,32.1,0,7,452,463
EXP-01029,asilo,no,no,si,Asia,Tribunal F,5005.0,no,no,11,33.5,0,7,452,463
EXP-01030,asilo,no,si,si,Europa,Tribunal C,4333.0,no,no,26,20.5,1,8,784,789
EXP-01030,asilo,no,si,si,Europa,Tribunal C,4333.0,no,no,10,15.1,0,8,784,789
EXP-01031,asilo,no,si,no,Caribe,Tribunal C,3011.0,no,no,40,7.5,0,3,179,182
EXP-01032,asilo,no,no,no,Centroamérica,Tribunal E,2078.0,no,no,34,15.4,0,6,307,321
EXP-01033,asilo,si,no,no,México,Tribunal D,4287.0,si,si,30,75.9,0,2,143,153
EXP-01034,miedo_creible,si,no,no,Centroamérica,Tribunal A,2284.0,no,no,39,28.4,1,0,1,13
EXP-01034,miedo_creible,si,no,no,Centroamérica,Tribunal A,2284.0,no,no,14,20.3,0,0,1,14
EXP-01035,miedo_creible,si,no,si,Caribe,Tribunal B,2916.0,no,no,18,95.2,0,0,13,23
EXP-01036,reinstalacion,si,no,no,México,Tribunal D,4427.0,no,no,33,61.5,0,0,45,46
EXP-01037,cancelacion,si,si,si,Centroamérica,Tribunal E,1594.0,no,no,35,167.0,0,3,188,196
EXP-01038,asilo,si,no,no,Caribe,Tribunal A,2932.0,no,si,30,38.5,2,4,191,204
EXP-01038,asilo,si,no,no,Caribe,Tribunal A,2932.0,no,si,11,35.7,0,4,191,206
EXP-01038,asilo,si,no,no,Caribe,Tribunal A,2932.0,no,si,7,28.9,0,4,191,204
EXP-01039,asilo,si,no,si,África,Tribunal B,3093.0,no,no,31,76.0,0,1,104,118
EXP-01040,miedo_creible,si,no,si,Asia,Tribunal B,2869.0,no,no,43,21.9,0,1,125,133
EXP-01041,asilo,no,si,si,Asia,Tribunal D,4208.0,no,no,33,49.0,3,4,349,356
EXP-01041,asilo,no,si,si,Asia,Tribunal D,4208.0,no,no,20,41.2,0,4,349,359
EXP-01041,asilo,no,si,si,Asia,Tribunal D,4208.0,no,no,5,42.7,0,4,349,358
EXP-01041,asilo,no,si,si,Asia,Tribunal D,4208.0,no,no,15,46.4,0,4,349,357
EXP-01042,salida_voluntaria,no,no,si,Centroamérica,Tribunal F,5694.0,no,no,41,39.2,2,6,274,277
EXP-01042,salida_voluntaria,no,no,si,Centroamérica,Tribunal F,5694.0,no,no,28,26.4,0,6,274,279
EXP-01042,salida_voluntaria,no,no,si,Centroamérica,Tribunal F,5694.0,no,no,15,28.2,0,6,274,278
EXP-01043,salida_voluntaria,no,no,si,Asia,Tribunal E,2640.0,no,no,31,,0,3,130,131
EXP-01044,reinstalacion,si,no,si,Centroamérica,Tribunal B,3358.0,no,no,28,1.2,0,4,56,69
EXP-01045,salida_voluntaria,si,no,no,Centroamérica,Tribunal C,3660.0,si,no,36,52.8,0,0,39,51
EXP-01046,asilo,si,no,si,Caribe,Tribunal C,4447.0,no,si,28,24.6,0,1,156,158
EXP-01047,asilo,si,si,no,Sudamérica,Tribunal E,2182.0,si,no,30,9.8,0,3,142,156
EXP-01048,asilo,si,no,si,Asia,Tribunal F,4966.0,no,no,25,53.3,0,6,637,645
EXP-01049,asilo,si,si,no,Centroamérica,Tribunal C,3671.0,si,si,37,96.3,0,4,217,222
EXP-01050,ajuste_estatus,si,no,no,Sudamérica,Tribunal D,4627.0,no,no,50,41.0,2,0,146,158
EXP-01050,ajuste_estatus,si,no,no,Sudamérica,Tribunal D,4627.0,no,no,11,27.4,0,0,146,160
EXP-01050,ajuste_estatus,si,no,no,Sudamérica,Tribunal D,4627.0,no,no,4,36.3,0,0,146,161
EXP-01051,ajuste_estatus,si,si,no,México,Tribunal A,2471.0,no,si,27,45.1,0,5,170,180
EXP-01052,asilo,si,no,si,Centroamérica,Tribunal E,2249.0,no,si,18,42.2,2,4,190,203
EXP-01052,asilo,si,no,si,Centroamérica,Tribunal E,2249.0,no,si,16,32.3,0,4,190,206
EXP-01052,asilo,si,no,si,Centroamérica,Tribunal E,2249.0,no,si,16,38.3,0,4,190,205
EXP-01053,asilo,si,no,no,Centroamérica,Tribunal E,2625.0,si,no,33,70.8,0,2,127,133
EXP-01054,asilo,si,no,no,Centroamérica,Tribunal B,3187.0,si,si,32,38.6,0,1,103,114
EXP-01055,salida_voluntaria,si,no,no,México,Tribunal B,3699.0,no,no,20,84.4,0,0,31,42
EXP-01056,reinstalacion,si,no,no,México,Tribunal A,2114.0,si,no,39,91.5,0,0,12,19
EXP-01057,salida_voluntaria,no,si,no,Centroamérica,Tribunal F,4804.0,no,no,35,16.5,0,3,161,163
EXP-01058,miedo_creible,si,no,no,México,Tribunal E,1697.0,no,no,21,4.4,0,0,4,14
EXP-01059,reinstalacion,no,no,no,Centroamérica,Tribunal E,3193.0,si,no,35,35.9,0,0,32,34
EXP-01060,asilo,no,si,no,Sudamérica,Tribunal A,3394.0,no,no,34,27.8,4,12,427,441
EXP-01060,asilo,no,si,no,Sudamérica,Tribunal A,3394.0,no,no,5,19.3,0,12,427,441
EXP-01060,asilo,no,si,no,Sudamérica,Tribunal A,3394.0,no,no,15,18.9,0,12,427,443
EXP-01060,asilo,no,si,no,Sudamérica,Tribunal A,3394.0,no,no,3,26.0,0,12,427,441
EXP-01060,asilo,no,si,no,Sudamérica,Tribunal A,3394.0,no,no,7,18.0,0,12,427,444
EXP-01061,asilo,no,no,no,Centroamérica,Tribunal A,2138.0,no,no,29,36.6,0,3,264,277
EXP-01062,asilo,si,si,no,Centroamérica,Tribunal B,3708.0,no,no,29,34.1,2,3,227,233
EXP-01062,asilo,si,si,no,Centroamérica,Tribunal B,3708.0,no,no,16,22.0,0,3,227,234
EXP-01062,asilo,si,si,no,Centroamérica,Tribunal B,3708.0,no,no,11,25.7,0,3,227,233
EXP-01063,miedo_creible,si,no,no,México,Tribunal C,4065.0,no,no,36,55.5,0,1,19,20
EXP-01064,asilo,si,no,si,Asia,Tribunal F,5678.0,no,no,18,117.4,1,0,121,130
EXP-01064,asilo,si,no,si,Asia,Tribunal F,5678.0,no,no,18,115.2,0,0,121,130
EXP-01065,asilo,no,no,no,México,Tribunal A,2494.0,no,no,18,46.4,0,1,232,235
EXP-01066,miedo_creible,si,no,si,África,Tribunal D,5384.0,no,no,27,93.5,0,1,9,19
EXP-01067,miedo_creible,no,si,no,Centroamérica,Tribunal C,3852.0,no,no,24,,0,2,52,57
EXP-01068,reinstalacion,si,no,no,México,Tribunal F,5092.0,no,no,51,32.6,0,0,47,48
EXP-01069,ajuste_estatus,si,no,si,Caribe,Tribunal E,2517.0,no,no,21,23.6,2,4,107,108
EXP-01069,ajuste_estatus,si,no,si,Caribe,Tribunal E,2517.0,no,no,19,9.8,0,4,107,111
EXP-01069,ajuste_estatus,si,no,si,Caribe,Tribunal E,2517.0,no,no,4,14.1,0,4,107,111
EXP-01070,miedo_creible,si,no,no,México,Tribunal B,2381.0,si,no,27,98.2,0,0,21,25
EXP-01071,miedo_creible,si,si,si,Centroamérica,Tribunal D,4543.0,no,no,44,68.7,0,3,87,90
EXP-01072,reinstalacion,si,no,no,México,Tribunal D,5091.0,si,no,37,51.1,2,0,71,80
EXP-01072,reinstalacion,si,no,no,México,Tribunal D,5091.0,no,no,6,48.8,0,0,71,83
EXP-01072,reinstalacion,si,no,no,México,Tribunal D,5091.0,no,no,6,50.5,0,0,71,81
EXP-01073,asilo,si,no,no,Centroamérica,Tribunal C,4396.0,no,si,24,11.5,0,5,243,247
EXP-01074,asilo,si,no,no,México,Tribunal B,3481.0,si,no,22,,0,2,182,184
EXP-01075,miedo_creible,si,no,si,Caribe,Tribunal C,3921.0,no,no,18,,0,1,65,73
EXP-01076,miedo_creible,si,si,si,Caribe,Tribunal C,3260.0,no,no,34,39.4,0,1,37,37
EXP-01077,salida_voluntaria,si,si,no,Sudamérica,Tribunal A,3078.0,no,no,20,17.1,0,0,62,65
EXP-01078,ajuste_estatus,si,si,no,Centroamérica,Tribunal F,4383.0,no,no,37,38.9,1,1,112,124
EXP-01078,ajuste_estatus,si,si,no,Centroamérica,Tribunal F,4383.0,no,no,33,31.7,0,1,112,127
EXP-01079,asilo,si,no,no,Centroamérica,Tribunal D,4619.0,no,si,29,29.7,0,4,254,256
EXP-01080,asilo,no,si,si,Asia,Tribunal D,4505.0,no,no,30,40.2,0,19,770,770
EXP-01081,salida_voluntaria,si,no,no,México,Tribunal F,5304.0,no,si,29,58.8,3,1,98,108
EXP-01081,salida_voluntaria,si,no,no,México,Tribunal F,5304.0,no,si,30,60.0,0,1,98,109
EXP-01081,salida_voluntaria,si,no,no,México,Tribunal F,5304.0,no,si,13,56.0,0,1,98,110
EXP-01081,salida_voluntaria,si,no,no,México,Tribunal F,5304.0,no,si,6,57.0,0,1,98,109
EXP-01082,reinstalacion,si,si,si,México,Tribunal F,4859.0,no,no,26,6.0,0,4,110,124
EXP-01083,ajuste_estatus,si,si,si,Asia,Tribunal C,3166.0,no,si,29,1.2,0,4,333,338
EXP-01084,asilo,no,si,no,Caribe,Tribunal A,1475.0,no,no,38,76.2,0,2,226,233
EXP-01085,ajuste_estatus,no,si,no,Centroamérica,Tribunal D,4966.0,no,no,35,91.8,2,19,1072,1075
EXP-01085,ajuste_estatus,no,si,no,Centroamérica,Tribunal D,4966.0,no,no,13,88.4,0,19,1072,1078
EXP-01085,ajuste_estatus,no,si,no,Centroamérica,Tribunal D,4966.0,no,no,15,83.0,0,19,1072,1076
EXP-01086,cancelacion,si,no,no,México,Tribunal B,3388.0,no,si,36,174.9,1,6,240,242
EXP-01086,cancelacion,si,no,no,México,Tribunal B,3388.0,no,si,34,171.7,0,6,240,245
EXP-01087,asilo,si,si,no,Sudamérica,Tribunal D,4379.0,no,si,20,10.3,0,8,424,435
EXP-01088,asilo,si,no,si,Asia,Tribunal A,2553.0,no,no,21,180.2,0,0,47,48
EXP-01089,miedo_creible,si,si,no,Centroamérica,Tribunal E,2293.0,no,no,33,24.0,0,0,22,26
EXP-01090,asilo,si,no,si,Centroamérica,Tribunal A,2286.0,no,no,39,29.8,0,0,127,139
EXP-01091,miedo_creible,si,si,no,Centroamérica,Tribunal C,3693.0,no,no,22,108.0,0,0,21,25
EXP-01092,asilo,no,si,no,México,Tribunal A,1811.0,si,no,29,17.5,0,4,409,421
EXP-01093,ajuste_estatus,si,no,no,Centroamérica,Tribunal A,2155.0,no,si,38,26.1,0,0,156,158
EXP-01094,cancelacion,si,no,si,Sudamérica,Tribunal F,5915.0,si,si,35,175.2,0,7,849,860
EXP-01095,salida_voluntaria,si,no,no,Caribe,Tribunal B,3078.0,no,no,18,103.2,0,0,24,28
EXP-01096,salida_voluntaria,si,no,si,Centroamérica,Tribunal B,,no,no,42,14.1,1,0,85,94
EXP-01096,salida_voluntaria,si,no,si,Centroamérica,Tribunal B,4115.0,no,no,7,0.0,0,0,85,97
EXP-01097,asilo,no,no,no,Centroamérica,Tribunal A,3195.0,no,no,29,64.2,4,1,179,192
EXP-01097,asilo,no,no,no,Centroamérica,Tribunal A,3195.0,no,no,13,,0,1,179,193
EXP-01097,asilo,no,no,no,Centroamérica,Tribunal A,3195.0,no,no,11,53.5,0,1,179,192
EXP-01097,asilo,no,no,no,Centroamérica,Tribunal A,3195.0,no,no,2,51.8,0,1,179,194
EXP-01097,asilo,no,no,no,Centroamérica,Tribunal A,,no,no,12,58.3,0,1,179,195
EXP-01098,ajuste_estatus,si,no,si,Caribe,Tribunal C,3561.0,no,no,28,,2,0,158,171
EXP-01098,ajuste_estatus,si,no,si,Caribe,Tribunal C,3561.0,no,no,26,31.1,0,0,158,174
EXP-01098,ajuste_estatus,si,no,si,Caribe,Tribunal C,3561.0,no,no,1,32.2,0,0,158,173
EXP-01099,salida_voluntaria,no,no,no,México,Tribunal F,4741.0,no,no,43,9.7,0,4,175,175
EXP-01100,asilo,no,no,si,Europa,Tribunal A,2616.0,no,no,44,53.5,2,6,275,277
EXP-01100,asilo,no,no,si,Europa,Tribunal A,2616.0,no,no,13,45.4,0,6,275,277
EXP-01100,asilo,no,no,si,Europa,Tribunal A,2616.0,no,no,2,46.5,0,6,275,277
EXP-01101,asilo,no,no,no,Centroamérica,Tribunal D,3874.0,no,no,32,76.3,3,1,342,348
EXP-01101,asilo,no,no,no,Centroamérica,Tribunal D,3874.0,no,no,34,70.0,0,1,342,351
EXP-01101,asilo,no,no,no,Centroamérica,Tribunal D,3874.0,no,no,15,74.6,0,1,342,350
EXP-01101,asilo,no,no,no,Centroamérica,Tribunal D,3874.0,no,no,3,76.2,0,1,342,351
EXP-01102,asilo,si,si,si,Centroamérica,Tribunal B,3858.0,si,no,38,16.2,0,5,205,206
EXP-01103,miedo_creible,si,si,no,Centroamérica,Tribunal D,4328.0,no,no,23,23.1,0,1,27,38
EXP-01104,ajuste_estatus,no,si,no,Centroamérica,Tribunal A,2187.0,no,no,27,100.1,0,3,323,325
EXP-01105,ajuste_estatus,no,si,no,Caribe,Tribunal B,2754.0,no,no,48,30.3,1,2,183,192
EXP-01105,ajuste_estatus,no,si,no,Caribe,Tribunal B,2754.0,no,no,29,21.2,0,2,183,193
EXP-01106,salida_voluntaria,si,si,si,Asia,Tribunal D,4263.0,si,si,41,56.4,0,0,63,72
EXP-01107,salida_voluntaria,no,si,si,Asia,Tribunal C,3429.0,no,no,45,56.1,1,1,80,80
EXP-01107,salida_voluntaria,no,si,si,Asia,Tribunal C,3429.0,no,no,8,52.1,0,1,80,82
EXP-01108,reinstalacion,si,no,no,Centroamérica,Tribunal A,2777.0,no,no,39,32.9,0,0,3,15
EXP-01109,miedo_creible,si,no,no,Sudamérica,Tribunal B,2713.0,no,no,38,84.3,0,0,1,10
EXP-01110,miedo_creible,si,si,no,Centroamérica,Tribunal B,2195.0,no,no,35,,1,1,16,24
EXP-01110,miedo_creible,si,si,no,Centroamérica,Tribunal B,2195.0,no,no,19,5.6,0,1,16,26
EXP-01111,asilo,si,no,no,Centroamérica,Tribunal D,4731.0,no,si,24,87.9,0,1,254,264
EXP-01112,salida_voluntaria,no,si,no,Centroamérica,Tribunal C,3182.0,no,no,33,89.2,3,2,127,135
EXP-01112,salida_voluntaria,no,si,no,Centroamérica,Tribunal C,3182.0,no,no,34,80.1,0,2,127,138
EXP-01112,salida_voluntaria,no,si,no,Centroamérica,Tribunal C,3182.0,no,no,16,81.8,0,2,127,138
EXP-01112,salida_voluntaria,no,si,no,Centroamérica,Tribunal C,3182.0,no,no,12,83.5,0,2,127,136
EXP-01113,asilo,no,no,no,México,Tribunal D,4659.0,no,no,23,54.9,2,6,687,697
EXP-01113,asilo,no,no,no,México,Tribunal D,4659.0,no,no,25,,0,6,687,699
EXP-01113,asilo,no,no,no,México,Tribunal D,4659.0,no,no,14,45.1,0,6,687,700
EXP-01114,ajuste_estatus,no,si,no,Sudamérica,Tribunal E,2241.0,no,no,39,,0,5,330,344
EXP-01115,asilo,si,no,si,Sudamérica,Tribunal A,1646.0,no,si,36,10.6,1,2,149,153
EXP-01115,asilo,si,no,si,Sudamérica,Tribunal A,1646.0,no,si,13,1.7,0,2,149,153
EXP-01116,asilo,si,no,no,Centroamérica,Tribunal B,3274.0,no,si,35,74.5,0,2,141,152
EXP-01117,asilo,no,no,si,Caribe,Tribunal D,3689.0,no,no,35,46.9,0,4,491,492
EXP-01118,salida_voluntaria,no,si,si,Sudamérica,Tribunal D,3622.0,no,no,28,82.1,0,3,159,170
EXP-01119,asilo,no,si,no,México,Tribunal A,2440.0,no,no,42,110.9,0,5,283,294
EXP-01120,asilo,si,no,si,Centroamérica,Tribunal E,1376.0,no,no,19,26.3,0,2,83,91
EXP-01121,salida_voluntaria,si,si,no,México,Tribunal A,2714.0,no,no,20,20.4,2,1,38,39
EXP-01121,salida_voluntaria,si,si,no,México,Tribunal A,2714.0,no,no,31,13.6,0,1,38,40
EXP-01121,salida_voluntaria,si,si,no,México,Tribunal A,2714.0,no,no,14,13.4,0,1,38,39
EXP-01122,reinstalacion,si,si,no,México,Tribunal A,2512.0,no,no,30,37.6,0,0,22,27
EXP-01123,asilo,si,no,no,Centroamérica,Tribunal F,5585.0,no,no,29,56.8,0,2,264,274
EXP-01124,cancelacion,si,no,no,Centroamérica,Tribunal B,2421.0,no,si,25,174.0,0,3,172,174
EXP-01125,reinstalacion,si,no,no,México,Tribunal F,,no,no,41,54.8,0,0,64,69
EXP-01126,ajuste_estatus,si,no,no,México,Tribunal E,2483.0,no,si,40,42.6,0,1,130,137
EXP-01127,salida_voluntaria,si,no,no,México,Tribunal D,4142.0,no,no,29,115.8,1,2,72,74
EXP-01127,salida_voluntaria,si,no,no,México,Tribunal D,4142.0,no,no,25,109.4,0,2,72,76
EXP-01128,reinstalacion,si,si,no,Centroamérica,Tribunal C,4487.0,no,no,18,188.6,0,1,24,34
EXP-01129,asilo,si,no,si,Sudamérica,Tribunal A,1898.0,no,si,31,12.7,0,2,144,148
EXP-01130,asilo,si,no,no,Centroamérica,Tribunal C,3629.0,si,no,30,60.0,0,1,142,145
EXP-01131,salida_voluntaria,si,no,no,México,Tribunal D,4017.0,no,si,30,34.0,0,1,130,135
EXP-01132,miedo_creible,si,no,si,Sudamérica,Tribunal C,3908.0,no,no,31,67.6,0,0,16,27
EXP-01133,asilo,si,no,no,México,Tribunal A,2417.0,no,si,24,41.8,0,2,69,76
EXP-01134,asilo,si,no,no,Sudamérica,Tribunal C,3949.0,no,si,20,65.1,0,2,175,176
EXP-01135,reinstalacion,no,si,si,Caribe,Tribunal D,3871.0,no,no,18,55.9,0,6,184,185
EXP-01136,asilo,no,si,no,Centroamérica,Tribunal B,2565.0,no,no,28,43.0,0,10,277,283
EXP-01137,reinstalacion,si,no,no,México,Tribunal C,3539.0,si,no,31,,0,0,28,29
EXP-01138,asilo,si,si,si,Centroamérica,Tribunal B,2869.0,no,si,29,9.3,0,3,222,226
EXP-01139,miedo_creible,si,si,no,Centroamérica,Tribunal F,5115.0,no,no,35,30.4,0,0,49,51
EXP-01140,reinstalacion,si,si,no,Caribe,Tribunal D,,si,no,47,,0,1,49,53
EXP-01141,asilo,no,si,si,África,Tribunal E,2063.0,no,no,23,54.5,0,5,460,466
EXP-01142,salida_voluntaria,si,no,no,México,Tribunal D,4492.0,si,no,28,47.7,1,2,106,106
EXP-01142,salida_voluntaria,si,no,no,México,Tribunal D,4492.0,no,no,31,41.2,0,2,106,106
EXP-01143,asilo,si,no,no,Centroamérica,Tribunal E,1423.0,si,si,35,42.8,0,2,119,124
EXP-01144,miedo_creible,si,no,si,Caribe,Tribunal D,5033.0,no,no,26,77.5,0,0,25,38
EXP-01145,miedo_creible,si,no,si,Sudamérica,Tribunal B,3136.0,no,no,22,8.6,0,0,44,54
EXP-01146,salida_voluntaria,si,no,si,Asia,Tribunal A,2910.0,no,si,41,49.1,0,0,40,43
EXP-01147,salida_voluntaria,si,si,si,México,Tribunal E,2589.0,no,no,18,42.0,0,0,51,55
EXP-01148,reinstalacion,si,si,no,México,Tribunal A,3191.0,no,no,21,109.5,0,0,12,26
EXP-01149,salida_voluntaria,si,no,no,Centroamérica,Tribunal E,2321.0,no,si,27,123.8,0,0,24,37
EXP-01150,asilo,si,no,si,Sudamérica,Tribunal B,2244.0,no,si,38,53.2,1,0,104,104
EXP-01150,asilo,si,no,si,Sudamérica,Tribunal B,2244.0,no,si,14,42.7,0,0,104,105
EXP-01151,cancelacion,no,si,si,Caribe,Tribunal D,4724.0,no,no,29,127.1,0,16,1464,1466
EXP-01152,asilo,no,si,no,Centroamérica,Tribunal F,4972.0,no,no,23,59.8,0,10,695,706
EXP-01153,reinstalacion,si,no,no,Centroamérica,Tribunal D,4325.0,no,no,41,48.6,0,1,34,35
EXP-01154,asilo,no,si,no,Sudamérica,Tribunal B,4411.0,no,no,36,47.3,0,8,664,667
EXP-01155,ajuste_estatus,si,no,no,México,Tribunal D,4176.0,no,no,35,44.5,0,1,152,157
EXP-01156,miedo_creible,si,si,si,Europa,Tribunal B,2930.0,no,no,33,32.0,0,0,20,32
EXP-01157,ajuste_estatus,si,no,no,Caribe,Tribunal D,4217.0,no,no,33,52.0,2,1,76,90
EXP-01157,ajuste_estatus,si,no,no,Caribe,Tribunal D,4217.0,no,no,16,45.5,0,1,76,90
EXP-01157,ajuste_estatus,si,no,no,Caribe,Tribunal D,4217.0,no,no,6,43.7,0,1,76,91
EXP-01158,salida_voluntaria,si,si,no,Centroamérica,Tribunal E,1923.0,no,si,40,39.3,0,3,64,77
EXP-01159,asilo,no,si,si,África,Tribunal A,2471.0,si,no,28,25.3,0,4,217,222
EXP-01160,cancelacion,si,si,no,México,Tribunal F,4882.0,no,no,37,165.8,0,14,715,726
EXP-01161,reinstalacion,si,si,si,México,Tribunal B,3154.0,no,no,31,97.2,0,0,23,35
EXP-01162,asilo,si,no,no,Sudamérica,Tribunal C,4225.0,no,si,45,,1,3,201,214
EXP-01162,asilo,si,no,no,Sudamérica,Tribunal C,4225.0,no,si,1,65.2,0,3,201,214
EXP-01163,asilo,si,si,no,Caribe,Tribunal A,3229.0,no,no,21,47.2,2,3,269,272
EXP-01163,asilo,si,si,no,Caribe,Tribunal A,3229.0,no,no,28,35.2,0,3,269,273
EXP-01163,asilo,si,si,no,Caribe,Tribunal A,3229.0,no,no,12,41.8,0,3,269,273
EXP-01164,miedo_creible,si,si,no,Sudamérica,Tribunal D,4062.0,no,no,34,,0,1,25,31
EXP-01165,ajuste_estatus,si,no,no,Sudamérica,Tribunal B,3134.0,no,no,30,44.0,0,3,115,119
EXP-01166,miedo_creible,si,no,no,Centroamérica,Tribunal C,3351.0,no,no,23,20.2,0,0,1,13
EXP-01167,reinstalacion,si,no,no,México,Tribunal D,3748.0,no,no,36,57.9,0,0,19,30
EXP-01168,asilo,si,no,no,Sudamérica,Tribunal D,4259.0,no,si,30,34.4,0,4,306,310
EXP-01169,miedo_creible,si,si,si,Centroamérica,Tribunal B,2681.0,no,no,38,27.4,0,0,14,27
EXP-01170,reinstalacion,si,no,si,Centroamérica,Tribunal D,4630.0,si,no,31,137.3,0,0,51,58
EXP-01171,asilo,no,no,si,Asia,Tribunal D,4706.0,no,no,46,29.2,0,3,526,534
EXP-01172,asilo,si,no,no,Centroamérica,Tribunal C,4032.0,no,no,30,88.1,1,1,157,166
EXP-01172,asilo,si,no,no,Centroamérica,Tribunal C,4032.0,no,no,34,81.3,0,1,157,166
EXP-01173,asilo,no,si,si,Caribe,Tribunal E,2410.0,no,no,32,101.0,0,3,230,236
EXP-01174,miedo_creible,si,si,si,Centroamérica,Tribunal A,2773.0,no,no,19,79.0,0,1,27,31
EXP-01175,salida_voluntaria,si,no,no,México,Tribunal A,2824.0,no,si,37,51.0,1,0,27,40
EXP-01175,salida_voluntaria,si,no,no,México,Tribunal A,2824.0,no,si,21,38.6,0,0,27,42
EXP-01176,reinstalacion,si,si,no,México,Tribunal F,4791.0,no,no,42,72.1,1,4,93,104
EXP-01176,reinstalacion,si,si,no,México,Tribunal F,4791.0,no,no,15,67.4,0,4,93,105
EXP-01177,miedo_creible,si,si,no,México,Tribunal B,3914.0,no,no,37,38.8,0,0,20,24
EXP-01178,salida_voluntaria,si,no,si,África,Tribunal A,3024.0,no,si,47,49.9,2,1,29,40
EXP-01178,salida_voluntaria,si,no,si,África,Tribunal A,3024.0,no,si,36,,0,1,29,41
EXP-01178,salida_voluntaria,si,no,si,África,Tribunal A,3024.0,no,si,14,41.5,0,1,29,40
EXP-01179,reinstalacion,si,no,no,Sudamérica,Tribunal D,4618.0,no,no,31,16.1,0,0,26,35
EXP-01180,ajuste_estatus,si,no,no,Sudamérica,Tribunal A,2518.0,no,si,25,7.0,0,2,134,147
EXP-01181,cancelacion,si,no,no,México,Tribunal B,2656.0,no,si,28,180.2,3,1,245,258
EXP-01181,cancelacion,si,no,no,México,Tribunal B,2656.0,no,si,27,175.1,0,1,245,261
EXP-01181,cancelacion,si,no,no,México,Tribunal B,2656.0,no,si,4,167.2,0,1,245,260
EXP-01181,cancelacion,si,no,no,México,Tribunal B,2656.0,no,si,7,171.5,0,1,245,258
EXP-01182,miedo_creible,si,no,no,Centroamérica,Tribunal B,2978.0,no,no,18,27.3,0,0,1,9
EXP-01183,reinstalacion,si,no,no,México,Tribunal D,3967.0,no,no,28,28.9,1,0,19,31
EXP-01183,reinstalacion,si,no,no,México,Tribunal D,3967.0,no,no,35,21.4,0,0,19,33
EXP-01184,salida_voluntaria,no,si,si,Centroamérica,Tribunal E,2021.0,no,no,33,35.9,0,0,100,104
EXP-01185,ajuste_estatus,si,no,no,Centroamérica,Tribunal D,4481.0,no,si,28,68.1,2,1,221,224
EXP-01185,ajuste_estatus,si,no,no,Centroamérica,Tribunal D,4481.0,no,si,34,62.2,0,1,221,225
EXP-01185,ajuste_estatus,si,no,no,Centroamérica,Tribunal D,4481.0,no,si,5,65.5,0,1,221,226
EXP-01186,asilo,si,si,no,México,Tribunal C,3933.0,si,no,37,105.8,0,2,232,246
EXP-01187,salida_voluntaria,no,si,no,México,Tribunal B,2940.0,si,no,39,,0,0,187,195
EXP-01188,asilo,si,no,no,México,Tribunal E,1915.0,si,no,35,24.0,0,1,159,171
EXP-01189,ajuste_estatus,si,no,no,Centroamérica,Tribunal B,2646.0,no,no,37,136.8,1,0,92,99
EXP-01189,ajuste_estatus,si,no,no,Centroamérica,Tribunal B,2646.0,no,no,47,135.0,0,0,92,101
EXP-01190,ajuste_estatus,si,si,si,África,Tribunal E,2634.0,no,no,35,73.9,0,4,331,337
EXP-01191,reinstalacion,si,si,no,México,Tribunal F,4969.0,no,no,21,57.2,0,4,77,84
EXP-01192,miedo_creible,si,no,,Centroamérica,Tribunal B,2437.0,no,no,40,64.1,1,0,3,8
EXP-01192,miedo_creible,si,no,no,Centroamérica,Tribunal B,2437.0,no,no,34,59.8,0,0,3,8
EXP-01193,asilo,no,si,si,Sudamérica,Tribunal B,3583.0,no,no,41,20.2,0,4,631,638
EXP-01194,reinstalacion,si,no,no,Centroamérica,Tribunal B,2646.0,no,no,25,15.8,0,0,11,17
EXP-01195,ajuste_estatus,si,si,no,Sudamérica,Tribunal C,4407.0,no,no,26,7.9,3,5,235,238
EXP-01195,ajuste_estatus,si,si,no,Sudamérica,Tribunal C,4407.0,no,no,35,9.1,0,5,235,240
EXP-01195,ajuste_estatus,si,si,,Sudamérica,Tribunal C,4407.0,no,no,6,1.5,0,5,235,240
EXP-01195,ajuste_estatus,si,si,no,Sudamérica,Tribunal C,,no,no,5,5.6,0,5,235,238
EXP-01196,reinstalacion,si,no,no,México,Tribunal A,3249.0,no,no,42,69.6,0,0,6,17
EXP-01197,reinstalacion,si,no,no,Centroamérica,Tribunal B,3559.0,no,no,30,45.6,0,0,30,36
EXP-01198,ajuste_estatus,si,no,no,México,Tribunal A,3236.0,no,si,39,76.9,0,0,230,235
EXP-01199,ajuste_estatus,si,si,si,Centroamérica,Tribunal F,5159.0,no,no,48,104.4,1,5,373,386
EXP-01199,ajuste_estatus,si,si,si,Centroamérica,Tribunal F,5159.0,no,no,12,94.3,0,5,373,389
EXP-01200,asilo,si,no,no,Sudamérica,Tribunal D,4369.0,si,si,27,13.6,0,1,283,284
EXP-01201,ajuste_estatus,si,no,no,Sudamérica,Tribunal C,3581.0,no,si,25,77.5,0,1,173,176
EXP-01202,miedo_creible,si,si,no,Centroamérica,Tribunal A,2161.0,no,no,39,18.2,0,2,16,21
EXP-01203,ajuste_estatus,si,no,no,Centroamérica,Tribunal A,2560.0,si,no,38,52.0,2,2,103,111
EXP-01203,ajuste_estatus,si,no,no,Centroamérica,Tribunal A,2560.0,no,no,47,44.8,0,2,103,112
EXP-01203,ajuste_estatus,si,no,no,Centroamérica,Tribunal A,2560.0,no,no,7,52.1,0,2,103,112
EXP-01204,asilo,si,no,no,Europa,Tribunal E,2358.0,no,si,40,22.7,0,0,102,115
EXP-01205,miedo_creible,si,si,no,México,Tribunal B,2245.0,no,no,49,49.7,1,0,2,16
EXP-01205,miedo_creible,si,si,no,México,Tribunal B,2245.0,no,no,1,41.2,0,0,2,19
EXP-01206,salida_voluntaria,no,si,si,Asia,Tribunal A,1515.0,no,no,43,40.8,0,3,90,97
EXP-01207,asilo,si,no,no,Caribe,Tribunal A,2251.0,si,si,25,29.1,0,0,146,146
EXP-01208,cancelacion,si,no,si,África,Tribunal D,4254.0,no,si,43,170.0,0,5,280,294
EXP-01209,reinstalacion,si,no,no,Sudamérica,Tribunal C,4096.0,no,no,33,88.8,0,0,14,18
EXP-01210,salida_voluntaria,si,no,si,África,Tribunal D,3941.0,no,no,33,37.3,0,5,147,152
EXP-01211,asilo,no,si,no,Centroamérica,Tribunal A,3605.0,no,no,34,36.8,0,7,430,433
EXP-01212,asilo,no,no,no,Centroamérica,Tribunal B,3006.0,no,no,27,61.4,3,2,295,300
EXP-01212,asilo,no,no,no,Centroamérica,Tribunal B,3006.0,no,no,5,59.4,0,2,295,300
EXP-01212,asilo,no,no,no,Centroamérica,Tribunal B,3006.0,no,no,12,61.4,0,2,295,300
EXP-01212,asilo,no,no,no,Centroamérica,Tribunal B,3006.0,no,no,14,57.7,0,2,295,301
EXP-01213,asilo,no,si,no,Centroamérica,Tribunal F,5144.0,no,no,52,61.2,3,9,858,866
EXP-01213,asilo,no,si,no,Centroamérica,Tribunal F,5144.0,no,no,14,52.0,0,9,858,867
EXP-01213,asilo,no,si,no,Centroamérica,Tribunal F,5144.0,no,no,1,54.3,0,9,858,867
EXP-01213,asilo,no,si,no,Centroamérica,Tribunal F,5144.0,no,no,13,49.9,0,9,858,868
EXP-01214,miedo_creible,si,no,no,Centroamérica,Tribunal F,4637.0,si,no,26,16.4,0,1,24,24
EXP-01215,miedo_creible,si,no,si,África,Tribunal A,2087.0,no,no,26,50.9,0,0,16,17
EXP-01216,salida_voluntaria,si,si,si,Centroamérica,Tribunal A,2207.0,no,no,25,40.3,0,1,50,53
EXP-01217,asilo,no,no,si,África,Tribunal E,1940.0,no,no,29,47.9,0,4,188,188
EXP-01218,reinstalacion,si,si,no,México,Tribunal F,4807.0,no,no,35,78.9,0,0,38,52
EXP-01219,asilo,no,no,no,Sudamérica,Tribunal C,4105.0,no,no,21,15.5,1,5,322,325
EXP-01219,asilo,no,no,no,Sudamérica,Tribunal C,4105.0,no,no,4,16.2,0,5,322,327
EXP-01220,asilo,si,no,si,Asia,Tribunal B,3777.0,no,no,45,105.6,2,3,251,252
EXP-01220,asilo,si,no,si,Asia,Tribunal B,3777.0,no,no,53,106.8,0,3,251,253
EXP-01220,asilo,si,no,si,Asia,Tribunal B,3777.0,no,no,15,106.6,0,3,251,254
EXP-01221,reinstalacion,si,no,no,México,Tribunal B,3368.0,no,no,24,89.1,2,1,19,26
EXP-01221,reinstalacion,si,no,no,México,Tribunal B,3368.0,no,no,22,80.4,0,1,19,26
EXP-01221,reinstalacion,si,no,no,México,Tribunal B,3368.0,no,no,3,,0,1,19,29
EXP-01222,asilo,si,no,no,Centroamérica,Tribunal F,6157.0,no,no,39,26.9,0,7,338,344
EXP-01223,asilo,si,no,si,Sudamérica,Tribunal B,3020.0,no,no,18,5.1,0,1,165,172
EXP-01224,asilo,si,no,no,Centroamérica,Tribunal A,3036.0,no,si,19,22.7,1,2,130,140
EXP-01224,asilo,si,no,no,Centroamérica,Tribunal A,3036.0,no,si,16,16.6,0,2,130,142
EXP-01225,asilo,no,si,no,Centroamérica,Tribunal E,2155.0,no,no,18,41.3,0,9,417,421
EXP-01226,reinstalacion,si,si,no,México,Tribunal A,2783.0,no,no,42,43.2,0,1,45,46
EXP-01227,miedo_creible,si,no,no,Centroamérica,Tribunal A,1946.0,si,no,36,8.5,0,0,18,20
EXP-01228,ajuste_estatus,si,no,no,México,Tribunal E,1408.0,no,si,18,24.6,0,2,79,86
EXP-01229,reinstalacion,si,no,si,África,Tribunal E,2564.0,no,no,43,73.9,0,0,33,40
EXP-01230,miedo_creible,si,si,no,Sudamérica,Tribunal F,4983.0,no,no,31,55.2,0,1,38,45
EXP-01231,asilo,si,no,no,Caribe,Tribunal A,2658.0,si,no,33,3.9,0,2,76,79
EXP-01232,reinstalacion,si,no,no,México,Tribunal A,2238.0,no,no,57,27.8,0,0,31,33
EXP-01233,cancelacion,no,no,si,Centroamérica,Tribunal A,2875.0,no,no,29,131.1,0,0,272,275
EXP-01234,reinstalacion,si,si,no,México,Tribunal A,2755.0,no,no,18,23.2,0,0,15,20
EXP-01235,ajuste_estatus,si,no,no,Centroamérica,Tribunal B,2309.0,si,si,26,32.4,0,1,103,104
EXP-01236,asilo,si,no,si,Caribe,Tribunal A,1368.0,no,si,32,33.0,1,1,192,195
EXP-01236,asilo,si,no,si,Caribe,Tribunal A,1368.0,no,si,25,19.9,0,1,192,198
EXP-01237,cancelacion,si,no,no,Sudamérica,Tribunal A,2820.0,no,si,36,335.2,0,0,106,110
EXP-01238,asilo,si,no,no,Asia,Tribunal B,3220.0,no,si,34,68.2,0,1,118,119
EXP-01239,miedo_creible,si,no,si,Asia,Tribunal B,3580.0,no,no,31,47.0,0,0,28,35
EXP-01240,asilo,si,si,si,Caribe,Tribunal A,3589.0,no,no,26,41.5,0,5,270,278
EXP-01241,asilo,no,si,no,Centroamérica,Tribunal A,3297.0,no,no,43,66.6,0,9,389,400
EXP-01242,miedo_creible,si,no,no,Sudamérica,Tribunal E,1493.0,no,no,28,34.1,0,0,11,11
EXP-01243,salida_voluntaria,no,si,no,Centroamérica,Tribunal A,3071.0,no,no,40,112.0,0,0,110,116
EXP-01244,miedo_creible,si,no,si,África,Tribunal D,4887.0,si,no,32,57.8,0,4,137,137
EXP-01245,ajuste_estatus,si,si,no,Centroamérica,Tribunal A,2727.0,no,no,32,19.1,0,2,116,127
EXP-01246,ajuste_estatus,no,si,no,México,Tribunal D,4305.0,no,no,30,95.2,0,15,649,651
EXP-01247,asilo,no,si,no,Caribe,Tribunal B,3123.0,no,no,32,45.6,0,2,239,249
EXP-01248,ajuste_estatus,no,si,no,México,Tribunal A,2385.0,no,no,19,62.5,2,2,214,216
EXP-01248,ajuste_estatus,no,si,no,México,Tribunal A,2385.0,no,no,1,52.6,0,2,214,218
EXP-01248,ajuste_estatus,no,si,no,México,Tribunal A,2385.0,no,no,3,58.6,0,2,214,216
EXP-01249,reinstalacion,si,no,no,Caribe,Tribunal F,4952.0,no,no,23,96.0,0,1,58,59
EXP-01250,reinstalacion,si,no,si,África,Tribunal A,1845.0,no,no,18,52.4,0,0,34,35
EXP-01251,asilo,si,si,no,Centroamérica,Tribunal A,2709.0,no,si,39,11.1,1,3,176,182
EXP-01251,asilo,si,si,no,Centroamérica,Tribunal A,2709.0,no,si,40,3.4,0,3,176,183
EXP-01252,cancelacion,si,no,no,Centroamérica,Tribunal A,2752.0,no,no,31,126.1,4,0,97,108
EXP-01252,cancelacion,si,no,no,Centroamérica,Tribunal A,2752.0,no,no,9,117.9,0,0,97,109
EXP-01252,cancelacion,si,no,no,Centroamérica,Tribunal A,2752.0,no,no,13,119.5,0,0,97,108
EXP-01252,cancelacion,si,no,no,Centroamérica,Tribunal A,2752.0,no,no,7,123.1,0,0,97,110
EXP-01252,cancelacion,si,no,no,Centroamérica,Tribunal A,2752.0,no,no,14,120.8,0,0,97,108
EXP-01253,asilo,no,si,no,Centroamérica,Tribunal A,3193.0,no,no,18,69.4,0,2,225,232
EXP-01254,ajuste_estatus,no,si,si,Centroamérica,Tribunal A,2772.0,no,no,22,82.4,1,13,405,417
EXP-01254,ajuste_estatus,no,si,si,Centroamérica,Tribunal A,2772.0,no,no,31,78.7,0,13,405,418
EXP-01255,miedo_creible,si,si,si,Centroamérica,Tribunal C,4037.0,no,no,46,84.9,1,1,29,40
EXP-01255,miedo_creible,si,si,si,Centroamérica,Tribunal C,4037.0,no,no,13,84.8,0,1,29,42
EXP-01256,salida_voluntaria,si,no,no,México,Tribunal F,5469.0,no,si,28,101.0,0,1,75,81
EXP-01257,asilo,no,si,no,Centroamérica,Tribunal A,2773.0,no,no,26,42.2,0,9,371,375
EXP-01258,reinstalacion,si,no,no,Centroamérica,Tribunal A,3437.0,no,no,28,28.0,2,1,24,38
EXP-01258,reinstalacion,si,no,no,Centroamérica,Tribunal A,3437.0,no,no,9,23.3,0,1,24,40
EXP-01258,reinstalacion,si,no,no,Centroamérica,Tribunal A,3437.0,no,no,1,20.4,0,1,24,38
EXP-01259,asilo,no,si,no,Sudamérica,Tribunal A,,no,no,32,27.8,1,6,297,298
EXP-01259,asilo,no,si,no,Sudamérica,Tribunal A,3045.0,no,no,34,26.8,0,6,297,298
EXP-01260,asilo,no,no,no,Centroamérica,Tribunal D,5350.0,no,no,43,106.2,0,10,620,621
EXP-01261,ajuste_estatus,si,no,no,Caribe,Tribunal A,2916.0,no,si,32,37.4,0,3,160,166
EXP-01262,reinstalacion,si,no,si,Caribe,Tribunal D,4572.0,si,no,35,15.2,0,2,69,79
EXP-01263,asilo,no,si,no,Sudamérica,Tribunal A,3117.0,no,no,18,32.8,3,3,289,301
EXP-01263,asilo,no,si,no,Sudamérica,Tribunal A,3117.0,no,no,10,23.0,0,3,289,301
EXP-01263,asilo,no,si,no,Sudamérica,Tribunal A,3117.0,no,no,15,24.6,0,3,289,302
EXP-01263,asilo,no,si,no,Sudamérica,Tribunal A,3117.0,no,no,10,33.4,0,3,289,301
EXP-01264,reinstalacion,si,no,si,Caribe,Tribunal B,3723.0,no,no,43,20.4,0,2,53,66
EXP-01265,salida_voluntaria,no,si,si,Centroamérica,Tribunal A,2637.0,no,no,31,196.1,0,7,167,172
EXP-01266,reinstalacion,si,no,no,México,Tribunal C,3278.0,no,no,36,40.3,0,2,26,34
EXP-01267,asilo,si,no,si,Caribe,Tribunal E,2339.0,no,si,38,,0,2,136,142
EXP-01268,miedo_creible,si,si,no,Centroamérica,Tribunal B,3570.0,si,no,29,129.6,0,0,17,28
EXP-01269,reinstalacion,si,no,no,México,Tribunal A,2114.0,si,no,33,25.0,0,0,20,32
EXP-01270,asilo,no,si,si,Centroamérica,Tribunal F,5767.0,no,no,32,94.8,0,14,1235,1240
EXP-01271,asilo,si,no,no,Centroamérica,Tribunal A,3555.0,no,no,35,,0,0,120,127
EXP-01272,salida_voluntaria,si,no,no,México,Tribunal E,3279.0,no,si,36,35.0,0,0,70,71
EXP-01273,asilo,si,no,si,Europa,Tribunal B,2765.0,si,no,21,91.7,0,0,124,126
EXP-01274,reinstalacion,si,no,si,Sudamérica,Tribunal B,3295.0,no,no,31,44.7,0,0,37,40
EXP-01275,cancelacion,si,no,no,Centroamérica,Tribunal A,2591.0,si,si,25,170.9,0,3,268,279
EXP-01276,asilo,si,si,no,Centroamérica,Tribunal E,2180.0,no,no,28,,1,1,163,174
EXP-01276,asilo,si,si,no,Centroamérica,Tribunal E,2180.0,no,no,33,49.8,0,1,163,176
EXP-01277,miedo_creible,si,no,no,África,Tribunal C,3447.0,no,no,35,13.3,0,0,11,16
EXP-01278,asilo,no,no,,Europa,Tribunal F,4889.0,no,no,33,64.9,0,4,587,592
EXP-01279,salida_voluntaria,no,no,no,Centroamérica,Tribunal C,4596.0,no,no,18,31.1,0,2,105,105
EXP-01280,asilo,no,si,no,Sudamérica,Tribunal B,3328.0,no,no,24,,0,6,263,271
EXP-01281,ajuste_estatus,si,no,no,Sudamérica,Tribunal E,2000.0,no,no,18,59.5,0,0,74,78
EXP-01282,salida_voluntaria,no,si,,Centroamérica,Tribunal B,2420.0,no,no,38,102.4,0,2,55,55
EXP-01283,miedo_creible,si,no,no,Caribe,Tribunal B,2328.0,no,no,41,44.6,0,0,10,14
EXP-01284,asilo,no,si,si,Caribe,Tribunal B,3376.0,no,no,39,108.3,2,6,422,426
EXP-01284,asilo,no,si,si,Caribe,Tribunal B,3376.0,no,no,12,106.7,0,6,422,426
EXP-01284,asilo,no,si,si,Caribe,Tribunal B,3376.0,no,no,12,104.8,0,6,422,427
EXP-01285,asilo,si,si,no,Caribe,Tribunal E,1744.0,no,no,28,76.1,0,2,200,211
EXP-01286,ajuste_estatus,si,no,no,Caribe,Tribunal A,,si,si,43,20.6,1,0,105,105
EXP-01286,ajuste_estatus,si,no,,Caribe,Tribunal A,2231.0,no,si,28,18.3,0,0,105,107
EXP-01287,asilo,no,no,no,Sudamérica,Tribunal C,3428.0,no,no,31,68.3,3,5,288,302
EXP-01287,asilo,no,no,no,Sudamérica,Tribunal C,3428.0,no,no,31,58.5,0,5,288,305
EXP-01287,asilo,no,no,no,Sudamérica,Tribunal C,3428.0,no,no,9,61.9,0,5,288,305
EXP-01287,asilo,no,no,no,Sudamérica,Tribunal C,3428.0,no,no,9,68.6,0,5,288,304
EXP-01288,salida_voluntaria,no,si,no,Sudamérica,Tribunal E,1930.0,no,no,32,91.0,0,0,91,91
EXP-01289,cancelacion,no,no,no,Sudamérica,Tribunal F,4836.0,no,no,45,140.3,0,8,939,942
EXP-01290,asilo,si,no,si,Centroamérica,Tribunal B,3128.0,no,no,23,44.0,1,1,69,81
EXP-01290,asilo,si,no,si,Centroamérica,Tribunal B,3128.0,no,no,24,37.7,0,1,69,84
EXP-01291,reinstalacion,no,si,no,Centroamérica,Tribunal B,3286.0,no,no,33,24.2,0,2,150,164
EXP-01292,asilo,no,no,si,Caribe,Tribunal F,4568.0,no,no,27,12.9,0,5,471,484
EXP-01293,reinstalacion,si,no,si,Caribe,Tribunal C,4109.0,no,no,34,61.9,0,2,127,130
EXP-01294,cancelacion,si,no,,Centroamérica,Tribunal D,4899.0,no,no,27,213.0,0,4,432,437
EXP-01295,reinstalacion,si,no,no,Centroamérica,Tribunal B,2901.0,no,no,20,46.5,0,1,24,28
EXP-01296,reinstalacion,si,si,si,África,Tribunal B,2505.0,si,no,38,57.2,0,2,29,39
EXP-01297,reinstalacion,si,no,si,Asia,Tribunal C,3902.0,no,no,26,23.6,0,1,90,103
EXP-01298,ajuste_estatus,si,no,no,Centroamérica,Tribunal D,3530.0,no,si,38,54.8,3,3,260,266
EXP-01298,ajuste_estatus,si,no,no,Centroamérica,Tribunal D,3530.0,no,si,4,50.1,0,3,260,269
EXP-01298,ajuste_estatus,si,no,no,Centroamérica,Tribunal D,3530.0,no,si,2,48.6,0,3,260,267
EXP-01298,ajuste_estatus,si,no,no,Centroamérica,Tribunal D,3530.0,no,si,9,53.7,0,3,260,269
EXP-01299,asilo,si,si,no,Centroamérica,Tribunal C,4083.0,no,si,24,,0,4,279,282
EXP-01300,miedo_creible,si,si,no,México,Tribunal B,2984.0,si,no,44,19.1,0,0,3,14
EXP-01301,cancelacion,si,no,no,Centroamérica,Tribunal E,2039.0,no,si,43,173.2,0,2,135,140
EXP-01302,miedo_creible,si,no,no,Centroamérica,Tribunal A,3117.0,no,no,52,19.2,0,0,12,20
EXP-01303,asilo,si,si,no,Centroamérica,Tribunal E,1436.0,no,no,19,58.4,0,4,180,180
EXP-01304,miedo_creible,si,si,no,Sudamérica,Tribunal A,2225.0,no,no,26,72.9,0,0,15,22
EXP-01305,salida_voluntaria,si,si,no,Centroamérica,Tribunal A,2095.0,no,si,31,119.9,0,1,43,51
EXP-01306,miedo_creible,si,no,no,Centroamérica,Tribunal A,2490.0,no,no,29,56.2,0,0,1,7
EXP-01307,asilo,si,si,no,Centroamérica,Tribunal E,2214.0,no,si,32,57.6,0,5,242,256
EXP-01308,asilo,si,no,si,Europa,Tribunal B,3492.0,no,si,33,115.0,1,2,196,210
EXP-01308,asilo,si,no,si,Europa,Tribunal B,3492.0,no,si,13,111.7,0,2,196,211
EXP-01309,salida_voluntaria,si,no,si,Asia,Tribunal F,5444.0,no,si,27,26.8,2,0,223,235
EXP-01309,salida_voluntaria,si,no,si,Asia,Tribunal F,5444.0,no,si,12,21.3,0,0,223,236
EXP-01309,salida_voluntaria,si,no,si,Asia,Tribunal F,5444.0,no,si,11,20.2,0,0,223,237
EXP-01310,asilo,si,no,no,México,Tribunal C,3832.0,no,si,22,22.6,0,1,181,183
EXP-01311,asilo,si,no,no,Centroamérica,Tribunal F,5219.0,no,no,31,60.9,2,7,301,312
EXP-01311,asilo,si,no,no,Centroamérica,Tribunal F,5219.0,no,no,28,48.4,0,7,301,313
EXP-01311,asilo,si,no,no,Centroamérica,Tribunal F,5219.0,no,no,12,57.1,0,7,301,313
EXP-01312,cancelacion,si,si,no,México,Tribunal B,3604.0,no,no,42,149.1,0,3,635,637
EXP-01313,asilo,si,si,no,México,Tribunal C,4690.0,si,si,24,,2,1,183,196
EXP-01313,asilo,si,si,no,México,Tribunal C,4690.0,no,si,16,107.1,0,1,183,196
EXP-01313,asilo,si,si,,México,Tribunal C,4690.0,no,si,8,115.6,0,1,183,199
EXP-01314,asilo,no,no,no,Sudamérica,Tribunal C,3769.0,no,no,20,83.5,0,7,387,394
EXP-01315,salida_voluntaria,si,no,no,Centroamérica,Tribunal B,3588.0,no,no,21,116.8,0,0,26,29
EXP-01316,miedo_creible,si,no,no,México,Tribunal A,3316.0,no,no,45,47.9,0,0,2,10
EXP-01317,ajuste_estatus,no,no,no,Sudamérica,Tribunal E,988.0,no,no,26,130.5,0,6,258,261
EXP-01318,reinstalacion,si,no,no,México,Tribunal D,4516.0,no,no,18,103.4,0,0,22,34
EXP-01319,salida_voluntaria,si,no,no,Centroamérica,Tribunal C,4219.0,no,si,28,16.9,0,1,77,89
EXP-01320,asilo,si,no,si,Centroamérica,Tribunal B,3725.0,si,si,30,64.2,2,2,187,189
EXP-01320,asilo,si,no,si,Centroamérica,Tribunal B,3725.0,no,si,34,52.6,0,2,187,189
EXP-01320,asilo,si,no,si,Centroamérica,Tribunal B,3725.0,no,si,13,56.9,0,2,187,190
EXP-01321,cancelacion,si,no,no,Sudamérica,Tribunal A,2703.0,no,no,29,177.1,0,2,164,164
EXP-01322,asilo,si,no,no,Sudamérica,Tribunal B,2861.0,no,no,29,47.5,1,3,133,146
EXP-01322,asilo,si,no,no,Sudamérica,Tribunal B,2861.0,no,no,11,41.0,0,3,133,149
EXP-01323,ajuste_estatus,si,no,si,Caribe,Tribunal C,3232.0,no,si,32,0.9,1,1,164,176
EXP-01323,ajuste_estatus,si,no,si,Caribe,Tribunal C,3232.0,no,si,25,0.0,0,1,164,179
EXP-01324,miedo_creible,si,no,no,Centroamérica,Tribunal B,2996.0,no,no,34,42.5,0,0,4,15
EXP-01325,asilo,no,si,si,Sudamérica,Tribunal B,2663.0,no,no,18,100.6,2,9,557,558
EXP-01325,asilo,no,si,si,Sudamérica,Tribunal B,2663.0,no,no,4,96.1,0,9,557,560
EXP-01325,asilo,no,si,si,Sudamérica,Tribunal B,2663.0,no,no,6,90.0,0,9,557,558
EXP-01326,asilo,si,si,si,Sudamérica,Tribunal D,4324.0,no,no,47,29.6,0,6,294,300
EXP-01327,asilo,si,no,no,Sudamérica,Tribunal F,5319.0,no,si,41,50.6,0,2,266,278
EXP-01328,reinstalacion,si,si,no,México,Tribunal F,5277.0,si,no,32,54.5,0,1,71,85
EXP-01329,miedo_creible,si,no,no,Europa,Tribunal D,4368.0,si,no,22,141.0,0,0,15,22
EXP-01330,reinstalacion,si,no,no,México,Tribunal E,1927.0,no,no,18,154.5,0,0,18,32
EXP-01331,miedo_creible,si,si,si,Asia,Tribunal D,4356.0,no,no,40,26.7,0,3,113,123
EXP-01332,reinstalacion,si,si,si,Sudamérica,Tribunal D,4971.0,no,no,39,14.2,1,3,103,113
EXP-01332,reinstalacion,si,si,si,Sudamérica,Tribunal D,4971.0,no,no,23,11.1,0,3,103,113
EXP-01333,miedo_creible,si,si,no,Centroamérica,Tribunal E,1290.0,no,no,39,68.1,0,0,8,20
EXP-01334,asilo,no,si,no,Sudamérica,Tribunal D,4400.0,no,no,40,20.3,0,7,676,677
EXP-01335,miedo_creible,si,si,no,Caribe,Tribunal E,1439.0,no,no,37,68.1,1,0,7,18
EXP-01335,miedo_creible,si,si,no,Caribe,Tribunal E,1439.0,no,no,43,,0,0,7,20
EXP-01336,salida_voluntaria,si,no,no,México,Tribunal B,2797.0,no,si,34,54.1,0,1,45,58
EXP-01337,asilo,si,no,no,México,Tribunal A,2830.0,no,si,32,24.6,0,1,52,64
EXP-01338,asilo,no,si,si,Centroamérica,Tribunal B,3295.0,si,no,39,20.5,0,8,534,534
EXP-01339,miedo_creible,si,si,si,Centroamérica,Tribunal D,5327.0,no,no,22,54.8,0,3,80,90
EXP-01340,reinstalacion,no,si,si,Centroamérica,Tribunal B,3542.0,no,no,38,29.4,0,4,121,126
EXP-01341,salida_voluntaria,si,no,no,México,Tribunal D,3963.0,no,si,40,31.1,0,0,51,55
EXP-01342,cancelacion,si,no,no,Caribe,Tribunal C,3853.0,no,no,35,177.0,1,2,184,195
EXP-01342,cancelacion,si,no,no,Caribe,Tribunal C,3853.0,no,no,26,,0,2,184,198
EXP-01343,reinstalacion,no,si,si,África,Tribunal C,4218.0,no,no,45,16.9,0,3,217,230
EXP-01344,asilo,si,si,si,Asia,Tribunal F,5408.0,no,no,33,118.1,1,11,582,589
EXP-01344,asilo,si,si,si,Asia,Tribunal F,5408.0,no,no,43,108.9,0,11,582,589
EXP-01345,asilo,no,si,si,Caribe,Tribunal C,3802.0,no,no,27,82.6,0,9,354,354
EXP-01346,asilo,si,no,si,Asia,Tribunal A,2195.0,no,no,25,84.8,3,1,95,98
EXP-01346,asilo,si,no,si,Asia,Tribunal A,2195.0,no,no,4,80.7,0,1,95,99
EXP-01346,asilo,si,no,si,Asia,Tribunal A,2195.0,no,no,16,83.8,0,1,95,98
EXP-01346,asilo,si,no,si,Asia,Tribunal A,2195.0,no,no,12,78.2,0,1,95,99
EXP-01347,cancelacion,no,no,no,Sudamérica,Tribunal D,4185.0,no,no,18,148.5,2,14,603,610
EXP-01347,cancelacion,no,no,no,Sudamérica,Tribunal D,4185.0,no,no,3,143.3,0,14,603,611
EXP-01347,cancelacion,no,no,no,Sudamérica,Tribunal D,4185.0,no,no,16,147.1,0,14,603,611
EXP-01348,ajuste_estatus,si,no,no,México,Tribunal D,5155.0,si,no,26,47.8,0,0,220,225
EXP-01349,asilo,si,no,no,Caribe,Tribunal D,4608.0,no,si,18,57.2,4,7,380,390
EXP-01349,asilo,si,no,no,Caribe,Tribunal D,4608.0,no,si,6,50.7,0,7,380,392
EXP-01349,asilo,si,no,no,Caribe,Tribunal D,4608.0,no,si,15,58.0,0,7,380,392
EXP-01349,asilo,si,no,no,Caribe,Tribunal D,4608.0,no,si,1,51.3,0,7,380,391
EXP-01349,asilo,si,no,no,Caribe,Tribunal D,4608.0,no,si,12,51.2,0,7,380,392
EXP-01350,asilo,no,si,si,Centroamérica,Tribunal C,4145.0,no,no,31,61.6,2,10,642,656
EXP-01350,asilo,no,si,si,Centroamérica,Tribunal C,4145.0,no,no,2,51.2,0,10,642,659
EXP-01350,asilo,no,si,si,Centroamérica,Tribunal C,4145.0,no,no,1,51.7,0,10,642,657
EXP-01351,asilo,no,si,no,Caribe,Tribunal B,2880.0,no,no,41,49.0,0,5,248,258
EXP-01352,asilo,no,si,no,Europa,Tribunal A,3283.0,no,no,24,35.4,0,12,676,687
EXP-01353,miedo_creible,si,no,si,Centroamérica,Tribunal C,4172.0,si,no,30,,0,0,76,81
EXP-01354,miedo_creible,si,si,si,Sudamérica,Tribunal A,2694.0,no,no,18,56.6,0,1,18,31
EXP-01355,asilo,no,si,no,México,Tribunal B,2438.0,no,no,25,24.6,0,4,273,287
EXP-01356,salida_voluntaria,si,no,no,México,Tribunal E,1869.0,no,no,25,18.6,1,0,25,38
EXP-01356,salida_voluntaria,si,no,no,México,Tribunal E,1869.0,no,no,32,20.5,0,0,25,38
EXP-01357,ajuste_estatus,si,no,no,Centroamérica,Tribunal A,2196.0,no,si,37,35.8,0,1,198,200
EXP-01358,asilo,si,no,no,Sudamérica,Tribunal A,,no,si,18,78.7,0,3,111,124
EXP-01359,miedo_creible,si,si,,México,Tribunal A,1861.0,si,no,26,64.6,0,0,16,23
EXP-01360,asilo,si,no,no,Sudamérica,Tribunal B,3445.0,si,si,31,91.0,0,3,209,209
EXP-01361,asilo,si,si,si,Sudamérica,Tribunal C,3714.0,si,no,37,120.7,2,11,328,334
EXP-01361,asilo,si,si,,Sudamérica,Tribunal C,3714.0,no,no,27,110.9,0,11,328,336
EXP-01361,asilo,si,si,si,Sudamérica,Tribunal C,3714.0,no,no,10,109.5,0,11,328,335
EXP-01362,asilo,si,no,si,África,Tribunal B,3776.0,no,no,33,71.6,2,4,209,223
EXP-01362,asilo,si,no,si,África,Tribunal B,3776.0,no,no,30,64.1,0,4,209,226
EXP-01362,asilo,si,no,si,África,Tribunal B,3776.0,no,no,13,71.3,0,4,209,223
EXP-01363,salida_voluntaria,si,no,,Sudamérica,Tribunal B,3330.0,no,no,37,107.0,0,2,51,52
EXP-01364,asilo,si,no,si,África,Tribunal D,4273.0,no,si,26,17.2,0,4,364,378
EXP-01365,salida_voluntaria,si,no,no,Centroamérica,Tribunal D,4801.0,no,si,28,146.8,0,2,78,86
EXP-01366,reinstalacion,si,no,no,Centroamérica,Tribunal C,3362.0,no,no,28,73.4,0,0,15,21
EXP-01367,miedo_creible,si,no,no,México,Tribunal C,4132.0,si,no,26,,0,0,20,26
EXP-01368,salida_voluntaria,si,si,no,México,Tribunal E,1781.0,no,si,38,67.6,0,0,23,27
EXP-01369,cancelacion,si,no,no,Centroamérica,Tribunal B,3238.0,no,si,32,,0,5,291,293
EXP-01370,salida_voluntaria,si,si,no,México,Tribunal B,3311.0,no,no,33,131.8,1,1,41,55
EXP-01370,salida_voluntaria,si,si,no,México,Tribunal B,,no,no,33,131.1,0,1,41,58
EXP-01371,salida_voluntaria,si,si,no,México,Tribunal C,3696.0,no,no,54,38.5,2,2,39,48
EXP-01371,salida_voluntaria,si,si,no,México,Tribunal C,3696.0,no,no,12,36.5,0,2,39,48
EXP-01371,salida_voluntaria,si,si,no,México,Tribunal C,3696.0,no,no,11,33.8,0,2,39,50
EXP-01372,miedo_creible,no,si,si,Caribe,Tribunal B,2819.0,no,no,35,81.0,0,1,65,65
EXP-01373,cancelacion,no,si,no,Centroamérica,Tribunal D,4446.0,no,no,40,136.7,0,10,807,809
EXP-01374,salida_voluntaria,no,no,no,México,Tribunal E,2174.0,no,no,38,44.4,4,0,59,63
EXP-01374,salida_voluntaria,no,no,no,México,Tribunal E,2174.0,no,no,10,35.2,0,0,59,65
EXP-01374,salida_voluntaria,no,no,,México,Tribunal E,2174.0,no,no,12,31.1,0,0,59,63
EXP-01374,salida_voluntaria,no,no,no,México,Tribunal E,2174.0,no,no,6,39.8,0,0,59,66
EXP-01374,salida_voluntaria,no,no,no,México,Tribunal E,2174.0,no,no,1,32.3,0,0,59,64
EXP-01375,salida_voluntaria,si,no,si,México,Tribunal F,4519.0,no,si,22,31.9,0,1,162,167
EXP-01376,salida_voluntaria,si,no,,Sudamérica,Tribunal A,2835.0,si,no,20,82.6,2,0,62,64
EXP-01376,salida_voluntaria,si,no,no,Sudamérica,Tribunal A,2835.0,no,no,18,74.7,0,0,62,67
EXP-01376,salida_voluntaria,si,no,,Sudamérica,Tribunal A,2835.0,no,no,16,76.0,0,0,62,67
EXP-01377,asilo,no,no,no,México,Tribunal F,4651.0,no,no,27,99.0,0,9,545,546
EXP-01378,reinstalacion,si,no,si,Europa,Tribunal D,4589.0,no,no,34,25.4,0,0,70,70
EXP-01379,asilo,si,no,si,África,Tribunal B,3264.0,no,no,33,79.8,4,1,63,65
EXP-01379,asilo,si,no,si,África,Tribunal B,3264.0,no,no,42,79.0,0,1,63,66
EXP-01379,asilo,si,no,si,África,Tribunal B,3264.0,no,no,10,77.7,0,1,63,66
EXP-01379,asilo,si,no,si,África,Tribunal B,3264.0,no,no,6,76.1,0,1,63,66
EXP-01379,asilo,si,no,,África,Tribunal B,3264.0,no,no,12,76.2,0,1,63,67
EXP-01380,asilo,si,no,no,Caribe,Tribunal F,5026.0,no,si,25,102.5,1,1,404,407
EXP-01380,asilo,si,no,no,Caribe,Tribunal F,5026.0,no,si,35,94.6,0,1,404,407
EXP-01381,ajuste_estatus,no,si,si,África,Tribunal E,2828.0,no,no,39,9.3,0,34,1800,1800
EXP-01382,miedo_creible,si,no,si,Centroamérica,Tribunal F,4643.0,no,no,27,56.1,0,0,42,46
EXP-01383,reinstalacion,si,si,no,México,Tribunal B,2560.0,si,no,46,0.6,2,0,31,44
EXP-01383,reinstalacion,si,si,no,México,Tribunal B,2560.0,no,no,36,0.0,0,0,31,47
EXP-01383,reinstalacion,si,si,no,México,Tribunal B,2560.0,no,no,5,0.0,0,0,31,46
EXP-01384,asilo,si,no,si,Centroamérica,Tribunal B,3216.0,no,no,18,42.2,0,1,157,164
EXP-01385,salida_voluntaria,no,si,no,México,Tribunal C,4360.0,no,no,19,121.6,0,0,135,145
EXP-01386,miedo_creible,si,si,si,Europa,Tribunal E,2138.0,no,no,34,10.6,0,0,22,27
EXP-01387,asilo,si,no,no,Sudamérica,Tribunal B,1868.0,no,no,28,47.4,3,3,179,187
EXP-01387,asilo,si,no,no,Sudamérica,Tribunal B,1868.0,no,no,11,40.0,0,3,179,187
EXP-01387,asilo,si,no,no,Sudamérica,Tribunal B,1868.0,no,no,4,41.6,0,3,179,187
EXP-01387,asilo,si,no,no,Sudamérica,Tribunal B,1868.0,no,no,9,46.4,0,3,179,188
EXP-01388,miedo_creible,si,no,no,México,Tribunal E,2312.0,no,no,35,109.3,0,0,8,12
EXP-01389,asilo,si,si,no,Centroamérica,Tribunal A,2620.0,no,si,35,8.7,1,2,160,165
EXP-01389,asilo,si,si,no,Centroamérica,Tribunal A,2620.0,no,si,10,3.7,0,2,160,166
EXP-01390,salida_voluntaria,si,no,no,Centroamérica,Tribunal A,2637.0,no,no,18,67.1,1,0,13,25
EXP-01390,salida_voluntaria,si,no,no,Centroamérica,Tribunal A,,no,no,1,57.1,0,0,13,28
EXP-01391,reinstalacion,si,no,si,África,Tribunal C,3389.0,si,no,18,105.8,0,0,61,73
EXP-01392,miedo_creible,si,no,si,Caribe,Tribunal B,3222.0,no,no,29,71.6,0,1,41,47
EXP-01393,ajuste_estatus,si,no,si,Centroamérica,Tribunal A,2535.0,si,si,38,,0,0,102,110
EXP-01394,asilo,no,si,no,Sudamérica,Tribunal D,4242.0,no,no,39,13.8,0,6,339,348
EXP-01395,reinstalacion,si,no,no,Sudamérica,Tribunal A,3232.0,no,no,35,34.0,0,0,13,20
EXP-01396,asilo,si,si,no,Sudamérica,Tribunal B,3117.0,no,si,31,36.7,0,2,114,120
EXP-01397,miedo_creible,si,no,no,México,Tribunal A,2974.0,no,no,34,8.3,0,0,10,12
EXP-01398,miedo_creible,si,no,no,Centroamérica,Tribunal B,2766.0,si,no,37,24.2,0,0,10,13
EXP-01399,asilo,no,no,no,Centroamérica,Tribunal F,4756.0,no,no,35,50.4,0,5,482,495
EXP-01400,asilo,si,no,si,Asia,Tribunal C,3189.0,no,si,29,36.0,0,3,150,159
EXP-01401,reinstalacion,si,no,si,Centroamérica,Tribunal A,2736.0,no,no,18,117.5,0,0,50,60
EXP-01402,miedo_creible,si,no,si,Caribe,Tribunal C,3924.0,no,no,29,48.0,0,0,39,49
EXP-01403,miedo_creible,si,no,si,Centroamérica,Tribunal B,3100.0,si,no,22,43.4,0,1,77,87
EXP-01404,salida_voluntaria,si,si,no,México,Tribunal E,1734.0,no,no,38,37.8,0,0,19,25
EXP-01405,cancelacion,si,no,no,México,Tribunal B,3405.0,si,no,23,262.3,0,3,243,246
EXP-01406,asilo,si,si,no,Caribe,Tribunal C,4387.0,no,si,27,61.2,0,1,249,252
EXP-01407,miedo_creible,si,si,si,Europa,Tribunal F,5321.0,no,no,24,15.2,0,1,85,86
EXP-01408,reinstalacion,si,no,no,México,Tribunal F,4966.0,no,no,26,20.0,0,1,19,29
EXP-01409,asilo,si,no,si,Centroamérica,Tribunal C,3568.0,no,no,39,50.9,0,2,96,105
EXP-01410,miedo_creible,si,si,no,Europa,Tribunal A,2834.0,no,no,36,135.3,0,0,11,14
EXP-01411,reinstalacion,si,no,si,Europa,Tribunal F,5118.0,no,no,38,,1,0,68,78
EXP-01411,reinstalacion,si,no,si,Europa,Tribunal F,5118.0,no,no,26,100.9,0,0,68,80
EXP-01412,cancelacion,si,no,si,Asia,Tribunal B,3171.0,no,no,26,123.3,2,4,294,305
EXP-01412,cancelacion,si,no,si,Asia,Tribunal B,3171.0,no,no,9,116.4,0,4,294,305
EXP-01412,cancelacion,si,no,si,Asia,Tribunal B,3171.0,no,no,5,124.2,0,4,294,308
EXP-01413,ajuste_estatus,si,si,si,Sudamérica,Tribunal B,3920.0,no,no,27,18.4,0,1,192,203
EXP-01414,cancelacion,si,no,si,Caribe,Tribunal B,3051.0,no,si,33,142.7,0,1,246,249
EXP-01415,miedo_creible,si,no,si,África,Tribunal B,2910.0,no,no,55,78.5,0,0,55,55
EXP-01416,salida_voluntaria,no,no,no,Centroamérica,Tribunal D,4252.0,no,no,26,5.0,0,2,196,200
EXP-01417,ajuste_estatus,no,si,no,México,Tribunal D,4535.0,no,no,20,34.0,0,10,506,519
EXP-01418,reinstalacion,si,no,no,México,Tribunal C,3941.0,no,no,18,52.6,0,0,8,22
EXP-01419,salida_voluntaria,no,si,no,México,Tribunal F,4982.0,no,no,39,14.7,1,4,228,238
EXP-01419,salida_voluntaria,no,si,no,México,Tribunal F,4982.0,no,no,9,7.4,0,4,228,239
EXP-01420,miedo_creible,si,no,no,Centroamérica,Tribunal F,5363.0,no,no,18,9.1,0,0,18,25
EXP-01421,asilo,no,si,no,Centroamérica,Tribunal C,3512.0,no,no,22,28.2,0,9,623,631
EXP-01422,asilo,no,si,no,Centroamérica,Tribunal C,4528.0,no,no,24,56.6,4,9,384,386
EXP-01422,asilo,no,si,no,Centroamérica,Tribunal C,4528.0,no,no,16,52.9,0,9,384,386
EXP-01422,asilo,no,si,no,Centroamérica,Tribunal C,4528.0,no,no,13,54.8,0,9,384,389
EXP-01422,asilo,no,si,no,Centroamérica,Tribunal C,4528.0,no,no,9,52.3,0,9,384,388
EXP-01422,asilo,no,si,no,Centroamérica,Tribunal C,4528.0,no,no,4,45.3,0,9,384,389
EXP-01423,miedo_creible,no,si,si,Centroamérica,Tribunal D,4861.0,no,no,30,94.0,3,5,106,113
EXP-01423,miedo_creible,no,si,si,Centroamérica,Tribunal D,4861.0,no,no,32,90.4,0,5,106,116
EXP-01423,miedo_creible,no,si,si,Centroamérica,Tribunal D,4861.0,no,no,11,88.1,0,5,106,114
EXP-01423,miedo_creible,no,si,si,Centroamérica,Tribunal D,4861.0,no,no,15,,0,5,106,113
EXP-01424,salida_voluntaria,no,no,si,Sudamérica,Tribunal D,3834.0,no,no,19,30.7,0,3,135,142
EXP-01425,reinstalacion,si,no,no,México,Tribunal F,5591.0,no,no,30,27.6,0,1,57,58
EXP-01426,asilo,si,si,no,México,Tribunal C,3620.0,no,si,43,59.2,0,3,303,308
EXP-01427,ajuste_estatus,si,no,si,Centroamérica,Tribunal A,2347.0,no,si,29,5.4,3,1,118,122
EXP-01427,ajuste_estatus,si,no,si,Centroamérica,Tribunal A,2347.0,no,si,30,0.0,0,1,118,124
EXP-01427,ajuste_estatus,si,no,si,Centroamérica,Tribunal A,2347.0,no,si,14,0.8,0,1,118,122
EXP-01427,ajuste_estatus,si,no,si,Centroamérica,Tribunal A,2347.0,no,si,5,0.0,0,1,118,122
EXP-01428,reinstalacion,si,no,no,Centroamérica,Tribunal E,2153.0,si,no,28,83.4,0,1,17,25
EXP-01429,miedo_creible,si,no,si,Caribe,Tribunal E,2874.0,no,no,38,10.8,0,0,23,36
EXP-01430,reinstalacion,si,no,si,Asia,Tribunal F,4960.0,si,no,20,79.3,0,2,79,89
EXP-01431,miedo_creible,si,no,no,Sudamérica,Tribunal B,2946.0,no,no,29,18.5,0,0,12,13
EXP-01432,asilo,no,si,no,México,Tribunal E,2964.0,no,no,29,75.2,3,1,246,254
EXP-01432,asilo,no,si,no,México,Tribunal E,2964.0,no,no,6,71.2,0,1,246,254
EXP-01432,asilo,no,si,no,México,Tribunal E,2964.0,no,no,2,72.1,0,1,246,254
EXP-01432,asilo,no,si,no,México,Tribunal E,2964.0,no,no,13,73.5,0,1,246,256
EXP-01433,miedo_creible,si,si,,México,Tribunal E,2400.0,si,no,47,11.4,0,0,8,14
EXP-01434,miedo_creible,si,no,no,México,Tribunal E,1279.0,no,no,33,58.8,0,0,4,17
EXP-01435,salida_voluntaria,si,no,no,Centroamérica,Tribunal F,4680.0,si,no,18,73.2,0,1,87,89
EXP-01436,asilo,si,no,no,México,Tribunal B,2869.0,si,si,29,21.1,0,1,99,104
EXP-01437,reinstalacion,si,si,si,Asia,Tribunal A,,si,no,35,54.2,0,2,42,43
EXP-01438,miedo_creible,no,no,si,Sudamérica,Tribunal C,3847.0,no,no,23,27.0,0,0,135,147
EXP-01439,asilo,si,si,no,Centroamérica,Tribunal A,2941.0,si,no,27,74.4,0,3,188,199
EXP-01440,miedo_creible,si,no,si,Asia,Tribunal E,2233.0,no,no,18,48.9,0,1,7,16
EXP-01441,miedo_creible,si,no,si,África,Tribunal B,3379.0,no,no,31,76.8,0,0,45,50
EXP-01442,asilo,no,no,si,Sudamérica,Tribunal E,3021.0,no,no,23,14.9,0,1,296,307
EXP-01443,miedo_creible,si,no,si,Centroamérica,Tribunal B,3561.0,no,no,33,11.6,0,0,55,56
EXP-01444,miedo_creible,si,si,no,Sudamérica,Tribunal D,4296.0,no,no,31,86.9,0,0,9,18
EXP-01445,reinstalacion,si,si,no,Caribe,Tribunal D,4380.0,no,no,30,23.8,0,2,55,56
EXP-01446,miedo_creible,si,no,no,Sudamérica,Tribunal E,2602.0,si,no,47,24.6,0,0,11,14
EXP-01447,asilo,si,no,no,Sudamérica,Tribunal A,3105.0,si,si,32,72.2,2,3,94,101
EXP-01447,asilo,si,no,no,Sudamérica,Tribunal A,3105.0,no,si,29,59.3,0,3,94,102
EXP-01447,asilo,si,no,no,Sudamérica,Tribunal A,3105.0,no,si,10,65.1,0,3,94,103
EXP-01448,salida_voluntaria,no,no,si,Centroamérica,Tribunal E,2684.0,no,no,25,100.7,2,1,70,81
EXP-01448,salida_voluntaria,no,no,si,Centroamérica,Tribunal E,2684.0,no,no,7,96.2,0,1,70,82
EXP-01448,salida_voluntaria,no,no,si,Centroamérica,Tribunal E,2684.0,no,no,3,95.6,0,1,70,82
EXP-01449,miedo_creible,si,no,no,Caribe,Tribunal B,2456.0,no,no,25,203.0,0,0,21,21
EXP-01450,asilo,si,no,si,Centroamérica,Tribunal B,3245.0,si,si,24,72.2,0,2,251,261
EXP-01451,ajuste_estatus,si,no,si,Asia,Tribunal B,2421.0,si,no,34,86.9,2,1,154,156
EXP-01451,ajuste_estatus,si,no,si,Asia,Tribunal B,2421.0,no,no,26,82.3,0,1,154,159
EXP-01451,ajuste_estatus,si,no,si,Asia,Tribunal B,2421.0,no,no,14,77.8,0,1,154,159
EXP-01452,miedo_creible,si,no,no,Centroamérica,Tribunal A,1592.0,no,no,34,84.4,0,1,6,18
EXP-01453,miedo_creible,si,no,no,Centroamérica,Tribunal F,5201.0,si,no,29,116.1,0,1,49,50
EXP-01454,salida_voluntaria,si,no,no,México,Tribunal E,1633.0,no,si,21,1.6,2,0,23,32
EXP-01454,salida_voluntaria,si,no,no,México,Tribunal E,1633.0,no,si,16,0.0,0,0,23,33
EXP-01454,salida_voluntaria,si,no,no,México,Tribunal E,1633.0,no,si,11,0.0,0,0,23,35
EXP-01455,miedo_creible,si,no,no,Centroamérica,Tribunal C,3995.0,si,no,28,14.3,3,1,19,19
EXP-01455,miedo_creible,si,no,no,Centroamérica,Tribunal C,3995.0,no,no,11,1.0,0,1,19,19
EXP-01455,miedo_creible,si,no,no,Centroamérica,Tribunal C,3995.0,no,no,14,,0,1,19,21
EXP-01455,miedo_creible,si,no,no,Centroamérica,Tribunal C,3995.0,no,no,2,,0,1,19,21
EXP-01456,reinstalacion,si,no,no,México,Tribunal A,1607.0,si,no,32,42.4,0,0,15,16
EXP-01457,asilo,no,no,no,Sudamérica,Tribunal B,3698.0,no,no,36,26.2,2,4,206,212
EXP-01457,asilo,no,no,no,Sudamérica,Tribunal B,3698.0,no,no,29,27.1,0,4,206,214
EXP-01457,asilo,no,no,no,Sudamérica,Tribunal B,3698.0,no,no,12,24.5,0,4,206,214
EXP-01458,asilo,no,si,no,Centroamérica,Tribunal E,2017.0,si,no,44,81.5,0,7,415,420
EXP-01459,miedo_creible,si,si,si,Centroamérica,Tribunal E,2246.0,no,no,21,66.2,0,0,36,37
EXP-01460,miedo_creible,si,no,no,Sudamérica,Tribunal A,3259.0,no,no,24,82.1,0,2,24,29
EXP-01461,reinstalacion,si,no,si,Asia,Tribunal B,2414.0,no,no,18,0.8,0,2,60,67
EXP-01462,asilo,si,no,si,Asia,Tribunal A,2355.0,si,si,21,79.7,0,2,133,140
EXP-01463,ajuste_estatus,si,no,si,Caribe,Tribunal A,2173.0,no,si,24,25.7,3,2,149,160
EXP-01463,ajuste_estatus,si,no,si,Caribe,Tribunal A,2173.0,no,si,14,21.8,0,2,149,162
EXP-01463,ajuste_estatus,si,no,si,Caribe,Tribunal A,2173.0,no,si,10,20.3,0,2,149,160
EXP-01463,ajuste_estatus,si,no,si,Caribe,Tribunal A,2173.0,no,si,12,19.6,0,2,149,163
EXP-01464,reinstalacion,no,si,no,Centroamérica,Tribunal B,2924.0,no,no,47,40.1,0,0,42,54
EXP-01465,ajuste_estatus,si,no,no,Sudamérica,Tribunal E,2127.0,no,no,18,46.4,3,0,124,133
EXP-01465,ajuste_estatus,si,no,no,Sudamérica,Tribunal E,2127.0,no,no,10,39.6,0,0,124,134
EXP-01465,ajuste_estatus,si,no,no,Sudamérica,Tribunal E,2127.0,no,no,8,40.5,0,0,124,135
EXP-01465,ajuste_estatus,si,no,no,Sudamérica,Tribunal E,2127.0,no,no,11,44.1,0,0,124,136
EXP-01466,salida_voluntaria,no,no,no,México,Tribunal C,3787.0,no,no,44,92.7,0,1,90,94
EXP-01467,ajuste_estatus,no,no,si,Europa,Tribunal C,3640.0,no,no,26,44.4,1,6,239,249
EXP-01467,ajuste_estatus,no,no,si,Europa,Tribunal C,3640.0,no,no,21,34.5,0,6,239,252
EXP-01468,asilo,no,no,si,Centroamérica,Tribunal E,2190.0,no,no,43,,3,3,254,254
EXP-01468,asilo,no,no,si,Centroamérica,Tribunal E,2190.0,no,no,18,10.9,0,3,254,256
EXP-01468,asilo,no,no,si,Centroamérica,Tribunal E,2190.0,no,no,12,12.0,0,3,254,255
EXP-01468,asilo,no,no,si,Centroamérica,Tribunal E,2190.0,no,no,6,,0,3,254,256
EXP-01469,asilo,no,no,no,Centroamérica,Tribunal B,3244.0,no,no,18,68.8,0,3,280,288
EXP-01470,asilo,no,si,no,Centroamérica,Tribunal C,3192.0,no,no,39,30.6,2,10,633,645
EXP-01470,asilo,no,si,no,Centroamérica,Tribunal C,3192.0,no,no,40,16.7,0,10,633,647
EXP-01470,asilo,no,si,no,Centroamérica,Tribunal C,3192.0,no,no,13,18.4,0,10,633,645
EXP-01471,miedo_creible,si,si,no,Sudamérica,Tribunal C,3332.0,no,no,37,28.5,0,0,1,13
EXP-01472,asilo,si,no,no,Sudamérica,Tribunal C,4130.0,no,si,31,23.7,0,2,313,323
EXP-01473,salida_voluntaria,no,no,no,México,Tribunal D,4840.0,no,no,37,45.0,2,1,174,174
EXP-01473,salida_voluntaria,no,no,no,México,Tribunal D,4840.0,no,no,19,46.3,0,1,174,175
EXP-01473,salida_voluntaria,no,no,no,México,Tribunal D,4840.0,no,no,6,39.3,0,1,174,177
EXP-01474,asilo,no,si,si,Caribe,Tribunal E,2361.0,no,no,41,5.2,0,6,258,261
EXP-01475,ajuste_estatus,no,si,no,Centroamérica,Tribunal A,2282.0,no,no,24,5.8,0,3,183,195
EXP-01476,asilo,si,no,si,Asia,Tribunal E,2726.0,no,si,42,13.7,2,3,158,165
EXP-01476,asilo,si,no,si,Asia,Tribunal E,2726.0,no,si,3,8.3,0,3,158,165
EXP-01476,asilo,si,no,si,Asia,Tribunal E,2726.0,no,si,9,7.3,0,3,158,166
EXP-01477,reinstalacion,si,no,no,Centroamérica,Tribunal A,2744.0,no,no,31,40.0,0,0,15,15
EXP-01478,miedo_creible,si,no,si,Sudamérica,Tribunal B,3564.0,no,no,18,50.5,0,0,33,36
EXP-01479,asilo,no,no,no,Centroamérica,Tribunal B,3866.0,no,no,33,15.7,1,7,338,346
EXP-01479,asilo,no,no,no,Centroamérica,Tribunal B,3866.0,no,no,13,11.6,0,7,338,349
EXP-01480,asilo,no,no,no,Caribe,Tribunal E,2116.0,no,no,44,189.7,0,3,257,267
EXP-01481,salida_voluntaria,no,si,no,México,Tribunal A,2631.0,si,no,33,74.1,0,0,84,90
EXP-01482,asilo,si,no,si,África,Tribunal C,3902.0,no,no,30,19.8,3,2,108,119
EXP-01482,asilo,si,no,si,África,Tribunal C,3902.0,no,no,12,11.1,0,2,108,121
EXP-01482,asilo,si,no,si,África,Tribunal C,3902.0,no,no,2,18.2,0,2,108,122
EXP-01482,asilo,si,no,si,África,Tribunal C,3902.0,no,no,13,14.3,0,2,108,120
EXP-01483,reinstalacion,si,si,no,México,Tribunal A,2701.0,no,no,28,5.5,0,0,32,34
EXP-01484,ajuste_estatus,si,no,no,Sudamérica,Tribunal F,5461.0,no,si,46,42.2,2,3,361,367
EXP-01484,ajuste_estatus,si,no,no,Sudamérica,Tribunal F,5461.0,no,si,6,39.8,0,3,361,369
EXP-01484,ajuste_estatus,si,no,no,Sudamérica,Tribunal F,5461.0,no,si,11,32.2,0,3,361,369
EXP-01485,miedo_creible,si,no,no,México,Tribunal D,,no,no,23,152.5,0,0,18,22
EXP-01486,reinstalacion,si,no,si,Caribe,Tribunal E,1958.0,no,no,35,41.5,0,0,47,52
EXP-01487,reinstalacion,si,si,no,México,Tribunal A,2674.0,no,no,30,33.1,0,1,29,43
EXP-01488,asilo,si,no,no,Centroamérica,Tribunal E,1894.0,no,no,35,124.6,3,0,72,84
EXP-01488,asilo,si,no,no,Centroamérica,Tribunal E,1894.0,no,no,32,113.4,0,0,72,87
EXP-01488,asilo,si,no,no,Centroamérica,Tribunal E,1894.0,no,no,3,122.6,0,0,72,84
EXP-01488,asilo,si,no,no,Centroamérica,Tribunal E,1894.0,no,no,11,,0,0,72,85
EXP-01489,miedo_creible,si,si,no,México,Tribunal D,3730.0,no,no,18,65.2,0,0,27,40
EXP-01490,salida_voluntaria,si,no,no,Centroamérica,Tribunal D,4358.0,no,no,28,36.2,0,1,60,65
EXP-01491,cancelacion,no,si,,Sudamérica,Tribunal A,1585.0,no,no,37,129.4,1,11,736,746
EXP-01491,cancelacion,no,si,no,Sudamérica,Tribunal A,1585.0,no,no,32,122.4,0,11,736,746
EXP-01492,ajuste_estatus,si,si,no,Centroamérica,Tribunal B,4347.0,si,no,40,106.3,0,2,181,191
EXP-01493,asilo,si,si,no,Centroamérica,Tribunal D,3965.0,no,no,29,75.1,0,3,195,209
EXP-01494,asilo,si,si,no,Centroamérica,Tribunal F,4847.0,no,si,37,129.2,2,5,398,406
EXP-01494,asilo,si,si,no,Centroamérica,Tribunal F,4847.0,no,si,15,123.5,0,5,398,407
EXP-01494,asilo,si,si,no,Centroamérica,Tribunal F,4847.0,no,si,6,124.1,0,5,398,407
EXP-01495,miedo_creible,si,si,si,Centroamérica,Tribunal B,3088.0,no,no,33,67.1,0,1,67,73
EXP-01496,ajuste_estatus,si,no,no,Centroamérica,Tribunal F,6181.0,no,si,33,46.8,4,3,291,300
EXP-01496,ajuste_estatus,si,no,no,Centroamérica,Tribunal F,6181.0,no,si,23,35.6,0,3,291,302
EXP-01496,ajuste_estatus,si,no,no,Centroamérica,Tribunal F,6181.0,no,si,12,40.1,0,3,291,302
EXP-01496,ajuste_estatus,si,no,no,Centroamérica,Tribunal F,6181.0,no,si,14,44.5,0,3,291,301
EXP-01496,ajuste_estatus,si,no,no,Centroamérica,Tribunal F,6181.0,no,si,10,38.5,0,3,291,300
EXP-01497,miedo_creible,si,no,si,Centroamérica,Tribunal C,4410.0,no,no,18,57.6,0,1,21,24
EXP-01498,salida_voluntaria,no,no,no,Centroamérica,Tribunal F,4903.0,si,no,36,44.8,0,2,241,250
EXP-01499,asilo,si,no,no,Sudamérica,Tribunal D,4211.0,no,no,38,139.7,1,2,185,197
EXP-01499,asilo,si,no,no,Sudamérica,Tribunal D,4211.0,no,no,16,138.4,0,2,185,197
EXP-01500,asilo,si,si,no,México,Tribunal F,5549.0,no,no,19,20.2,0,5,375,376
EXP-01501,asilo,no,no,no,México,Tribunal B,3680.0,no,no,38,120.8,3,3,182,188
EXP-01501,asilo,no,no,no,México,Tribunal B,3680.0,no,no,16,122.9,0,3,182,188
EXP-01501,asilo,no,no,no,México,Tribunal B,3680.0,no,no,4,113.3,0,3,182,188
EXP-01501,asilo,no,no,no,México,Tribunal B,3680.0,no,no,4,114.0,0,3,182,191
EXP-01502,reinstalacion,si,no,no,Europa,Tribunal E,2865.0,no,no,34,108.8,0,0,10,17
EXP-01503,ajuste_estatus,no,no,no,Sudamérica,Tribunal B,3324.0,no,no,55,95.4,0,1,167,176
EXP-01504,miedo_creible,si,si,no,Centroamérica,Tribunal C,3981.0,si,no,30,86.4,0,1,15,19
EXP-01505,reinstalacion,si,no,no,África,Tribunal C,4323.0,no,no,33,52.0,0,2,38,43
EXP-01506,salida_voluntaria,si,no,no,Centroamérica,Tribunal F,6271.0,no,si,42,109.2,1,3,166,169
EXP-01506,salida_voluntaria,si,no,no,Centroamérica,Tribunal F,6271.0,no,si,33,104.3,0,3,166,170
EXP-01507,ajuste_estatus,si,no,no,Centroamérica,Tribunal A,2457.0,no,no,40,116.4,0,1,110,122
EXP-01508,miedo_creible,si,no,no,Europa,Tribunal F,5326.0,no,no,35,22.9,0,0,24,31
EXP-01509,ajuste_estatus,si,no,no,Centroamérica,Tribunal D,3929.0,no,si,40,32.0,0,1,211,212
EXP-01510,reinstalacion,si,no,no,Centroamérica,Tribunal E,2014.0,no,no,33,99.0,0,0,10,22
EXP-01511,reinstalacion,si,no,no,Centroamérica,Tribunal C,3136.0,no,no,18,80.0,0,0,24,34
EXP-01512,asilo,si,si,no,México,Tribunal B,3126.0,no,si,39,30.8,0,1,153,167
EXP-01513,reinstalacion,si,no,no,México,Tribunal E,2375.0,no,no,51,,0,0,18,20
EXP-01514,asilo,si,si,no,Caribe,Tribunal D,4771.0,no,no,27,32.8,0,5,338,345
EXP-01515,salida_voluntaria,no,no,no,Centroamérica,Tribunal E,1423.0,no,no,33,82.7,2,1,66,68
EXP-01515,salida_voluntaria,no,no,no,Centroamérica,Tribunal E,1423.0,no,no,7,73.8,0,1,66,71
EXP-01515,salida_voluntaria,no,no,no,Centroamérica,Tribunal E,1423.0,no,no,15,81.2,0,1,66,68
EXP-01516,ajuste_estatus,no,no,no,Centroamérica,Tribunal E,1662.0,no,no,34,58.4,0,2,196,209
EXP-01517,asilo,si,no,no,Centroamérica,Tribunal A,3122.0,si,si,30,10.5,1,2,159,167
EXP-01517,asilo,si,no,no,Centroamérica,Tribunal A,3122.0,no,si,28,9.8,0,2,159,167
EXP-01518,miedo_creible,si,si,no,Centroamérica,Tribunal C,4086.0,no,no,39,24.4,0,1,31,34
EXP-01519,miedo_creible,si,no,no,Centroamérica,Tribunal D,4168.0,si,no,21,140.9,0,0,16,19
EXP-01520,miedo_creible,si,no,no,Europa,Tribunal B,3400.0,si,no,18,50.1,0,1,11,19
EXP-01521,reinstalacion,si,no,no,México,Tribunal A,2537.0,no,no,31,24.9,0,0,15,16
EXP-01522,ajuste_estatus,no,si,no,México,Tribunal B,3055.0,no,no,20,19.9,1,3,156,169
EXP-01522,ajuste_estatus,no,si,no,México,Tribunal B,3055.0,no,no,6,7.4,0,3,156,170
EXP-01523,salida_voluntaria,no,no,no,México,Tribunal B,3197.0,no,no,29,46.2,2,1,72,82
EXP-01523,salida_voluntaria,no,no,no,México,Tribunal B,3197.0,no,no,18,38.5,0,1,72,84
EXP-01523,salida_voluntaria,no,no,no,México,Tribunal B,3197.0,no,no,16,29.2,0,1,72,83
EXP-01524,miedo_creible,si,no,no,Sudamérica,Tribunal E,2412.0,no,no,31,109.1,0,0,1,13
EXP-01525,salida_voluntaria,no,no,si,México,Tribunal B,3558.0,no,no,21,88.4,0,1,36,50
EXP-01526,ajuste_estatus,no,si,si,África,Tribunal F,3818.0,no,no,30,35.4,0,8,468,476
EXP-01527,miedo_creible,si,si,si,África,Tribunal F,5060.0,si,no,18,28.2,0,1,114,120
EXP-01528,asilo,no,si,no,Sudamérica,Tribunal B,3518.0,no,no,18,58.3,0,3,481,494
EXP-01529,asilo,no,no,no,México,Tribunal A,,no,no,49,51.7,0,0,189,199
EXP-01530,ajuste_estatus,no,no,no,Centroamérica,Tribunal F,4779.0,no,no,52,111.4,1,7,723,726
EXP-01530,ajuste_estatus,no,no,no,Centroamérica,Tribunal F,4779.0,no,no,3,109.1,0,7,723,728
EXP-01531,cancelacion,no,si,no,Centroamérica,Tribunal A,2249.0,no,no,25,126.0,3,7,520,523
EXP-01531,cancelacion,no,si,no,Centroamérica,Tribunal A,2249.0,no,no,13,118.7,0,7,520,525
EXP-01531,cancelacion,no,si,no,Centroamérica,Tribunal A,2249.0,no,no,3,126.7,0,7,520,525
EXP-01531,cancelacion,no,si,no,Centroamérica,Tribunal A,2249.0,no,no,5,126.2,0,7,520,526
EXP-01532,asilo,si,no,si,Caribe,Tribunal B,2925.0,no,si,44,63.1,3,0,166,180
EXP-01532,asilo,si,no,si,Caribe,Tribunal B,2925.0,no,si,9,,0,0,166,180
EXP-01532,asilo,si,no,si,Caribe,Tribunal B,2925.0,no,si,12,52.7,0,0,166,182
EXP-01532,asilo,si,no,si,Caribe,Tribunal B,2925.0,no,si,13,52.0,0,0,166,180
EXP-01533,asilo,si,no,no,Centroamérica,Tribunal A,2299.0,no,si,37,120.7,0,0,98,108
EXP-01534,asilo,si,si,no,Centroamérica,Tribunal B,3946.0,no,no,31,100.1,0,3,155,164
EXP-01535,asilo,si,si,no,Centroamérica,Tribunal C,3505.0,si,no,26,52.8,0,4,331,335
EXP-01536,asilo,no,si,no,Sudamérica,Tribunal A,2258.0,no,no,30,4.7,3,3,317,325
EXP-01536,asilo,no,si,no,Sudamérica,Tribunal A,2258.0,no,no,36,0.0,0,3,317,328
EXP-01536,asilo,no,si,no,Sudamérica,Tribunal A,2258.0,no,no,14,0.0,0,3,317,328
EXP-01536,asilo,no,si,no,Sudamérica,Tribunal A,2258.0,no,no,13,4.1,0,3,317,326
EXP-01537,ajuste_estatus,si,no,no,México,Tribunal E,1424.0,no,si,37,28.2,2,1,106,113
EXP-01537,ajuste_estatus,si,no,no,México,Tribunal E,1424.0,no,si,43,22.3,0,1,106,115
EXP-01537,ajuste_estatus,si,no,no,México,Tribunal E,1424.0,no,si,2,22.0,0,1,106,113
EXP-01538,miedo_creible,si,no,si,África,Tribunal A,3083.0,no,no,24,73.2,0,1,29,34
EXP-01539,asilo,si,no,no,Centroamérica,Tribunal A,2834.0,si,no,27,44.6,0,1,111,117
EXP-01540,miedo_creible,si,no,no,Centroamérica,Tribunal A,2590.0,no,no,18,15.8,0,0,6,13
EXP-01541,asilo,si,no,si,México,Tribunal E,2323.0,no,no,27,15.0,0,0,142,144
EXP-01542,asilo,no,no,no,Centroamérica,Tribunal E,2345.0,si,no,38,28.5,0,3,239,250
EXP-01543,ajuste_estatus,si,si,no,África,Tribunal B,3089.0,no,no,31,41.9,2,3,162,170
EXP-01543,ajuste_estatus,si,si,no,África,Tribunal B,3089.0,no,no,41,35.3,0,3,162,172
EXP-01543,ajuste_estatus,si,si,no,África,Tribunal B,3089.0,no,no,16,37.3,0,3,162,172
EXP-01544,miedo_creible,si,si,no,México,Tribunal B,3268.0,no,no,27,134.2,2,0,15,17
EXP-01544,miedo_creible,si,si,no,México,Tribunal B,3268.0,no,no,46,132.9,0,0,15,19
EXP-01544,miedo_creible,si,si,no,México,Tribunal B,3268.0,no,no,13,,0,0,15,19
EXP-01545,salida_voluntaria,si,no,no,Caribe,Tribunal D,4343.0,no,si,26,36.0,0,0,129,134
EXP-01546,miedo_creible,si,no,no,Sudamérica,Tribunal D,4447.0,no,no,41,99.5,0,0,8,15
EXP-01547,asilo,no,si,no,México,Tribunal C,3461.0,no,no,53,89.0,1,6,485,493
EXP-01547,asilo,no,si,no,México,Tribunal C,3461.0,no,no,3,84.6,0,6,485,493
EXP-01548,ajuste_estatus,si,si,si,Caribe,Tribunal D,4449.0,no,no,27,49.7,3,1,171,180
EXP-01548,ajuste_estatus,si,si,si,Caribe,Tribunal D,4449.0,no,no,11,41.3,0,1,171,181
EXP-01548,ajuste_estatus,si,si,si,Caribe,Tribunal D,4449.0,no,no,4,41.0,0,1,171,180
EXP-01548,ajuste_estatus,si,si,si,Caribe,Tribunal D,4449.0,no,no,10,48.9,0,1,171,183
EXP-01549,miedo_creible,si,no,no,Centroamérica,Tribunal C,5148.0,no,no,18,111.5,0,1,9,16
EXP-01550,reinstalacion,si,no,no,Centroamérica,Tribunal B,,si,no,39,41.8,0,1,27,30
EXP-01551,reinstalacion,si,no,no,México,Tribunal D,4198.0,no,no,39,11.2,0,1,36,39
EXP-01552,miedo_creible,no,si,,Sudamérica,Tribunal F,5459.0,si,no,39,87.2,0,5,194,196
EXP-01553,asilo,si,si,no,Centroamérica,Tribunal F,5938.0,si,no,36,46.6,0,7,543,548
EXP-01554,salida_voluntaria,si,si,no,México,Tribunal B,3299.0,si,si,34,25.9,0,1,76,77
EXP-01555,asilo,si,si,no,México,Tribunal F,5245.0,no,no,25,25.4,0,11,371,371
EXP-01556,ajuste_estatus,si,no,no,Sudamérica,Tribunal C,4115.0,no,si,41,71.6,2,3,311,311
EXP-01556,ajuste_estatus,si,no,no,Sudamérica,Tribunal C,4115.0,no,si,11,59.6,0,3,311,311
EXP-01556,ajuste_estatus,si,no,no,Sudamérica,Tribunal C,4115.0,no,si,12,,0,3,311,313
EXP-01557,asilo,no,no,no,México,Tribunal C,3817.0,no,no,18,51.3,0,2,349,356
EXP-01558,asilo,si,no,si,África,Tribunal C,4103.0,no,si,30,124.5,0,5,333,334
EXP-01559,asilo,si,no,no,Sudamérica,Tribunal E,1733.0,no,si,19,58.5,0,2,123,128
EXP-01560,asilo,no,no,si,Asia,Tribunal B,3713.0,no,no,35,56.0,0,4,275,281
EXP-01561,miedo_creible,si,no,si,África,Tribunal B,3471.0,si,no,41,45.6,0,2,59,73
EXP-01562,asilo,si,no,no,Sudamérica,Tribunal E,2123.0,no,si,32,35.5,2,3,137,138
EXP-01562,asilo,si,no,no,Sudamérica,Tribunal E,2123.0,no,si,16,24.7,0,3,137,141
EXP-01562,asilo,si,no,no,Sudamérica,Tribunal E,2123.0,no,si,7,26.3,0,3,137,140
EXP-01563,asilo,no,si,,México,Tribunal A,2960.0,no,no,30,106.6,0,6,317,320
EXP-01564,asilo,si,no,no,Centroamérica,Tribunal A,2957.0,no,si,38,55.8,0,1,120,134
EXP-01565,miedo_creible,si,si,si,Asia,Tribunal D,5006.0,no,no,25,29.4,0,3,91,95
EXP-01566,asilo,si,no,si,Sudamérica,Tribunal A,3335.0,no,si,40,8.8,0,2,196,203
EXP-01567,salida_voluntaria,si,si,no,México,Tribunal A,2585.0,no,no,18,109.8,0,0,15,29
EXP-01568,salida_voluntaria,si,no,no,México,Tribunal F,5760.0,no,si,36,32.2,0,0,145,158
EXP-01569,asilo,no,no,no,Centroamérica,Tribunal B,3515.0,no,no,37,38.5,2,4,432,441
EXP-01569,asilo,no,no,no,Centroamérica,Tribunal B,3515.0,no,no,32,28.2,0,4,432,443
EXP-01569,asilo,no,no,no,Centroamérica,Tribunal B,3515.0,no,no,8,26.5,0,4,432,441
EXP-01570,reinstalacion,si,no,no,Centroamérica,Tribunal E,2501.0,no,no,25,67.5,0,1,22,27
EXP-01571,asilo,si,no,no,Sudamérica,Tribunal E,2627.0,no,si,29,155.8,0,0,69,74
EXP-01572,reinstalacion,si,si,,México,Tribunal E,1930.0,no,no,34,91.1,0,0,21,21
EXP-01573,miedo_creible,no,si,si,África,Tribunal C,3499.0,no,no,51,13.6,0,1,91,96
EXP-01574,reinstalacion,si,no,no,México,Tribunal D,4734.0,no,no,43,15.5,0,0,33,37
EXP-01575,reinstalacion,si,no,no,México,Tribunal A,2721.0,no,no,30,187.8,0,0,9,21
EXP-01576,miedo_creible,si,no,si,África,Tribunal D,4595.0,no,no,52,45.5,0,0,37,40
EXP-01577,asilo,no,si,no,Centroamérica,Tribunal E,1472.0,no,no,34,64.4,1,4,380,384
EXP-01577,asilo,no,si,no,Centroamérica,Tribunal E,1472.0,no,no,37,57.3,0,4,380,386
EXP-01578,asilo,si,si,no,Centroamérica,Tribunal A,3092.0,no,no,21,15.7,4,0,91,95
EXP-01578,asilo,si,si,no,Centroamérica,Tribunal A,3092.0,no,no,11,6.9,0,0,91,95
EXP-01578,asilo,si,si,no,Centroamérica,Tribunal A,3092.0,no,no,2,5.5,0,0,91,96
EXP-01578,asilo,si,si,no,Centroamérica,Tribunal A,3092.0,no,no,1,1.1,0,0,91,95
EXP-01578,asilo,si,si,no,Centroamérica,Tribunal A,3092.0,no,no,15,3.6,0,0,91,97
EXP-01579,asilo,si,no,no,Centroamérica,Tribunal C,3206.0,no,no,36,8.8,2,0,68,74
EXP-01579,asilo,si,no,no,Centroamérica,Tribunal C,3206.0,no,no,28,8.7,0,0,68,77
EXP-01579,asilo,si,no,no,Centroamérica,Tribunal C,3206.0,no,no,14,0.0,0,0,68,74
EXP-01580,reinstalacion,si,no,no,Centroamérica,Tribunal B,2758.0,no,no,40,17.0,0,0,19,31
EXP-01581,reinstalacion,si,no,no,México,Tribunal F,5628.0,no,no,19,11.1,0,1,65,65
EXP-01582,reinstalacion,si,si,,Centroamérica,Tribunal D,3867.0,no,no,18,35.2,0,0,56,57
EXP-01583,reinstalacion,si,no,si,Centroamérica,Tribunal A,1793.0,no,no,25,50.2,0,0,30,34
EXP-01584,asilo,si,no,no,Centroamérica,Tribunal C,4033.0,no,no,40,102.7,0,0,108,114
EXP-01585,ajuste_estatus,si,si,no,México,Tribunal D,4749.0,si,no,24,50.9,0,4,244,254
EXP-01586,cancelacion,si,no,no,México,Tribunal B,3735.0,no,no,26,128.7,1,7,269,283
EXP-01586,cancelacion,si,no,no,México,Tribunal B,3735.0,no,no,30,,0,7,269,283
EXP-01587,miedo_creible,si,no,no,Centroamérica,Tribunal D,3916.0,no,no,18,70.2,0,1,16,19
EXP-01588,miedo_creible,si,si,no,Caribe,Tribunal D,4488.0,no,no,30,29.0,0,0,21,28
EXP-01589,ajuste_estatus,si,no,no,Centroamérica,Tribunal F,5228.0,si,si,26,97.8,0,2,261,269
EXP-01590,miedo_creible,si,no,no,México,Tribunal D,4230.0,si,no,30,39.8,0,1,14,24
EXP-01591,asilo,no,no,no,México,Tribunal A,3004.0,no,no,43,63.2,0,6,271,279
EXP-01592,ajuste_estatus,si,no,si,Caribe,Tribunal A,2770.0,no,si,24,42.2,0,2,85,94
EXP-01593,reinstalacion,si,si,no,México,Tribunal C,4445.0,no,no,51,120.1,0,1,31,34
EXP-01594,asilo,si,si,no,Asia,Tribunal B,3097.0,si,si,29,53.8,1,7,329,341
EXP-01594,asilo,si,si,no,Asia,Tribunal B,3097.0,no,si,16,51.7,0,7,329,343
EXP-01595,miedo_creible,si,no,si,Sudamérica,Tribunal F,4965.0,si,no,34,79.3,0,1,97,97
EXP-01596,asilo,no,si,si,Sudamérica,Tribunal D,4251.0,no,no,49,79.6,4,12,985,995
EXP-01596,asilo,no,si,si,Sudamérica,Tribunal D,4251.0,no,no,24,76.1,0,12,985,995
EXP-01596,asilo,no,si,si,Sudamérica,Tribunal D,4251.0,no,no,3,75.2,0,12,985,997
EXP-01596,asilo,no,si,si,Sudamérica,Tribunal D,4251.0,no,no,11,75.6,0,12,985,998
EXP-01596,asilo,no,si,si,Sudamérica,Tribunal D,4251.0,no,no,15,75.7,0,12,985,998
EXP-01597,ajuste_estatus,si,no,no,México,Tribunal A,2371.0,no,si,25,24.6,1,2,105,115
EXP-01597,ajuste_estatus,si,no,no,México,Tribunal A,2371.0,no,si,13,19.2,0,2,105,115
EXP-01598,ajuste_estatus,no,no,no,Centroamérica,Tribunal E,2479.0,no,no,21,40.0,0,2,278,281
EXP-01599,asilo,si,no,no,Centroamérica,Tribunal B,3579.0,si,no,24,6.6,3,1,212,216
EXP-01599,asilo,si,no,no,Centroamérica,Tribunal B,3579.0,no,no,3,5.6,0,1,212,219
EXP-01599,asilo,si,no,no,Centroamérica,Tribunal B,3579.0,no,no,6,0.0,0,1,212,218
EXP-01599,asilo,si,no,no,Centroamérica,Tribunal B,3579.0,no,no,14,7.1,0,1,212,216
EXP-01600,asilo,si,no,si,Centroamérica,Tribunal A,2731.0,no,si,46,1.5,1,2,124,124
EXP-01600,asilo,si,no,si,Centroamérica,Tribunal A,2731.0,no,si,27,0.0,0,2,124,127
EXP-01601,ajuste_estatus,no,si,si,África,Tribunal B,3099.0,no,no,19,8.4,0,6,383,386
EXP-01602,asilo,si,no,no,Centroamérica,Tribunal C,3371.0,no,si,24,86.9,0,2,179,180
EXP-01603,ajuste_estatus,no,no,no,Caribe,Tribunal A,2689.0,no,no,26,,0,1,212,224
EXP-01604,salida_voluntaria,si,si,no,Sudamérica,Tribunal C,3381.0,no,si,40,12.4,0,3,68,69
EXP-01605,reinstalacion,si,no,no,Sudamérica,Tribunal A,3130.0,no,no,18,17.1,0,0,21,21
EXP-01606,miedo_creible,no,si,no,Centroamérica,Tribunal D,4029.0,no,no,29,109.9,0,1,70,75
EXP-01607,asilo,si,no,si,Asia,Tribunal E,2238.0,no,si,39,70.6,1,0,76,88
EXP-01607,asilo,si,no,si,Asia,Tribunal E,2238.0,no,si,23,61.1,0,0,76,88
EXP-01608,asilo,no,si,no,Centroamérica,Tribunal D,4953.0,no,no,21,16.7,3,5,589,597
EXP-01608,asilo,no,si,no,Centroamérica,Tribunal D,4953.0,no,no,41,8.9,0,5,589,597
EXP-01608,asilo,no,si,no,Centroamérica,Tribunal D,4953.0,no,no,12,16.6,0,5,589,600
EXP-01608,asilo,no,si,no,Centroamérica,Tribunal D,4953.0,no,no,2,15.9,0,5,589,597
EXP-01609,ajuste_estatus,si,si,no,Centroamérica,Tribunal C,4668.0,no,si,41,55.7,0,6,269,279
EXP-01610,miedo_creible,si,no,no,Centroamérica,Tribunal B,2763.0,no,no,44,27.0,0,0,1,9
EXP-01611,reinstalacion,si,si,no,México,Tribunal D,4576.0,si,no,26,85.7,0,1,91,105
EXP-01612,miedo_creible,si,no,no,México,Tribunal A,2028.0,no,no,35,56.4,0,1,14,14
EXP-01613,asilo,si,si,no,Sudamérica,Tribunal A,2447.0,si,si,36,51.0,0,2,207,214
EXP-01614,miedo_creible,si,si,si,Caribe,Tribunal E,2224.0,no,no,38,231.1,0,1,33,41
EXP-01615,miedo_creible,si,si,si,Asia,Tribunal E,2279.0,no,no,32,23.6,0,0,99,109
EXP-01616,cancelacion,si,si,no,Centroamérica,Tribunal B,3453.0,no,si,40,220.4,0,3,233,245
EXP-01617,asilo,si,no,no,Centroamérica,Tribunal A,2508.0,no,si,36,50.7,0,3,171,173
EXP-01618,asilo,no,no,no,México,Tribunal B,3073.0,no,no,30,23.8,4,3,223,237
EXP-01618,asilo,no,no,no,México,Tribunal B,3073.0,no,no,5,19.4,0,3,223,237
EXP-01618,asilo,no,no,no,México,Tribunal B,3073.0,no,no,5,14.9,0,3,223,240
EXP-01618,asilo,no,no,no,México,Tribunal B,,no,no,11,,0,3,223,237
EXP-01618,asilo,no,no,no,México,Tribunal B,3073.0,no,no,16,14.0,0,3,223,238
EXP-01619,asilo,no,no,si,África,Tribunal A,2803.0,no,no,28,96.5,0,1,275,282
EXP-01620,asilo,no,si,no,Centroamérica,Tribunal C,3537.0,no,no,18,47.9,0,7,477,478
EXP-01621,miedo_creible,si,si,no,Caribe,Tribunal E,1981.0,no,no,18,55.7,0,1,10,11
EXP-01622,asilo,si,no,no,Caribe,Tribunal A,3089.0,no,no,43,31.2,1,3,69,72
EXP-01622,asilo,si,no,no,Caribe,Tribunal A,3089.0,no,no,20,20.6,0,3,69,74
EXP-01623,ajuste_estatus,no,no,no,México,Tribunal F,5134.0,no,no,39,19.1,0,4,640,644
EXP-01624,asilo,no,no,si,Centroamérica,Tribunal D,,no,no,28,54.0,1,7,568,577
EXP-01624,asilo,no,no,si,Centroamérica,Tribunal D,4448.0,no,no,5,49.7,0,7,568,577
EXP-01625,asilo,no,si,no,Centroamérica,Tribunal A,2584.0,no,no,30,78.1,2,4,492,501
EXP-01625,asilo,no,si,no,Centroamérica,Tribunal A,2584.0,no,no,20,71.1,0,4,492,501
EXP-01625,asilo,no,si,no,Centroamérica,Tribunal A,2584.0,no,no,3,77.8,0,4,492,503
EXP-01626,asilo,no,no,no,Centroamérica,Tribunal A,2243.0,no,no,36,,0,6,271,279
EXP-01627,miedo_creible,si,no,no,México,Tribunal B,3807.0,no,no,36,25.5,0,0,1,14
EXP-01628,asilo,si,si,no,Centroamérica,Tribunal E,800.0,si,si,31,188.0,0,1,195,201
EXP-01629,ajuste_estatus,si,no,no,Centroamérica,Tribunal A,2497.0,no,si,47,65.2,0,3,127,137
EXP-01630,salida_voluntaria,si,no,no,México,Tribunal F,5237.0,no,si,38,16.1,0,1,125,134
EXP-01631,reinstalacion,si,si,no,México,Tribunal F,4772.0,no,no,36,77.6,0,2,45,59
EXP-01632,asilo,si,no,si,Centroamérica,Tribunal B,3603.0,no,no,19,,0,2,206,218
EXP-01633,reinstalacion,si,no,si,África,Tribunal C,4863.0,no,no,33,11.1,0,1,56,57
EXP-01634,ajuste_estatus,si,no,no,Sudamérica,Tribunal D,4579.0,no,si,24,119.1,2,4,325,332
EXP-01634,ajuste_estatus,si,no,no,Sudamérica,Tribunal D,4579.0,no,si,6,104.2,0,4,325,334
EXP-01634,ajuste_estatus,si,no,no,Sudamérica,Tribunal D,4579.0,no,si,6,109.8,0,4,325,332
EXP-01635,reinstalacion,si,no,no,México,Tribunal A,2632.0,no,no,30,110.6,0,1,16,27
EXP-01636,asilo,no,si,no,Sudamérica,Tribunal A,2606.0,no,no,32,39.9,0,3,353,360
EXP-01637,salida_voluntaria,no,si,no,Sudamérica,Tribunal C,2982.0,no,no,43,21.3,0,0,38,48
EXP-01638,cancelacion,si,no,no,México,Tribunal C,3759.0,no,si,38,121.0,1,3,240,246
EXP-01638,cancelacion,si,no,no,México,Tribunal C,3759.0,no,si,22,111.0,0,3,240,249
EXP-01639,asilo,si,si,no,México,Tribunal C,3775.0,no,si,26,271.1,0,7,315,318
EXP-01640,asilo,si,si,no,México,Tribunal D,3857.0,no,no,24,65.7,4,8,412,418
EXP-01640,asilo,si,si,no,México,Tribunal D,3857.0,no,no,7,59.3,0,8,412,419
EXP-01640,asilo,si,si,no,México,Tribunal D,3857.0,no,no,2,,0,8,412,421
EXP-01640,asilo,si,si,no,México,Tribunal D,3857.0,no,no,1,53.9,0,8,412,420
EXP-01640,asilo,si,si,,México,Tribunal D,3857.0,no,no,2,54.7,0,8,412,419
EXP-01641,miedo_creible,si,no,no,Centroamérica,Tribunal A,2115.0,no,no,21,22.1,0,0,12,20
EXP-01642,cancelacion,no,no,no,México,Tribunal E,2515.0,no,no,23,125.9,1,3,342,348
EXP-01642,cancelacion,no,no,no,México,Tribunal E,2515.0,no,no,4,113.9,0,3,342,350
EXP-01643,ajuste_estatus,no,si,si,Europa,Tribunal A,2641.0,no,no,18,215.4,3,5,212,223
EXP-01643,ajuste_estatus,no,si,si,Europa,Tribunal A,2641.0,no,no,25,206.9,0,5,212,224
EXP-01643,ajuste_estatus,no,si,si,Europa,Tribunal A,2641.0,no,no,16,209.9,0,5,212,226
EXP-01643,ajuste_estatus,no,si,si,Europa,Tribunal A,2641.0,no,no,2,206.9,0,5,212,225
EXP-01644,miedo_creible,si,no,no,Centroamérica,Tribunal A,2521.0,si,no,31,25.7,0,0,3,15
EXP-01645,miedo_creible,si,no,no,Centroamérica,Tribunal B,2416.0,no,no,44,59.6,0,1,5,14
EXP-01646,asilo,si,no,si,Centroamérica,Tribunal F,5857.0,no,si,23,76.3,0,2,201,208
EXP-01647,asilo,si,no,si,Asia,Tribunal D,4235.0,no,si,34,98.2,1,5,399,403
EXP-01647,asilo,si,no,si,Asia,Tribunal D,4235.0,no,si,10,90.4,0,5,399,405
EXP-01648,asilo,si,no,no,México,Tribunal A,2292.0,no,si,39,68.9,0,1,116,121
EXP-01649,reinstalacion,si,no,si,Centroamérica,Tribunal F,5086.0,no,no,20,44.4,0,0,96,99
EXP-01650,reinstalacion,si,si,no,Caribe,Tribunal E,2098.0,no,no,26,1.5,0,1,10,19
EXP-01651,reinstalacion,si,no,no,México,Tribunal E,1898.0,si,no,25,41.5,0,1,15,29
EXP-01652,miedo_creible,si,si,si,Asia,Tribunal E,3223.0,si,no,37,31.0,0,0,48,52
EXP-01653,reinstalacion,si,si,no,Europa,Tribunal B,2552.0,no,no,42,11.4,0,0,22,32
EXP-01654,miedo_creible,si,no,si,África,Tribunal C,3305.0,si,no,18,21.4,0,1,95,103
EXP-01655,reinstalacion,si,no,no,México,Tribunal B,2563.0,no,no,39,21.6,0,0,10,22
EXP-01656,miedo_creible,si,no,si,Centroamérica,Tribunal A,3366.0,si,no,42,30.0,0,0,16,23
EXP-01657,asilo,si,no,si,Europa,Tribunal C,3300.0,no,no,38,85.8,0,2,280,290
EXP-01658,salida_voluntaria,no,no,no,México,Tribunal C,3807.0,no,no,25,119.8,2,2,108,108
EXP-01658,salida_voluntaria,no,no,no,México,Tribunal C,3807.0,no,no,3,106.8,0,2,108,111
EXP-01658,salida_voluntaria,no,no,no,México,Tribunal C,3807.0,no,no,6,115.3,0,2,108,109
EXP-01659,reinstalacion,si,no,no,Sudamérica,Tribunal A,,no,no,23,32.4,0,0,24,28
EXP-01660,asilo,si,no,no,Centroamérica,Tribunal B,2868.0,no,no,34,73.1,0,1,108,122
EXP-01661,asilo,si,no,no,Caribe,Tribunal B,2631.0,no,si,41,53.9,0,2,130,135
EXP-01662,asilo,no,si,no,México,Tribunal D,3004.0,no,no,48,37.4,3,13,496,507
EXP-01662,asilo,no,si,no,México,Tribunal D,3004.0,no,no,28,21.7,0,13,496,509
EXP-01662,asilo,no,si,no,México,Tribunal D,3004.0,no,no,2,27.1,0,13,496,508
EXP-01662,asilo,no,si,no,México,Tribunal D,3004.0,no,no,8,28.5,0,13,496,509
EXP-01663,asilo,no,si,no,Centroamérica,Tribunal F,5727.0,no,no,24,105.7,3,17,785,786
EXP-01663,asilo,no,si,no,Centroamérica,Tribunal F,5727.0,no,no,18,97.7,0,17,785,787
EXP-01663,asilo,no,si,no,Centroamérica,Tribunal F,5727.0,no,no,9,98.3,0,17,785,789
EXP-01663,asilo,no,si,no,Centroamérica,Tribunal F,5727.0,no,no,2,101.0,0,17,785,789
EXP-01664,ajuste_estatus,no,si,,Centroamérica,Tribunal C,3375.0,no,no,38,50.7,0,5,326,338
EXP-01665,asilo,si,si,si,Asia,Tribunal B,2962.0,si,no,29,102.3,0,1,99,106
EXP-01666,miedo_creible,si,no,no,Centroamérica,Tribunal C,3881.0,si,no,35,29.4,0,1,11,25
EXP-01667,reinstalacion,si,no,no,Centroamérica,Tribunal E,2001.0,no,no,23,27.9,0,1,15,21
EXP-01668,miedo_creible,si,si,si,África,Tribunal A,2451.0,no,no,24,34.3,0,2,39,44
EXP-01669,salida_voluntaria,no,si,no,Centroamérica,Tribunal C,4021.0,no,no,32,29.0,0,1,113,122
EXP-01670,asilo,si,no,no,Centroamérica,Tribunal B,2878.0,no,no,33,28.5,1,1,112,125
EXP-01670,asilo,si,no,no,Centroamérica,Tribunal B,2878.0,no,no,32,17.2,0,1,112,128
EXP-01671,reinstalacion,si,no,si,Asia,Tribunal A,2487.0,si,no,20,35.7,0,0,37,41
EXP-01672,asilo,no,si,no,México,Tribunal C,3210.0,no,no,30,12.1,1,6,402,406
EXP-01672,asilo,no,si,no,México,Tribunal C,3210.0,no,no,10,9.0,0,6,402,408
EXP-01673,ajuste_estatus,no,si,no,Centroamérica,Tribunal B,3472.0,si,no,37,77.6,0,3,289,300
EXP-01674,asilo,si,si,no,Centroamérica,Tribunal D,4352.0,no,no,30,81.6,0,6,211,223
EXP-01675,asilo,no,no,no,Caribe,Tribunal A,2631.0,no,no,18,43.7,4,1,168,178
EXP-01675,asilo,no,no,no,Caribe,Tribunal A,2631.0,no,no,2,38.6,0,1,168,179
EXP-01675,asilo,no,no,no,Caribe,Tribunal A,2631.0,no,no,15,37.8,0,1,168,179
EXP-01675,asilo,no,no,no,Caribe,Tribunal A,2631.0,no,no,6,34.0,0,1,168,181
EXP-01675,asilo,no,no,no,Caribe,Tribunal A,,no,no,10,34.4,0,1,168,181
EXP-01676,asilo,no,no,si,Centroamérica,Tribunal D,4878.0,no,no,40,28.9,1,9,733,737
EXP-01676,asilo,no,no,si,Centroamérica,Tribunal D,4878.0,no,no,27,27.6,0,9,733,739
EXP-01677,asilo,si,si,no,México,Tribunal B,2890.0,no,no,25,17.3,0,0,90,96
EXP-01678,cancelacion,si,no,si,Sudamérica,Tribunal A,2140.0,no,no,37,361.7,0,3,193,202
EXP-01679,salida_voluntaria,no,si,no,Centroamérica,Tribunal A,2716.0,no,no,38,70.0,1,3,74,82
EXP-01679,salida_voluntaria,no,si,no,Centroamérica,Tribunal A,2716.0,no,no,15,61.2,0,3,74,85
EXP-01680,miedo_creible,si,si,si,Centroamérica,Tribunal E,2849.0,no,no,36,27.5,0,1,9,22
EXP-01681,asilo,no,si,no,Centroamérica,Tribunal D,4281.0,no,no,25,,0,6,704,708
EXP-01682,ajuste_estatus,no,si,,Centroamérica,Tribunal C,3971.0,no,no,26,14.0,0,7,340,341
EXP-01683,cancelacion,si,si,no,Sudamérica,Tribunal B,3506.0,no,si,26,185.0,3,14,577,578
EXP-01683,cancelacion,si,si,no,Sudamérica,Tribunal B,3506.0,no,si,11,176.9,0,14,577,579
EXP-01683,cancelacion,si,si,no,Sudamérica,Tribunal B,3506.0,no,si,4,182.8,0,14,577,579
EXP-01683,cancelacion,si,si,no,Sudamérica,Tribunal B,3506.0,no,si,9,172.3,0,14,577,580
EXP-01684,asilo,si,no,si,México,Tribunal D,3813.0,no,si,49,164.3,0,3,223,237
EXP-01685,miedo_creible,si,no,si,Centroamérica,Tribunal D,,no,no,41,25.7,0,1,71,72
EXP-01686,ajuste_estatus,si,no,no,Europa,Tribunal A,2470.0,no,no,29,96.9,0,2,130,131
EXP-01687,cancelacion,si,si,si,Europa,Tribunal B,3841.0,si,si,18,144.8,0,9,564,572
EXP-01688,cancelacion,si,si,no,Centroamérica,Tribunal B,3620.0,no,si,40,176.9,1,3,247,250
EXP-01688,cancelacion,si,si,no,Centroamérica,Tribunal B,3620.0,no,si,24,173.4,0,3,247,250
EXP-01689,salida_voluntaria,si,no,no,México,Tribunal C,3883.0,no,no,26,28.8,0,1,30,31
EXP-01690,miedo_creible,si,no,si,Centroamérica,Tribunal F,4899.0,si,no,32,99.8,0,1,103,106
EXP-01691,asilo,si,si,no,México,Tribunal D,4471.0,no,no,28,52.9,0,2,140,146
EXP-01692,asilo,si,no,no,Sudamérica,Tribunal A,3197.0,no,si,18,44.5,0,2,133,143
EXP-01693,asilo,si,no,no,México,Tribunal F,5786.0,no,si,27,38.6,0,4,515,518
EXP-01694,asilo,no,no,si,Sudamérica,Tribunal F,4887.0,no,no,18,37.5,2,4,414,427
EXP-01694,asilo,no,no,si,Sudamérica,Tribunal F,4887.0,no,no,35,,0,4,414,429
EXP-01694,asilo,no,no,si,Sudamérica,Tribunal F,4887.0,no,no,3,29.9,0,4,414,429
EXP-01695,reinstalacion,si,no,si,África,Tribunal A,2998.0,si,no,36,9.4,0,1,81,90
EXP-01696,reinstalacion,si,no,si,Europa,Tribunal A,2662.0,si,no,21,47.9,0,0,68,68
EXP-01697,reinstalacion,si,si,no,México,Tribunal A,2122.0,no,no,30,91.6,0,0,16,30
EXP-01698,asilo,si,no,no,Caribe,Tribunal A,2657.0,si,no,26,60.5,3,0,69,71
EXP-01698,asilo,si,no,no,Caribe,Tribunal A,2657.0,no,no,29,50.1,0,0,69,71
EXP-01698,asilo,si,no,no,Caribe,Tribunal A,2657.0,no,no,9,53.9,0,0,69,72
EXP-01698,asilo,si,no,no,Caribe,Tribunal A,2657.0,no,no,6,52.2,0,0,69,74
EXP-01699,asilo,si,no,si,Centroamérica,Tribunal B,3218.0,si,si,43,98.4,1,1,159,172
EXP-01699,asilo,si,no,si,Centroamérica,Tribunal B,3218.0,no,si,24,,0,1,159,172
EXP-01700,reinstalacion,si,no,si,Centroamérica,Tribunal F,4799.0,no,no,35,70.3,0,0,57,57
EXP-01701,miedo_creible,si,si,no,Centroamérica,Tribunal C,4214.0,no,no,23,40.6,0,0,18,32
EXP-01702,asilo,si,no,no,Sudamérica,Tribunal A,1848.0,si,si,29,115.5,0,4,178,189
EXP-01703,miedo_creible,si,no,no,Sudamérica,Tribunal B,2744.0,no,no,18,27.4,0,0,7,21
EXP-01704,asilo,no,si,si,Caribe,Tribunal B,3729.0,no,no,19,41.8,0,16,616,623
EXP-01705,asilo,si,no,si,Centroamérica,Tribunal C,4257.0,no,si,18,119.2,0,1,260,262
EXP-01706,salida_voluntaria,si,si,no,Centroamérica,Tribunal F,5293.0,no,no,29,24.1,0,4,168,177
EXP-01707,asilo,si,no,no,Centroamérica,Tribunal C,4071.0,si,si,18,40.6,0,2,273,281
EXP-01708,ajuste_estatus,si,no,si,Centroamérica,Tribunal A,2853.0,no,si,24,149.7,0,4,174,177
EXP-01709,reinstalacion,si,no,no,México,Tribunal B,2748.0,no,no,31,66.6,0,0,1,12
EXP-01710,miedo_creible,si,si,no,Asia,Tribunal A,,no,no,30,10.9,0,0,20,20
EXP-01711,reinstalacion,si,no,no,México,Tribunal B,3594.0,no,no,52,103.2,0,0,9,20
EXP-01712,ajuste_estatus,no,si,no,Centroamérica,Tribunal D,4160.0,no,no,38,70.1,0,9,616,624
EXP-01713,cancelacion,si,no,no,Sudamérica,Tribunal B,3195.0,no,no,34,160.0,2,3,207,219
EXP-01713,cancelacion,si,no,no,Sudamérica,Tribunal B,3195.0,no,no,12,158.0,0,3,207,221
EXP-01713,cancelacion,si,no,no,Sudamérica,Tribunal B,3195.0,no,no,16,155.6,0,3,207,220
EXP-01714,miedo_creible,si,si,no,México,Tribunal A,2708.0,no,no,37,33.5,0,0,17,24
EXP-01715,miedo_creible,si,no,si,África,Tribunal C,3364.0,no,no,40,123.2,0,1,21,33
EXP-01716,reinstalacion,si,no,no,México,Tribunal E,3365.0,si,no,40,62.7,0,0,17,29
EXP-01717,ajuste_estatus,no,si,si,Centroamérica,Tribunal D,3815.0,no,no,45,20.2,0,10,492,504
EXP-01718,asilo,no,no,no,Centroamérica,Tribunal B,3171.0,no,no,35,174.7,0,3,231,231
EXP-01719,asilo,si,no,no,Centroamérica,Tribunal C,3610.0,no,no,35,14.4,0,2,136,148
EXP-01720,miedo_creible,si,si,no,Centroamérica,Tribunal E,2175.0,no,no,25,58.2,0,0,15,18
EXP-01721,ajuste_estatus,si,si,no,Centroamérica,Tribunal F,5275.0,no,no,22,61.7,0,7,280,281
EXP-01722,ajuste_estatus,no,si,si,Asia,Tribunal F,4653.0,no,no,40,91.2,0,8,269,277
EXP-01723,asilo,no,no,si,Asia,Tribunal A,2814.0,no,no,33,87.1,2,3,381,391
EXP-01723,asilo,no,no,si,Asia,Tribunal A,2814.0,no,no,26,81.4,0,3,381,391
EXP-01723,asilo,no,no,si,Asia,Tribunal A,2814.0,no,no,1,77.7,0,3,381,392
EXP-01724,reinstalacion,si,no,si,Centroamérica,Tribunal F,5180.0,no,no,30,34.4,0,2,148,152
EXP-01725,miedo_creible,si,si,no,Centroamérica,Tribunal A,2857.0,si,no,34,5.5,0,0,7,18
EXP-01726,miedo_creible,si,no,si,Europa,Tribunal A,2658.0,no,no,39,18.7,0,0,15,22
EXP-01727,miedo_creible,si,no,si,Asia,Tribunal E,3256.0,no,no,43,49.5,0,1,36,39
EXP-01728,cancelacion,si,si,no,Centroamérica,Tribunal F,4132.0,no,si,28,120.1,0,8,513,517
EXP-01729,miedo_creible,si,si,no,Centroamérica,Tribunal D,4647.0,si,no,28,24.1,0,0,16,27
EXP-01730,salida_voluntaria,si,no,no,Caribe,Tribunal E,1262.0,no,si,18,64.0,3,0,44,53
EXP-01730,salida_voluntaria,si,no,no,Caribe,Tribunal E,1262.0,no,si,13,56.9,0,0,44,54
EXP-01730,salida_voluntaria,si,no,no,Caribe,Tribunal E,1262.0,no,si,15,53.9,0,0,44,53
EXP-01730,salida_voluntaria,si,no,no,Caribe,Tribunal E,1262.0,no,si,16,58.2,0,0,44,55
EXP-01731,asilo,si,si,no,Centroamérica,Tribunal C,4409.0,no,si,18,71.9,0,1,306,317
EXP-01732,salida_voluntaria,no,no,no,México,Tribunal B,3480.0,no,no,38,16.6,0,2,96,105
EXP-01733,cancelacion,no,si,no,Centroamérica,Tribunal F,5549.0,no,no,28,247.8,0,28,1636,1642
EXP-01734,asilo,si,no,no,Sudamérica,Tribunal B,2477.0,no,no,34,4.8,0,1,98,101
EXP-01735,asilo,si,no,si,África,Tribunal B,2419.0,no,no,35,67.5,0,1,70,80
EXP-01736,asilo,no,no,si,África,Tribunal A,2801.0,no,no,27,,0,3,261,273
EXP-01737,salida_voluntaria,si,no,no,México,Tribunal A,2169.0,no,si,26,43.1,0,0,68,72
EXP-01738,ajuste_estatus,si,no,no,México,Tribunal C,3766.0,no,no,30,32.9,2,1,169,170
EXP-01738,ajuste_estatus,si,no,no,México,Tribunal C,3766.0,no,no,2,20.0,0,1,169,173
EXP-01738,ajuste_estatus,si,no,no,México,Tribunal C,3766.0,no,no,16,29.4,0,1,169,173
EXP-01739,miedo_creible,si,no,si,México,Tribunal A,2860.0,no,no,27,90.0,0,0,29,32
EXP-01740,reinstalacion,si,no,no,México,Tribunal B,3773.0,no,no,27,4.5,1,2,18,21
EXP-01740,reinstalacion,si,no,no,México,Tribunal B,3773.0,no,no,2,5.7,0,2,18,24
EXP-01741,salida_voluntaria,si,si,no,México,Tribunal B,3111.0,si,no,21,39.2,2,0,56,66
EXP-01741,salida_voluntaria,si,si,no,México,Tribunal B,3111.0,no,no,4,41.6,0,0,56,69
EXP-01741,salida_voluntaria,si,si,no,México,Tribunal B,3111.0,no,no,4,41.9,0,0,56,67
EXP-01742,asilo,si,no,no,México,Tribunal C,3688.0,si,no,33,105.7,0,2,276,282
EXP-01743,miedo_creible,si,no,no,Europa,Tribunal B,3899.0,no,no,23,163.6,0,0,8,18
EXP-01744,miedo_creible,si,no,no,Centroamérica,Tribunal A,2058.0,no,no,21,4.9,0,1,12,15
EXP-01745,asilo,si,si,si,Asia,Tribunal C,3138.0,no,si,36,88.1,3,11,654,657
EXP-01745,asilo,si,si,si,Asia,Tribunal C,3138.0,no,si,37,92.1,0,11,654,658
EXP-01745,asilo,si,si,si,Asia,Tribunal C,3138.0,no,si,6,86.7,0,11,654,658
EXP-01745,asilo,si,si,si,Asia,Tribunal C,3138.0,no,si,11,82.3,0,11,654,660
EXP-01746,reinstalacion,si,no,no,Centroamérica,Tribunal B,2790.0,no,no,19,55.8,0,0,11,17
EXP-01747,asilo,no,no,no,Sudamérica,Tribunal C,4773.0,no,no,34,10.8,0,6,564,578
EXP-01748,salida_voluntaria,si,no,si,Centroamérica,Tribunal E,3287.0,no,no,39,57.7,1,0,53,64
EXP-01748,salida_voluntaria,si,no,si,Centroamérica,Tribunal E,3287.0,no,no,4,55.1,0,0,53,65
EXP-01749,reinstalacion,si,no,no,México,Tribunal D,4480.0,no,no,22,30.4,0,0,40,54
EXP-01750,reinstalacion,si,si,no,Sudamérica,Tribunal B,2881.0,no,no,27,93.6,0,1,30,37
EXP-01751,asilo,si,si,si,Caribe,Tribunal A,2797.0,no,si,19,95.1,2,3,234,237
EXP-01751,asilo,si,si,si,Caribe,Tribunal A,2797.0,no,si,41,90.5,0,3,234,239
EXP-01751,asilo,si,si,si,Caribe,Tribunal A,2797.0,no,si,6,88.8,0,3,234,237
EXP-01752,asilo,si,no,no,Centroamérica,Tribunal F,5193.0,no,si,18,26.8,0,3,367,380
EXP-01753,asilo,si,no,no,México,Tribunal B,3530.0,no,si,32,228.8,0,0,98,109
EXP-01754,asilo,si,si,no,Centroamérica,Tribunal E,1310.0,no,si,43,83.4,1,4,116,121
EXP-01754,asilo,si,si,no,Centroamérica,Tribunal E,1310.0,no,si,25,77.4,0,4,116,121
EXP-01755,cancelacion,si,no,no,México,Tribunal A,2412.0,si,no,32,162.4,0,2,205,211
EXP-01756,ajuste_estatus,no,si,no,México,Tribunal E,2319.0,no,no,21,51.5,0,1,299,307
EXP-01757,reinstalacion,si,no,no,Sudamérica,Tribunal D,4386.0,si,no,29,38.2,0,0,58,67
EXP-01758,ajuste_estatus,si,si,si,Centroamérica,Tribunal F,5566.0,si,si,38,110.8,4,18,755,755
EXP-01758,ajuste_estatus,si,si,si,Centroamérica,Tribunal F,5566.0,no,si,23,108.8,0,18,755,758
EXP-01758,ajuste_estatus,si,si,si,Centroamérica,Tribunal F,5566.0,no,si,15,108.6,0,18,755,755
EXP-01758,ajuste_estatus,si,si,si,Centroamérica,Tribunal F,5566.0,no,si,12,109.3,0,18,755,758
EXP-01758,ajuste_estatus,si,si,si,Centroamérica,Tribunal F,5566.0,no,si,9,102.0,0,18,755,756
EXP-01759,salida_voluntaria,si,si,no,Centroamérica,Tribunal C,3718.0,si,si,20,38.4,2,1,53,56
EXP-01759,salida_voluntaria,si,si,no,Centroamérica,Tribunal C,3718.0,no,si,23,38.5,0,1,53,56
EXP-01759,salida_voluntaria,si,si,no,Centroamérica,Tribunal C,3718.0,no,si,10,34.7,0,1,53,57
EXP-01760,miedo_creible,si,no,no,Centroamérica,Tribunal B,3738.0,si,no,25,9.0,0,0,24,25
EXP-01761,reinstalacion,no,no,no,México,Tribunal F,4605.0,no,no,18,76.8,0,0,137,137
EXP-01762,salida_voluntaria,si,no,no,México,Tribunal C,3861.0,no,si,27,0.3,3,1,64,67
EXP-01762,salida_voluntaria,si,no,no,México,Tribunal C,3861.0,no,si,12,0.0,0,1,64,67
EXP-01762,salida_voluntaria,si,no,no,México,Tribunal C,,no,si,7,0.0,0,1,64,67
EXP-01762,salida_voluntaria,si,no,no,México,Tribunal C,3861.0,no,si,16,0.0,0,1,64,67
EXP-01763,reinstalacion,si,no,no,México,Tribunal F,4460.0,no,no,36,,0,1,44,50
EXP-01764,reinstalacion,no,si,no,México,Tribunal F,5585.0,no,no,19,95.6,0,1,193,197
EXP-01765,asilo,si,no,no,Europa,Tribunal A,2735.0,no,si,30,10.5,0,4,152,161
EXP-01766,ajuste_estatus,si,no,no,Centroamérica,Tribunal A,1957.0,si,si,40,64.7,0,2,142,146
EXP-01767,asilo,no,si,no,México,Tribunal E,2395.0,si,no,35,24.6,4,3,255,260
EXP-01767,asilo,no,si,no,México,Tribunal E,2395.0,no,no,6,24.0,0,3,255,261
EXP-01767,asilo,no,si,no,México,Tribunal E,2395.0,no,no,15,21.7,0,3,255,263
EXP-01767,asilo,no,si,no,México,Tribunal E,2395.0,no,no,7,21.1,0,3,255,261
EXP-01767,asilo,no,si,no,México,Tribunal E,2395.0,no,no,6,17.9,0,3,255,263
EXP-01768,ajuste_estatus,si,no,no,México,Tribunal A,2623.0,no,si,36,23.8,2,3,102,111
EXP-01768,ajuste_estatus,si,no,no,México,Tribunal A,2623.0,no,si,38,22.0,0,3,102,113
EXP-01768,ajuste_estatus,si,no,no,México,Tribunal A,2623.0,no,si,6,15.2,0,3,102,112
EXP-01769,miedo_creible,si,no,si,Centroamérica,Tribunal A,2946.0,no,no,29,22.6,0,0,35,44
EXP-01770,ajuste_estatus,si,no,no,Centroamérica,Tribunal D,3686.0,si,si,31,51.4,0,4,285,285
EXP-01771,reinstalacion,si,no,no,México,Tribunal C,3718.0,no,no,29,34.2,0,0,16,18
EXP-01772,ajuste_estatus,si,si,si,África,Tribunal C,3677.0,no,si,41,,0,7,304,318
EXP-01773,asilo,si,no,no,Sudamérica,Tribunal D,4295.0,no,no,22,30.1,0,10,457,458
EXP-01774,asilo,no,no,no,Centroamérica,Tribunal A,2449.0,no,no,18,90.2,1,1,185,193
EXP-01774,asilo,no,no,no,Centroamérica,Tribunal A,2449.0,no,no,41,82.9,0,1,185,193
EXP-01775,ajuste_estatus,no,no,,Centroamérica,Tribunal F,5294.0,no,no,32,29.9,0,10,503,514
EXP-01776,ajuste_estatus,si,no,si,Centroamérica,Tribunal C,4060.0,si,si,39,13.2,4,1,139,143
EXP-01776,ajuste_estatus,si,no,si,Centroamérica,Tribunal C,4060.0,no,si,1,0.0,0,1,139,146
EXP-01776,ajuste_estatus,si,no,si,Centroamérica,Tribunal C,4060.0,no,si,13,0.0,0,1,139,146
EXP-01776,ajuste_estatus,si,no,si,Centroamérica,Tribunal C,4060.0,no,si,10,0.0,0,1,139,143
EXP-01776,ajuste_estatus,si,no,si,Centroamérica,Tribunal C,4060.0,no,si,5,1.5,0,1,139,146
EXP-01777,ajuste_estatus,no,si,no,Centroamérica,Tribunal B,3725.0,no,no,35,,0,6,351,363
EXP-01778,asilo,si,no,no,México,Tribunal C,3581.0,no,no,29,58.9,0,1,195,197
EXP-01779,reinstalacion,si,si,no,México,Tribunal D,4505.0,no,no,29,17.9,0,2,47,47
EXP-01780,asilo,si,no,,Asia,Tribunal A,2796.0,si,no,18,91.4,2,0,147,151
EXP-01780,asilo,si,no,si,Asia,Tribunal A,2796.0,no,no,14,84.0,0,0,147,152
EXP-01780,asilo,si,no,si,Asia,Tribunal A,2796.0,no,no,10,86.2,0,0,147,151
EXP-01781,miedo_creible,si,no,no,Asia,Tribunal D,4648.0,no,no,18,28.1,0,0,22,28
EXP-01782,salida_voluntaria,no,no,no,Centroamérica,Tribunal D,5387.0,no,no,46,10.0,1,2,184,184
EXP-01782,salida_voluntaria,no,no,no,Centroamérica,Tribunal D,5387.0,no,no,34,3.1,0,2,184,187
EXP-01783,asilo,si,no,si,África,Tribunal E,2317.0,no,si,24,72.3,0,0,138,151
EXP-01784,asilo,no,no,no,Sudamérica,Tribunal A,2133.0,no,no,26,6.7,0,6,218,225
EXP-01785,ajuste_estatus,si,no,si,Centroamérica,Tribunal C,4133.0,no,no,44,45.7,0,0,134,143
EXP-01786,cancelacion,no,si,no,Centroamérica,Tribunal A,2766.0,no,no,39,154.3,0,10,454,454
EXP-01787,asilo,no,si,si,Centroamérica,Tribunal D,4096.0,no,no,34,59.2,0,9,344,355
EXP-01788,reinstalacion,si,no,no,México,Tribunal C,4136.0,no,no,38,44.0,0,1,35,40
EXP-01789,ajuste_estatus,no,si,no,Caribe,Tribunal C,4630.0,no,no,40,110.9,0,9,520,520
EXP-01790,ajuste_estatus,no,si,no,Sudamérica,Tribunal D,3825.0,no,no,35,299.6,0,5,475,479
EXP-01791,ajuste_estatus,no,no,no,Centroamérica,Tribunal A,2684.0,no,no,35,36.9,1,1,155,163
EXP-01791,ajuste_estatus,no,no,no,Centroamérica,Tribunal A,2684.0,no,no,28,25.5,0,1,155,165
EXP-01792,reinstalacion,si,no,no,Centroamérica,Tribunal B,2153.0,no,no,39,11.1,1,0,15,16
EXP-01792,reinstalacion,si,no,,Centroamérica,Tribunal B,2153.0,no,no,16,14.5,0,0,15,18
EXP-01793,ajuste_estatus,no,no,no,México,Tribunal D,4815.0,no,no,44,106.5,0,9,600,601
EXP-01794,miedo_creible,si,si,si,Centroamérica,Tribunal B,2517.0,no,no,26,9.5,0,0,29,30
EXP-01795,asilo,si,no,si,Asia,Tribunal C,3756.0,no,si,24,88.1,0,3,308,318
EXP-01796,reinstalacion,si,no,no,México,Tribunal B,3922.0,no,no,36,7.6,0,0,18,23
EXP-01797,asilo,si,no,no,Centroamérica,Tribunal E,2620.0,no,si,43,13.8,0,1,126,132
EXP-01798,asilo,si,si,no,Europa,Tribunal F,5295.0,no,si,35,41.6,2,7,343,352
EXP-01798,asilo,si,si,no,Europa,Tribunal F,5295.0,no,si,22,36.6,0,7,343,355
EXP-01798,asilo,si,si,no,Europa,Tribunal F,5295.0,no,si,9,37.4,0,7,343,353
EXP-01799,reinstalacion,si,si,no,México,Tribunal A,2032.0,no,no,31,44.4,0,0,25,30
EXP-01800,reinstalacion,no,si,no,Centroamérica,Tribunal C,3187.0,no,no,30,34.3,0,4,80,84
EXP-01801,asilo,no,no,no,Sudamérica,Tribunal E,2336.0,no,no,18,18.0,0,0,189,201
EXP-01802,asilo,no,no,no,México,Tribunal D,3855.0,no,no,18,6.5,0,3,448,457
EXP-01803,salida_voluntaria,si,si,si,Europa,Tribunal E,2220.0,no,no,46,86.9,2,0,52,60
EXP-01803,salida_voluntaria,si,si,si,Europa,Tribunal E,2220.0,no,no,16,76.2,0,0,52,62
EXP-01803,salida_voluntaria,si,si,si,Europa,Tribunal E,2220.0,no,no,10,82.9,0,0,52,60
EXP-01804,ajuste_estatus,no,si,no,México,Tribunal D,5040.0,no,no,23,88.6,0,10,643,655
EXP-01805,asilo,si,no,si,Centroamérica,Tribunal E,1740.0,no,no,36,,0,2,105,119
EXP-01806,asilo,si,si,si,Asia,Tribunal B,2848.0,no,no,40,69.9,0,3,226,228
EXP-01807,miedo_creible,si,no,no,África,Tribunal B,3211.0,no,no,41,97.2,0,0,8,16
EXP-01808,miedo_creible,si,si,no,Centroamérica,Tribunal D,5013.0,no,no,39,67.7,4,1,27,31
EXP-01808,miedo_creible,si,si,no,Centroamérica,Tribunal D,5013.0,no,no,10,55.1,0,1,27,31
EXP-01808,miedo_creible,si,si,no,Centroamérica,Tribunal D,5013.0,no,no,3,63.0,0,1,27,33
EXP-01808,miedo_creible,si,si,no,Centroamérica,Tribunal D,5013.0,no,no,12,64.0,0,1,27,31
EXP-01808,miedo_creible,si,si,no,Centroamérica,Tribunal D,5013.0,no,no,1,60.3,0,1,27,34
EXP-01809,miedo_creible,si,no,no,México,Tribunal D,3562.0,no,no,18,25.1,0,0,25,30
EXP-01810,ajuste_estatus,si,no,no,Caribe,Tribunal D,3545.0,no,no,41,160.6,0,3,169,183
EXP-01811,miedo_creible,si,no,no,Caribe,Tribunal A,2373.0,no,no,30,61.1,0,0,7,11
EXP-01812,asilo,si,si,no,Sudamérica,Tribunal B,3702.0,no,no,20,164.4,0,2,310,311
EXP-01813,asilo,si,no,no,Sudamérica,Tribunal F,4708.0,no,no,18,100.2,2,4,170,173
EXP-01813,asilo,si,no,no,Sudamérica,Tribunal F,4708.0,no,no,9,95.4,0,4,170,174
EXP-01813,asilo,si,no,no,Sudamérica,Tribunal F,4708.0,no,no,13,,0,4,170,176
EXP-01814,reinstalacion,si,no,no,México,Tribunal C,3696.0,si,no,31,17.0,0,0,19,22
EXP-01815,miedo_creible,si,no,no,México,Tribunal C,3633.0,no,no,27,48.7,0,0,21,27
EXP-01816,ajuste_estatus,si,si,si,Asia,Tribunal A,2403.0,si,no,31,66.7,1,4,493,507
EXP-01816,ajuste_estatus,si,si,si,Asia,Tribunal A,2403.0,no,no,18,61.4,0,4,493,507
EXP-01817,asilo,si,no,no,México,Tribunal A,2575.0,no,si,41,49.1,0,0,106,115
EXP-01818,asilo,no,si,no,Centroamérica,Tribunal C,3685.0,no,no,21,96.5,0,4,511,524
EXP-01819,ajuste_estatus,si,no,no,México,Tribunal C,4676.0,no,si,18,67.4,0,1,197,207
EXP-01820,salida_voluntaria,si,no,si,México,Tribunal C,3357.0,no,si,35,34.7,0,1,61,73
EXP-01821,ajuste_estatus,si,no,no,México,Tribunal C,3124.0,no,si,48,81.8,0,0,174,181
EXP-01822,reinstalacion,si,no,no,Centroamérica,Tribunal D,3236.0,no,no,26,113.1,0,0,32,40
EXP-01823,asilo,si,si,si,Sudamérica,Tribunal B,3367.0,no,si,26,69.0,0,2,126,133
EXP-01824,miedo_creible,si,no,no,México,Tribunal D,4343.0,si,no,51,127.4,0,0,22,28
EXP-01825,reinstalacion,si,no,no,Centroamérica,Tribunal C,3764.0,no,no,24,5.9,0,0,12,16
EXP-01826,ajuste_estatus,no,si,no,Sudamérica,Tribunal A,2377.0,no,no,37,64.8,4,9,333,340
EXP-01826,ajuste_estatus,no,si,no,Sudamérica,Tribunal A,2377.0,no,no,42,55.8,0,9,333,340
EXP-01826,ajuste_estatus,no,si,no,Sudamérica,Tribunal A,2377.0,no,no,10,55.3,0,9,333,343
EXP-01826,ajuste_estatus,no,si,no,Sudamérica,Tribunal A,2377.0,no,no,3,66.0,0,9,333,341
EXP-01826,ajuste_estatus,no,si,no,Sudamérica,Tribunal A,,no,no,1,57.8,0,9,333,340
EXP-01827,reinstalacion,si,no,si,África,Tribunal F,5130.0,si,no,43,,0,1,74,87
EXP-01828,reinstalacion,si,no,no,Centroamérica,Tribunal B,3474.0,no,no,31,7.2,0,1,20,29
EXP-01829,reinstalacion,si,no,no,África,Tribunal B,3466.0,no,no,32,70.3,0,0,31,40
EXP-01830,salida_voluntaria,si,no,no,Centroamérica,Tribunal B,2556.0,no,no,27,151.9,0,0,10,24
EXP-01831,reinstalacion,si,no,si,Asia,Tribunal F,5469.0,no,no,28,46.0,0,3,46,47
EXP-01832,asilo,si,no,si,África,Tribunal A,1797.0,no,si,30,41.0,2,1,327,331
EXP-01832,asilo,si,no,si,África,Tribunal A,1797.0,no,si,12,38.0,0,1,327,331
EXP-01832,asilo,si,no,si,África,Tribunal A,1797.0,no,si,2,32.4,0,1,327,332
EXP-01833,reinstalacion,si,no,no,México,Tribunal C,4033.0,no,no,18,142.4,0,0,32,37
EXP-01834,asilo,no,si,si,Caribe,Tribunal B,3715.0,no,no,37,108.3,3,3,291,291
EXP-01834,asilo,no,si,si,Caribe,Tribunal B,3715.0,no,no,32,98.1,0,3,291,292
EXP-01834,asilo,no,si,si,Caribe,Tribunal B,3715.0,no,no,8,103.9,0,3,291,293
EXP-01834,asilo,no,si,si,Caribe,Tribunal B,3715.0,no,no,13,98.2,0,3,291,293
EXP-01835,ajuste_estatus,si,no,no,Caribe,Tribunal E,2211.0,si,no,33,82.3,2,2,109,121
EXP-01835,ajuste_estatus,si,no,no,Caribe,Tribunal E,2211.0,no,no,28,79.8,0,2,109,124
EXP-01835,ajuste_estatus,si,no,no,Caribe,Tribunal E,2211.0,no,no,14,72.1,0,2,109,122
EXP-01836,asilo,si,si,si,África,Tribunal C,3837.0,no,no,41,81.0,4,3,276,278
EXP-01836,asilo,si,si,si,África,Tribunal C,3837.0,no,no,16,73.9,0,3,276,279
EXP-01836,asilo,si,si,si,África,Tribunal C,3837.0,no,no,1,82.6,0,3,276,279
EXP-01836,asilo,si,si,si,África,Tribunal C,3837.0,no,no,11,83.0,0,3,276,281
EXP-01836,asilo,si,si,si,África,Tribunal C,3837.0,no,no,9,77.1,0,3,276,281
EXP-01837,asilo,no,no,no,Centroamérica,Tribunal A,2330.0,no,no,30,23.9,1,0,242,242
EXP-01837,asilo,no,no,no,Centroamérica,Tribunal A,2330.0,no,no,36,18.2,0,0,242,244
EXP-01838,asilo,si,si,no,Sudamérica,Tribunal A,2446.0,no,si,30,106.1,0,1,162,176
EXP-01839,asilo,si,no,no,Centroamérica,Tribunal A,2666.0,no,si,41,40.9,0,1,105,116
EXP-01840,miedo_creible,si,no,si,Sudamérica,Tribunal A,1671.0,no,no,40,56.9,0,0,24,33
EXP-01841,miedo_creible,si,no,no,México,Tribunal C,2901.0,no,no,46,7.1,0,1,5,13
EXP-01842,asilo,si,no,si,Asia,Tribunal B,2884.0,si,si,29,18.0,0,0,130,137
EXP-01843,asilo,no,si,no,Centroamérica,Tribunal E,2099.0,no,no,44,93.0,0,5,256,262
EXP-01844,miedo_creible,si,si,no,Sudamérica,Tribunal C,4011.0,si,no,26,162.0,0,1,27,35
EXP-01845,asilo,si,si,no,África,Tribunal D,5005.0,no,si,52,28.5,0,17,731,739
EXP-01846,reinstalacion,si,no,no,México,Tribunal D,4280.0,no,no,35,10.1,0,0,22,22
EXP-01847,asilo,no,no,si,Centroamérica,Tribunal C,4091.0,no,no,47,73.6,0,0,322,336
EXP-01848,salida_voluntaria,si,no,si,África,Tribunal A,2615.0,si,si,26,60.2,0,2,69,71
EXP-01849,ajuste_estatus,no,si,si,Europa,Tribunal C,3766.0,no,no,27,,1,10,389,398
EXP-01849,ajuste_estatus,no,si,si,Europa,Tribunal C,3766.0,no,no,31,18.0,0,10,389,400
EXP-01850,miedo_creible,si,no,si,Sudamérica,Tribunal B,3429.0,si,no,31,37.2,0,0,27,31
EXP-01851,cancelacion,no,si,no,México,Tribunal D,4425.0,si,no,56,187.4,0,14,939,951
EXP-01852,asilo,no,si,no,Caribe,Tribunal E,2636.0,no,no,38,147.2,1,2,303,310
EXP-01852,asilo,no,si,no,Caribe,Tribunal E,2636.0,no,no,2,149.5,0,2,303,313
EXP-01853,salida_voluntaria,no,si,no,Centroamérica,Tribunal F,4798.0,no,no,35,4.3,0,4,201,202
EXP-01854,miedo_creible,si,no,no,México,Tribunal A,2847.0,no,no,18,113.3,0,0,1,14
EXP-01855,salida_voluntaria,si,si,no,México,Tribunal A,1844.0,no,si,23,37.8,1,2,70,83
EXP-01855,salida_voluntaria,si,si,no,México,Tribunal A,1844.0,no,si,46,27.6,0,2,70,85
EXP-01856,salida_voluntaria,si,si,si,Asia,Tribunal A,2645.0,no,no,37,51.4,3,2,99,111
EXP-01856,salida_voluntaria,si,si,si,Asia,Tribunal A,2645.0,no,no,39,45.6,0,2,99,112
EXP-01856,salida_voluntaria,si,si,si,Asia,Tribunal A,2645.0,no,no,7,45.1,0,2,99,113
EXP-01856,salida_voluntaria,si,si,si,Asia,Tribunal A,2645.0,no,no,11,43.0,0,2,99,111
EXP-01857,asilo,no,si,si,Centroamérica,Tribunal B,3037.0,no,no,35,72.3,0,5,529,542
EXP-01858,reinstalacion,si,si,si,Sudamérica,Tribunal A,2843.0,no,no,25,47.8,0,1,28,31
EXP-01859,reinstalacion,si,si,si,Centroamérica,Tribunal B,3338.0,no,no,29,36.6,0,3,56,57
EXP-01860,reinstalacion,no,no,no,México,Tribunal F,5379.0,no,no,22,97.4,0,4,160,170
EXP-01861,asilo,no,si,no,Centroamérica,Tribunal C,4041.0,no,no,28,50.5,1,10,463,473
EXP-01861,asilo,no,si,no,Centroamérica,Tribunal C,4041.0,no,no,2,36.8,0,10,463,474
EXP-01862,miedo_creible,si,si,no,Centroamérica,Tribunal A,3010.0,no,no,25,21.3,4,0,6,19
EXP-01862,miedo_creible,si,si,no,Centroamérica,Tribunal A,3010.0,no,no,35,15.9,0,0,6,21
EXP-01862,miedo_creible,si,si,no,Centroamérica,Tribunal A,3010.0,no,no,2,14.2,0,0,6,22
EXP-01862,miedo_creible,si,si,no,Centroamérica,Tribunal A,3010.0,no,no,16,12.3,0,0,6,21
EXP-01862,miedo_creible,si,si,no,Centroamérica,Tribunal A,3010.0,no,no,3,17.3,0,0,6,20
EXP-01863,asilo,si,no,no,México,Tribunal A,2685.0,no,si,18,152.9,0,1,116,123
EXP-01864,asilo,si,no,no,Centroamérica,Tribunal A,2297.0,no,no,21,65.1,0,2,89,102
EXP-01865,miedo_creible,si,no,no,México,Tribunal A,3038.0,no,no,32,28.6,0,0,1,13
EXP-01866,salida_voluntaria,no,no,no,Caribe,Tribunal D,4167.0,no,no,25,9.6,0,0,76,88
EXP-01867,reinstalacion,si,si,si,Asia,Tribunal E,1980.0,no,no,33,35.3,0,2,82,87
EXP-01868,reinstalacion,si,no,no,México,Tribunal C,4083.0,no,no,43,19.6,0,0,27,27
EXP-01869,salida_voluntaria,si,si,no,México,Tribunal E,2169.0,no,si,21,93.3,0,2,51,64
EXP-01870,ajuste_estatus,no,si,no,México,Tribunal C,2850.0,no,no,18,225.9,1,5,282,292
EXP-01870,ajuste_estatus,no,si,no,México,Tribunal C,2850.0,no,no,19,215.6,0,5,282,295
EXP-01871,miedo_creible,no,si,no,Centroamérica,Tribunal A,2800.0,no,no,32,27.4,0,0,25,29
EXP-01872,miedo_creible,si,no,si,Caribe,Tribunal B,3308.0,no,no,36,11.6,0,0,30,43
EXP-01873,salida_voluntaria,no,no,no,México,Tribunal F,5597.0,no,no,36,117.0,0,3,124,126
EXP-01874,cancelacion,no,si,no,Centroamérica,Tribunal A,2244.0,no,no,48,243.6,0,10,652,663
EXP-01875,miedo_creible,si,no,si,Caribe,Tribunal D,4192.0,no,no,18,80.0,0,0,40,49
EXP-01876,ajuste_estatus,no,si,no,México,Tribunal E,2673.0,no,no,33,29.9,0,4,406,408
EXP-01877,reinstalacion,si,no,no,Centroamérica,Tribunal A,2790.0,no,no,36,26.5,0,0,13,17
EXP-01878,ajuste_estatus,si,no,si,Asia,Tribunal A,2271.0,si,no,44,129.4,2,1,80,83
EXP-01878,ajuste_estatus,si,no,si,Asia,Tribunal A,2271.0,no,no,30,126.9,0,1,80,86
EXP-01878,ajuste_estatus,si,no,si,Asia,Tribunal A,2271.0,no,no,2,125.7,0,1,80,84
EXP-01879,salida_voluntaria,si,no,no,Sudamérica,Tribunal E,2703.0,si,no,26,39.6,1,0,31,40
EXP-01879,salida_voluntaria,si,no,no,Sudamérica,Tribunal E,2703.0,no,no,28,28.8,0,0,31,40
EXP-01880,salida_voluntaria,no,si,si,México,Tribunal E,2616.0,no,no,47,52.6,0,1,134,148
EXP-01881,asilo,no,si,si,Asia,Tribunal A,1081.0,no,no,27,16.5,0,5,383,388
EXP-01882,asilo,si,si,si,África,Tribunal F,5023.0,no,no,31,17.4,0,6,331,345
EXP-01883,ajuste_estatus,no,no,no,México,Tribunal B,4127.0,no,no,42,41.4,0,8,255,264
EXP-01884,asilo,no,si,si,Sudamérica,Tribunal A,3060.0,no,no,40,60.1,1,6,363,376
EXP-01884,asilo,no,si,si,Sudamérica,Tribunal A,3060.0,no,no,16,49.5,0,6,363,376
EXP-01885,asilo,no,no,no,Centroamérica,Tribunal A,2316.0,si,no,18,3.8,0,8,301,309
EXP-01886,asilo,si,no,no,Centroamérica,Tribunal C,4232.0,no,no,32,28.1,0,1,176,183
EXP-01887,salida_voluntaria,si,no,no,México,Tribunal E,2283.0,no,no,31,110.1,0,1,20,25
EXP-01888,cancelacion,si,no,no,Sudamérica,Tribunal A,2074.0,no,no,34,295.1,0,4,283,291
EXP-01889,salida_voluntaria,si,no,si,Caribe,Tribunal B,2867.0,si,no,27,84.6,1,1,34,47
EXP-01889,salida_voluntaria,si,no,si,Caribe,Tribunal B,2867.0,no,no,23,78.7,0,1,34,49
EXP-01890,salida_voluntaria,si,no,no,Sudamérica,Tribunal A,2945.0,si,si,33,32.8,0,0,57,64
EXP-01891,asilo,si,no,no,Centroamérica,Tribunal A,3038.0,no,si,46,6.4,4,0,99,108
EXP-01891,asilo,si,no,no,Centroamérica,Tribunal A,3038.0,no,si,28,0.0,0,0,99,111
EXP-01891,asilo,si,no,no,Centroamérica,Tribunal A,3038.0,no,si,8,4.4,0,0,99,108
EXP-01891,asilo,si,no,no,Centroamérica,Tribunal A,3038.0,no,si,9,0.0,0,0,99,110
EXP-01891,asilo,si,no,no,Centroamérica,Tribunal A,3038.0,no,si,4,6.3,0,0,99,108
EXP-01892,ajuste_estatus,no,no,si,Centroamérica,Tribunal B,3120.0,si,no,29,63.4,0,3,307,321
EXP-01893,cancelacion,no,no,si,Europa,Tribunal C,2740.0,no,no,30,209.8,2,7,693,700
EXP-01893,cancelacion,no,no,si,Europa,Tribunal C,2740.0,no,no,29,205.9,0,7,693,702
EXP-01893,cancelacion,no,no,si,Europa,Tribunal C,2740.0,no,no,1,195.7,0,7,693,700
EXP-01894,salida_voluntaria,si,no,no,Centroamérica,Tribunal A,2545.0,no,si,25,18.0,0,0,28,34
EXP-01895,asilo,si,si,si,Asia,Tribunal B,2980.0,no,no,30,56.6,4,5,123,128
EXP-01895,asilo,si,si,si,Asia,Tribunal B,2980.0,no,no,32,48.1,0,5,123,129
EXP-01895,asilo,si,si,si,Asia,Tribunal B,2980.0,no,no,9,54.7,0,5,123,131
EXP-01895,asilo,si,si,si,Asia,Tribunal B,2980.0,no,no,10,51.2,0,5,123,130
EXP-01895,asilo,si,si,si,Asia,Tribunal B,2980.0,no,no,9,55.4,0,5,123,130
EXP-01896,miedo_creible,si,no,no,Centroamérica,Tribunal C,3261.0,no,no,30,50.2,0,1,14,20
EXP-01897,ajuste_estatus,si,no,si,Caribe,Tribunal E,2234.0,no,si,27,38.6,0,4,130,137
EXP-01898,reinstalacion,si,no,no,México,Tribunal E,2478.0,no,no,26,38.6,0,0,13,20
EXP-01899,reinstalacion,si,no,no,México,Tribunal B,2948.0,no,no,40,149.1,0,0,25,39
EXP-01900,asilo,si,no,no,Centroamérica,Tribunal F,5589.0,no,si,27,60.8,3,4,433,438
EXP-01900,asilo,si,no,no,Centroamérica,Tribunal F,,no,si,10,61.0,0,4,433,439
EXP-01900,asilo,si,no,no,Centroamérica,Tribunal F,5589.0,no,si,15,50.8,0,4,433,439
EXP-01900,asilo,si,no,no,Centroamérica,Tribunal F,5589.0,no,si,7,52.5,0,4,433,438
EXP-01901,ajuste_estatus,no,si,si,Centroamérica,Tribunal D,4207.0,no,no,28,110.3,0,14,745,757
EXP-01902,asilo,si,no,si,Europa,Tribunal B,3345.0,no,no,20,57.2,0,1,133,146
EXP-01903,salida_voluntaria,no,no,no,Centroamérica,Tribunal D,3550.0,no,no,20,39.9,0,1,93,103
EXP-01904,miedo_creible,si,si,no,Centroamérica,Tribunal C,3718.0,si,no,19,44.7,0,0,21,30
EXP-01905,miedo_creible,si,no,no,Centroamérica,Tribunal E,2108.0,no,no,29,73.5,1,0,7,12
EXP-01905,miedo_creible,si,no,no,Centroamérica,Tribunal E,2108.0,no,no,36,73.6,0,0,7,12
EXP-01906,miedo_creible,si,si,si,Centroamérica,Tribunal E,2646.0,no,no,30,84.6,0,0,24,26
EXP-01907,asilo,si,si,no,México,Tribunal C,3792.0,no,no,36,23.1,1,3,159,172
EXP-01907,asilo,si,si,no,México,Tribunal C,3792.0,no,no,12,18.7,0,3,159,172
EXP-01908,asilo,si,no,no,Centroamérica,Tribunal A,2020.0,si,no,31,111.0,0,2,101,113
EXP-01909,asilo,no,si,no,Sudamérica,Tribunal A,3255.0,no,no,21,27.1,0,3,320,327
EXP-01910,asilo,si,no,no,Sudamérica,Tribunal A,2295.0,no,si,36,54.0,0,1,64,75
EXP-01911,asilo,si,si,no,Centroamérica,Tribunal A,2388.0,no,no,33,5.2,0,1,115,116
EXP-01912,salida_voluntaria,si,no,si,Caribe,Tribunal C,3739.0,si,no,28,44.9,1,2,71,72
EXP-01912,salida_voluntaria,si,no,si,Caribe,Tribunal C,3739.0,no,no,31,40.1,0,2,71,73
EXP-01913,cancelacion,si,no,no,México,Tribunal B,4160.0,no,si,25,124.8,3,1,216,221
EXP-01913,cancelacion,si,no,no,México,Tribunal B,4160.0,no,si,7,121.5,0,1,216,223
EXP-01913,cancelacion,si,no,,México,Tribunal B,4160.0,no,si,9,119.4,0,1,216,224
EXP-01913,cancelacion,si,no,no,México,Tribunal B,4160.0,no,si,10,119.3,0,1,216,221
EXP-01914,miedo_creible,si,no,si,África,Tribunal E,2402.0,no,no,38,29.1,0,2,85,95
EXP-01915,salida_voluntaria,no,si,si,Centroamérica,Tribunal B,3218.0,no,no,47,23.2,1,2,112,123
EXP-01915,salida_voluntaria,no,si,si,Centroamérica,Tribunal B,3218.0,no,no,12,13.9,0,2,112,124
EXP-01916,asilo,no,si,si,África,Tribunal B,3576.0,no,no,25,34.1,0,2,225,236
EXP-01917,asilo,no,si,si,Asia,Tribunal B,2531.0,no,no,28,60.4,0,4,272,278
EXP-01918,salida_voluntaria,no,si,no,México,Tribunal A,3067.0,no,no,18,73.4,0,0,104,117
EXP-01919,ajuste_estatus,no,si,si,Centroamérica,Tribunal A,3752.0,si,no,44,61.6,1,6,457,460
EXP-01919,ajuste_estatus,no,si,,Centroamérica,Tribunal A,3752.0,no,no,30,54.6,0,6,457,461
EXP-01920,miedo_creible,si,no,si,Centroamérica,Tribunal A,2223.0,no,no,48,33.3,0,0,27,28
EXP-01921,asilo,si,no,no,África,Tribunal B,3191.0,no,si,25,19.3,0,2,140,149
EXP-01922,ajuste_estatus,no,si,no,Sudamérica,Tribunal F,6026.0,no,no,30,30.4,0,16,890,890
EXP-01923,asilo,no,no,no,Centroamérica,Tribunal E,2444.0,no,no,39,34.9,0,4,377,381
EXP-01924,ajuste_estatus,no,si,si,Europa,Tribunal D,4435.0,no,no,45,24.6,0,8,324,332
EXP-01925,asilo,no,si,no,Sudamérica,Tribunal F,5598.0,no,no,42,56.4,2,7,574,582
EXP-01925,asilo,no,si,no,Sudamérica,Tribunal F,5598.0,no,no,12,46.4,0,7,574,585
EXP-01925,asilo,no,si,no,Sudamérica,Tribunal F,5598.0,no,no,14,46.5,0,7,574,582
EXP-01926,asilo,no,si,no,Centroamérica,Tribunal B,3486.0,no,no,33,17.7,0,6,405,417
EXP-01927,asilo,si,no,si,Centroamérica,Tribunal C,3843.0,no,no,26,52.6,0,0,103,104
EXP-01928,ajuste_estatus,si,no,si,Centroamérica,Tribunal E,2049.0,no,no,35,68.6,4,2,153,159
EXP-01928,ajuste_estatus,si,no,si,Centroamérica,Tribunal E,2049.0,no,no,20,63.3,0,2,153,162
EXP-01928,ajuste_estatus,si,no,si,Centroamérica,Tribunal E,2049.0,no,no,14,57.0,0,2,153,159
EXP-01928,ajuste_estatus,si,no,si,Centroamérica,Tribunal E,2049.0,no,no,9,,0,2,153,159
EXP-01928,ajuste_estatus,si,no,si,Centroamérica,Tribunal E,2049.0,no,no,3,56.2,0,2,153,162
EXP-01929,asilo,si,no,si,Asia,Tribunal D,3545.0,no,no,22,11.3,1,0,95,107
EXP-01929,asilo,si,no,si,Asia,Tribunal D,3545.0,no,no,9,10.1,0,0,95,108
EXP-01930,reinstalacion,si,si,no,Centroamérica,Tribunal C,3384.0,no,no,18,92.9,1,0,35,40
EXP-01930,reinstalacion,si,si,no,Centroamérica,Tribunal C,3384.0,no,no,29,,0,0,35,40
EXP-01931,salida_voluntaria,no,no,si,Europa,Tribunal B,2622.0,si,no,38,54.3,0,1,92,103
EXP-01932,ajuste_estatus,si,no,si,Centroamérica,Tribunal C,3966.0,no,si,47,,3,3,299,302
EXP-01932,ajuste_estatus,si,no,si,Centroamérica,Tribunal C,3966.0,no,si,5,95.3,0,3,299,305
EXP-01932,ajuste_estatus,si,no,si,Centroamérica,Tribunal C,3966.0,no,si,7,95.9,0,3,299,304
EXP-01932,ajuste_estatus,si,no,si,Centroamérica,Tribunal C,3966.0,no,si,12,99.3,0,3,299,302
EXP-01933,miedo_creible,si,si,si,Europa,Tribunal D,4104.0,no,no,41,46.9,1,0,27,28
EXP-01933,miedo_creible,si,si,si,Europa,Tribunal D,4104.0,no,no,16,35.2,0,0,27,31
EXP-01934,asilo,no,si,si,Asia,Tribunal F,4665.0,no,no,32,30.7,0,25,1796,1800
EXP-01935,ajuste_estatus,si,si,no,Centroamérica,Tribunal C,2811.0,no,no,27,57.7,0,3,151,151
EXP-01936,miedo_creible,no,si,no,Sudamérica,Tribunal F,4985.0,no,no,24,3.8,0,1,88,90
EXP-01937,ajuste_estatus,si,no,si,Asia,Tribunal B,2679.0,no,no,33,94.5,1,0,183,187
EXP-01937,ajuste_estatus,si,no,si,Asia,Tribunal B,2679.0,no,no,16,87.0,0,0,183,188
EXP-01938,asilo,no,no,si,Sudamérica,Tribunal A,1515.0,no,no,41,32.6,2,2,239,248
EXP-01938,asilo,no,no,si,Sudamérica,Tribunal A,1515.0,no,no,18,22.6,0,2,239,248
EXP-01938,asilo,no,no,si,Sudamérica,Tribunal A,1515.0,no,no,7,28.4,0,2,239,251
EXP-01939,cancelacion,si,si,no,Caribe,Tribunal A,2856.0,si,si,22,140.6,2,0,157,165
EXP-01939,cancelacion,si,si,no,Caribe,Tribunal A,2856.0,no,si,5,128.9,0,0,157,165
EXP-01939,cancelacion,si,si,no,Caribe,Tribunal A,2856.0,no,si,7,134.4,0,0,157,168
EXP-01940,salida_voluntaria,no,si,si,Asia,Tribunal C,3584.0,no,no,39,95.8,0,4,226,240
EXP-01941,reinstalacion,si,no,no,México,Tribunal A,2504.0,no,no,24,120.9,0,0,18,30
EXP-01942,reinstalacion,si,no,no,Sudamérica,Tribunal A,2223.0,no,no,25,134.0,0,0,12,22
EXP-01943,salida_voluntaria,si,no,no,México,Tribunal B,2814.0,no,si,30,25.0,0,0,48,51
EXP-01944,asilo,no,no,no,México,Tribunal D,4044.0,no,no,31,113.8,0,8,1120,1132
EXP-01945,ajuste_estatus,si,si,si,Europa,Tribunal A,3461.0,no,si,18,71.0,1,4,203,209
EXP-01945,ajuste_estatus,si,si,si,Europa,Tribunal A,3461.0,no,si,10,71.5,0,4,203,211
EXP-01946,asilo,no,si,si,Caribe,Tribunal A,3178.0,si,no,34,23.3,0,12,483,485
EXP-01947,cancelacion,no,si,si,Asia,Tribunal A,2770.0,no,no,40,146.7,1,14,664,666
EXP-01947,cancelacion,no,si,si,Asia,Tribunal A,2770.0,no,no,40,148.0,0,14,664,669
EXP-01948,miedo_creible,si,no,no,Sudamérica,Tribunal D,3808.0,no,no,39,55.7,0,1,17,28
EXP-01949,asilo,no,si,no,México,Tribunal C,3603.0,no,no,38,7.1,0,10,468,478
EXP-01950,asilo,no,si,no,Sudamérica,Tribunal E,2989.0,no,no,19,113.4,1,9,371,376
EXP-01950,asilo,no,si,no,Sudamérica,Tribunal E,2989.0,no,no,16,104.7,0,9,371,379
EXP-01951,miedo_creible,si,no,no,México,Tribunal B,2866.0,no,no,29,145.8,0,0,9,17
EXP-01952,reinstalacion,si,no,no,Centroamérica,Tribunal B,2916.0,no,no,34,31.7,0,0,23,29
EXP-01953,asilo,si,no,si,Caribe,Tribunal E,1944.0,no,no,40,141.8,0,2,107,120
EXP-01954,reinstalacion,si,no,no,Centroamérica,Tribunal E,2375.0,no,no,29,22.9,2,0,6,15
EXP-01954,reinstalacion,si,no,no,Centroamérica,Tribunal E,2375.0,no,no,33,13.4,0,0,6,15
EXP-01954,reinstalacion,si,no,no,Centroamérica,Tribunal E,2375.0,no,no,8,24.0,0,0,6,17
EXP-01955,cancelacion,si,no,no,Centroamérica,Tribunal A,3822.0,no,si,36,179.7,4,4,471,479
EXP-01955,cancelacion,si,no,no,Centroamérica,Tribunal A,3822.0,no,si,5,177.5,0,4,471,481
EXP-01955,cancelacion,si,no,no,Centroamérica,Tribunal A,3822.0,no,si,13,175.8,0,4,471,481
EXP-01955,cancelacion,si,no,no,Centroamérica,Tribunal A,3822.0,no,si,11,175.9,0,4,471,480
EXP-01955,cancelacion,si,no,no,Centroamérica,Tribunal A,3822.0,no,si,5,169.9,0,4,471,480
EXP-01956,miedo_creible,si,no,si,África,Tribunal A,2562.0,no,no,21,80.2,0,1,63,67
EXP-01957,ajuste_estatus,si,si,no,Caribe,Tribunal C,3424.0,no,no,32,21.9,1,7,236,238
EXP-01957,ajuste_estatus,si,si,no,Caribe,Tribunal C,3424.0,no,no,3,16.2,0,7,236,238
EXP-01958,asilo,no,no,si,México,Tribunal C,3802.0,no,no,36,48.6,1,4,212,226
EXP-01958,asilo,no,no,si,México,Tribunal C,3802.0,no,no,43,39.1,0,4,212,228
EXP-01959,reinstalacion,si,no,si,Centroamérica,Tribunal F,5975.0,no,no,31,50.1,0,1,63,66
EXP-01960,miedo_creible,no,si,si,Centroamérica,Tribunal D,4617.0,no,no,40,131.4,0,1,108,113
EXP-01961,ajuste_estatus,si,no,no,Centroamérica,Tribunal C,3946.0,si,si,28,6.6,1,3,254,254
EXP-01961,ajuste_estatus,si,no,no,Centroamérica,Tribunal C,3946.0,no,si,31,0.0,0,3,254,254
EXP-01962,asilo,si,no,no,Centroamérica,Tribunal F,4829.0,si,si,32,5.2,0,1,262,262
EXP-01963,asilo,si,no,no,Centroamérica,Tribunal E,2142.0,no,no,18,112.2,1,2,177,184
EXP-01963,asilo,si,no,no,Centroamérica,Tribunal E,2142.0,no,no,12,99.8,0,2,177,187
EXP-01964,ajuste_estatus,si,no,si,Asia,Tribunal F,5379.0,si,si,34,60.5,0,0,309,309
EXP-01965,asilo,no,si,si,Caribe,Tribunal A,1959.0,no,no,35,76.6,0,3,210,213
EXP-01966,miedo_creible,si,si,si,Centroamérica,Tribunal C,3816.0,no,no,27,6.4,0,0,63,67
EXP-01967,miedo_creible,si,no,si,Caribe,Tribunal F,5066.0,si,no,29,50.2,0,1,104,109
EXP-01968,asilo,no,no,no,Centroamérica,Tribunal A,1723.0,no,no,41,123.6,4,4,270,276
EXP-01968,asilo,no,no,no,Centroamérica,Tribunal A,1723.0,no,no,45,116.6,0,4,270,279
EXP-01968,asilo,no,no,no,Centroamérica,Tribunal A,1723.0,no,no,5,123.3,0,4,270,279
EXP-01968,asilo,no,no,no,Centroamérica,Tribunal A,1723.0,no,no,12,123.6,0,4,270,277
EXP-01968,asilo,no,no,no,Centroamérica,Tribunal A,1723.0,no,no,6,118.2,0,4,270,276
EXP-01969,asilo,si,no,si,Sudamérica,Tribunal B,2840.0,no,si,23,19.9,0,1,89,99
EXP-01970,asilo,no,no,no,Centroamérica,Tribunal D,4071.0,no,no,27,103.4,0,8,318,328
EXP-01971,miedo_creible,si,si,si,Centroamérica,Tribunal E,1910.0,no,no,26,53.3,0,1,43,49
EXP-01972,asilo,si,si,no,Centroamérica,Tribunal B,3687.0,no,no,34,5.5,1,3,304,306
EXP-01972,asilo,si,si,no,Centroamérica,Tribunal B,3687.0,no,no,2,,0,3,304,308
EXP-01973,asilo,no,no,si,Europa,Tribunal A,1603.0,no,no,18,34.0,0,2,177,190
EXP-01974,reinstalacion,si,no,no,México,Tribunal B,3913.0,no,no,22,42.7,0,0,5,19
EXP-01975,salida_voluntaria,no,no,no,Centroamérica,Tribunal E,2339.0,no,no,25,4.9,1,1,57,65
EXP-01975,salida_voluntaria,no,no,no,Centroamérica,Tribunal E,2339.0,no,no,33,0.0,0,1,57,67
EXP-01976,asilo,no,si,no,Centroamérica,Tribunal A,2609.0,no,no,40,17.3,3,4,207,217
EXP-01976,asilo,no,si,no,Centroamérica,Tribunal A,2609.0,no,no,36,12.7,0,4,207,219
EXP-01976,asilo,no,si,no,Centroamérica,Tribunal A,2609.0,no,no,6,6.0,0,4,207,220
EXP-01976,asilo,no,si,no,Centroamérica,Tribunal A,2609.0,no,no,5,14.1,0,4,207,218
EXP-01977,cancelacion,no,si,no,Centroamérica,Tribunal A,2469.0,no,no,31,190.8,3,13,822,825
EXP-01977,cancelacion,no,si,no,Centroamérica,Tribunal A,2469.0,no,no,20,183.0,0,13,822,828
EXP-01977,cancelacion,no,si,no,Centroamérica,Tribunal A,2469.0,no,no,6,,0,13,822,828
EXP-01977,cancelacion,no,si,no,Centroamérica,Tribunal A,2469.0,no,no,15,180.7,0,13,822,827
EXP-01978,asilo,si,no,no,Europa,Tribunal B,3044.0,no,si,18,30.9,0,1,111,125
EXP-01979,reinstalacion,si,no,no,Centroamérica,Tribunal F,5424.0,no,no,37,66.8,0,1,70,76
EXP-01980,asilo,no,si,no,México,Tribunal D,4540.0,no,no,37,93.4,0,8,482,490
EXP-01981,miedo_creible,si,no,si,Asia,Tribunal F,4876.0,no,no,20,10.4,0,1,68,79
EXP-01982,reinstalacion,si,no,si,Caribe,Tribunal C,3722.0,no,no,31,94.9,2,1,31,43
EXP-01982,reinstalacion,si,no,si,Caribe,Tribunal C,3722.0,no,no,31,91.0,0,1,31,45
EXP-01982,reinstalacion,si,no,si,Caribe,Tribunal C,3722.0,no,no,9,91.1,0,1,31,45
EXP-01983,salida_voluntaria,no,no,no,México,Tribunal A,2658.0,si,no,18,116.2,0,1,107,116
EXP-01984,reinstalacion,si,no,no,México,Tribunal E,2185.0,no,no,24,41.3,0,0,16,17
EXP-01985,asilo,si,si,no,Centroamérica,Tribunal A,3511.0,si,si,31,25.7,0,2,188,199
EXP-01986,miedo_creible,no,si,si,Centroamérica,Tribunal E,1287.0,no,no,22,91.8,0,1,51,60
EXP-01987,salida_voluntaria,si,si,no,México,Tribunal F,5776.0,no,si,34,63.4,0,2,121,130
EXP-01988,miedo_creible,si,no,no,Centroamérica,Tribunal F,5026.0,no,no,35,73.3,0,0,29,32
EXP-01989,asilo,si,no,si,Europa,Tribunal E,2071.0,no,si,18,9.5,0,4,225,227
EXP-01990,asilo,si,no,no,Centroamérica,Tribunal B,2838.0,no,no,32,13.2,1,1,130,134
EXP-01990,asilo,si,no,no,Centroamérica,Tribunal B,2838.0,no,no,8,9.8,0,1,130,134
EXP-01991,miedo_creible,si,si,no,México,Tribunal B,3007.0,no,no,36,41.9,0,0,6,11
EXP-01992,salida_voluntaria,si,no,si,Europa,Tribunal D,3930.0,no,no,41,117.0,0,0,74,78
EXP-01993,ajuste_estatus,si,no,no,Centroamérica,Tribunal F,5341.0,si,si,24,23.8,1,3,203,217
EXP-01993,ajuste_estatus,si,no,no,Centroamérica,Tribunal F,5341.0,no,si,11,25.0,0,3,203,219
EXP-01994,miedo_creible,si,no,si,Asia,Tribunal B,3014.0,no,no,20,60.8,0,0,44,54
EXP-01995,reinstalacion,si,no,si,Centroamérica,Tribunal C,4103.0,no,no,31,6.8,0,0,40,49
EXP-01996,reinstalacion,si,no,si,Centroamérica,Tribunal B,3120.0,no,no,18,112.5,0,0,54,56
EXP-01997,miedo_creible,si,si,si,Asia,Tribunal A,,no,no,41,73.2,0,2,60,71
EXP-01998,asilo,si,no,no,Sudamérica,Tribunal A,1898.0,no,si,35,36.2,0,2,89,96
EXP-01999,asilo,si,si,no,Centroamérica,Tribunal C,3881.0,si,no,41,180.3,0,3,214,223
EXP-02000,miedo_creible,si,si,si,Centroamérica,Tribunal E,1685.0,no,no,21,12.5,0,0,5,18
