id_expediente,tipo_caso,region_origen,tribunal,edad,meses_en_eeuu,num_dependientes,detenido,representacion_legal,requiere_interprete,antecedentes_penales,solicito_fianza
EXP-00001,miedo_creible,Caribe,Tribunal B,34,90.6,0,0,0,0.0,0,0
EXP-00002,ajuste_estatus,Caribe,Tribunal C,29,41.1,0,0,0,1.0,0,0
EXP-00003,asilo,Centroamérica,Tribunal D,36,89.1,0,1,0,0.0,0,1
EXP-00004,miedo_creible,Caribe,Tribunal B,26,28.7,0,1,0,0.0,0,0
EXP-00005,reinstalacion,México,Tribunal E,20,15.8,0,1,0,0.0,0,0
EXP-00006,salida_voluntaria,Centroamérica,Tribunal C,42,74.8,3,1,0,0.0,0,1
EXP-00006,salida_voluntaria,Centroamérica,Tribunal C,22,72.3,0,1,0,0.0,0,1
EXP-00006,salida_voluntaria,Centroamérica,Tribunal C,2,64.7,0,1,0,0.0,0,1
EXP-00006,salida_voluntaria,Centroamérica,Tribunal C,8,73.1,0,1,0,0.0,0,1
EXP-00007,asilo,México,Tribunal A,44,7.1,0,1,0,0.0,0,1
EXP-00008,asilo,Centroamérica,Tribunal F,40,35.4,0,1,0,0.0,0,1
EXP-00009,reinstalacion,Centroamérica,Tribunal C,23,8.2,0,1,0,0.0,1,0
EXP-00010,reinstalacion,Centroamérica,Tribunal F,44,70.4,0,0,1,1.0,0,0
EXP-00011,cancelacion,Asia,Tribunal B,43,167.4,4,1,0,1.0,1,1
EXP-00011,cancelacion,Asia,Tribunal B,18,161.2,0,1,0,1.0,0,1
EXP-00011,cancelacion,Asia,Tribunal B,12,160.3,0,1,0,1.0,0,1
EXP-00011,cancelacion,Asia,Tribunal B,4,157.6,0,1,0,1.0,0,1
EXP-00011,cancelacion,Asia,Tribunal B,12,158.4,0,1,0,1.0,0,1
EXP-00012,asilo,Centroamérica,Tribunal F,33,34.3,0,0,0,0.0,0,0
EXP-00013,asilo,Caribe,Tribunal E,21,6.1,1,0,0,1.0,0,0
EXP-00013,asilo,Caribe,Tribunal E,4,1.6,0,0,0,1.0,0,0
EXP-00014,ajuste_estatus,Centroamérica,Tribunal E,31,18.0,0,1,1,1.0,1,1
EXP-00015,asilo,África,Tribunal A,32,49.4,0,1,1,1.0,0,1
EXP-00016,reinstalacion,México,Tribunal B,42,60.2,0,1,0,0.0,0,0
EXP-00017,asilo,México,Tribunal B,26,76.1,0,0,1,0.0,0,0
EXP-00018,asilo,Caribe,Tribunal E,36,14.2,0,1,0,1.0,0,0
EXP-00019,asilo,Centroamérica,Tribunal D,31,,0,1,0,0.0,0,1
EXP-00020,asilo,Sudamérica,Tribunal F,33,77.1,0,1,0,0.0,1,1
EXP-00021,miedo_creible,Europa,Tribunal E,35,31.7,0,0,0,1.0,0,0
EXP-00022,miedo_creible,Centroamérica,Tribunal A,23,7.8,0,1,0,0.0,0,0
EXP-00023,ajuste_estatus,Sudamérica,Tribunal A,27,33.2,1,0,1,0.0,1,0
EXP-00023,ajuste_estatus,Sudamérica,Tribunal A,27,24.9,0,0,1,0.0,0,0
EXP-00024,miedo_creible,Centroamérica,Tribunal C,20,67.1,0,1,1,0.0,0,0
EXP-00025,salida_voluntaria,México,Tribunal C,33,121.4,0,0,0,0.0,0,0
EXP-00026,asilo,África,Tribunal F,18,45.2,0,1,0,1.0,1,1
EXP-00027,salida_voluntaria,Centroamérica,Tribunal A,38,25.4,1,0,0,0.0,0,0
EXP-00027,salida_voluntaria,Centroamérica,Tribunal A,12,14.7,0,0,0,0.0,0,0
EXP-00028,miedo_creible,Europa,Tribunal C,36,19.2,0,1,0,1.0,0,0
EXP-00029,ajuste_estatus,México,Tribunal C,23,22.7,0,0,0,0.0,0,0
EXP-00030,miedo_creible,Asia,Tribunal C,43,25.9,0,1,0,1.0,0,0
EXP-00031,miedo_creible,Caribe,Tribunal F,18,36.0,0,1,0,0.0,0,0
EXP-00032,ajuste_estatus,Caribe,Tribunal C,33,93.9,2,1,0,1.0,0,0
EXP-00032,ajuste_estatus,Caribe,Tribunal C,23,87.9,0,1,0,1.0,0,0
EXP-00032,ajuste_estatus,Caribe,Tribunal C,7,96.2,0,1,0,1.0,0,0
EXP-00033,asilo,Centroamérica,Tribunal C,20,34.5,0,0,1,0.0,0,0
EXP-00034,miedo_creible,Centroamérica,Tribunal D,21,60.0,0,1,0,0.0,0,0
EXP-00035,salida_voluntaria,Centroamérica,Tribunal B,38,59.6,0,0,0,0.0,0,0
EXP-00036,asilo,Centroamérica,Tribunal B,38,101.4,4,1,0,0.0,0,1
EXP-00036,asilo,Centroamérica,Tribunal B,26,92.2,0,1,0,0.0,0,1
EXP-00036,asilo,Centroamérica,Tribunal B,7,97.9,0,1,0,0.0,0,1
EXP-00036,asilo,Centroamérica,Tribunal B,16,97.1,0,1,0,0.0,0,1
EXP-00036,asilo,Centroamérica,Tribunal B,1,95.4,0,1,0,0.0,0,1
EXP-00037,miedo_creible,México,Tribunal C,21,119.1,0,1,1,0.0,1,0
EXP-00038,asilo,México,Tribunal C,33,8.2,1,0,1,0.0,0,0
EXP-00038,asilo,México,Tribunal C,3,7.5,0,0,1,0.0,0,0
EXP-00039,miedo_creible,Sudamérica,Tribunal B,47,127.4,0,1,0,1.0,0,0
EXP-00040,miedo_creible,Caribe,Tribunal B,43,85.8,0,1,0,1.0,1,0
EXP-00041,reinstalacion,México,Tribunal A,21,60.1,0,1,0,1.0,1,0
EXP-00042,asilo,Centroamérica,Tribunal C,29,76.2,0,1,0,1.0,0,1
EXP-00043,reinstalacion,México,Tribunal B,18,27.4,2,1,1,0.0,1,0
EXP-00043,reinstalacion,México,Tribunal B,7,18.4,0,1,1,0.0,0,0
EXP-00043,reinstalacion,México,Tribunal B,11,17.9,0,1,1,0.0,0,0
EXP-00044,asilo,México,Tribunal A,24,37.4,1,1,1,0.0,1,0
EXP-00044,asilo,México,Tribunal A,26,33.1,0,1,1,0.0,0,0
EXP-00045,asilo,Centroamérica,Tribunal B,33,49.3,0,1,0,1.0,1,0
EXP-00046,reinstalacion,Asia,Tribunal D,42,3.4,4,1,0,1.0,0,0
EXP-00046,reinstalacion,Asia,Tribunal D,14,0.0,0,1,0,1.0,0,0
EXP-00046,reinstalacion,Asia,Tribunal D,7,2.3,0,1,0,1.0,0,0
EXP-00046,reinstalacion,Asia,Tribunal D,2,2.4,0,1,0,1.0,0,0
EXP-00046,reinstalacion,Asia,Tribunal D,2,0.0,0,1,0,1.0,0,0
EXP-00047,asilo,Sudamérica,Tribunal B,43,4.4,0,0,1,0.0,0,0
EXP-00048,asilo,Centroamérica,Tribunal F,39,,3,1,0,0.0,0,1
EXP-00048,asilo,Centroamérica,Tribunal F,37,48.9,0,1,0,0.0,0,1
EXP-00048,asilo,Centroamérica,Tribunal F,8,51.4,0,1,0,0.0,0,1
EXP-00048,asilo,Centroamérica,Tribunal F,9,54.0,0,1,0,0.0,0,1
EXP-00049,ajuste_estatus,Caribe,Tribunal D,18,5.4,2,1,1,1.0,0,0
EXP-00049,ajuste_estatus,Caribe,Tribunal D,7,4.4,0,1,1,1.0,0,0
EXP-00049,ajuste_estatus,Caribe,Tribunal D,7,0.0,0,1,1,1.0,0,0
EXP-00050,salida_voluntaria,México,Tribunal F,28,16.7,0,0,1,0.0,0,0
EXP-00051,cancelacion,Centroamérica,Tribunal F,37,181.2,0,1,0,0.0,0,1
EXP-00052,asilo,Sudamérica,Tribunal A,32,11.9,0,0,1,0.0,0,0
EXP-00053,salida_voluntaria,Centroamérica,Tribunal B,26,51.7,1,0,0,0.0,0,0
EXP-00053,salida_voluntaria,Centroamérica,Tribunal B,33,41.7,0,0,0,0.0,0,0
EXP-00054,asilo,Caribe,Tribunal C,21,11.4,2,1,1,0.0,0,1
EXP-00054,asilo,Caribe,Tribunal C,29,1.2,0,1,1,0.0,0,1
EXP-00054,asilo,Caribe,Tribunal C,2,5.8,0,1,1,0.0,0,1
EXP-00055,ajuste_estatus,Centroamérica,Tribunal A,28,135.1,0,1,1,0.0,0,0
EXP-00056,ajuste_estatus,México,Tribunal D,41,58.5,0,1,1,0.0,0,1
EXP-00057,salida_voluntaria,México,Tribunal A,24,76.5,0,0,1,0.0,0,0
EXP-00058,salida_voluntaria,México,Tribunal D,40,53.9,1,0,1,0.0,0,0
EXP-00058,salida_voluntaria,México,Tribunal D,32,45.7,0,0,1,0.0,0,0
EXP-00059,ajuste_estatus,México,Tribunal B,18,,0,1,1,0.0,0,0
EXP-00060,reinstalacion,México,Tribunal D,36,7.1,0,1,0,0.0,0,0
EXP-00061,reinstalacion,México,Tribunal C,24,38.5,0,1,1,0.0,1,0
EXP-00062,miedo_creible,Centroamérica,Tribunal B,38,63.5,0,1,0,1.0,1,0
EXP-00063,asilo,México,Tribunal B,36,32.0,0,1,0,0.0,0,0
EXP-00064,cancelacion,África,Tribunal C,39,170.7,0,0,0,0.0,0,0
EXP-00065,asilo,Centroamérica,Tribunal C,45,49.2,0,0,1,0.0,1,0
EXP-00066,asilo,Centroamérica,Tribunal D,22,2.4,0,1,0,0.0,0,1
EXP-00067,asilo,Centroamérica,Tribunal A,18,86.0,0,0,0,0.0,0,0
EXP-00068,miedo_creible,Centroamérica,Tribunal D,47,,0,1,0,1.0,1,0
EXP-00069,salida_voluntaria,Sudamérica,Tribunal E,19,42.3,0,1,0,0.0,0,1
EXP-00070,asilo,África,Tribunal A,42,37.5,0,1,0,1.0,0,1
EXP-00071,miedo_creible,África,Tribunal F,31,73.7,0,1,0,1.0,0,0
EXP-00072,asilo,Centroamérica,Tribunal D,29,18.6,3,1,1,1.0,0,1
EXP-00072,asilo,Centroamérica,Tribunal D,3,8.7,0,1,1,1.0,0,1
EXP-00072,asilo,Centroamérica,Tribunal D,5,12.1,0,1,1,1.0,0,1
EXP-00072,asilo,Centroamérica,Tribunal D,13,10.0,0,1,1,1.0,0,1
EXP-00073,cancelacion,Sudamérica,Tribunal E,37,130.7,0,1,0,0.0,0,0
EXP-00074,asilo,Centroamérica,Tribunal A,51,10.0,0,1,0,0.0,0,1
EXP-00075,asilo,Asia,Tribunal C,18,37.0,0,0,1,1.0,0,0
EXP-00076,miedo_creible,Centroamérica,Tribunal A,32,8.1,0,1,0,0.0,0,0
EXP-00077,asilo,Centroamérica,Tribunal C,31,17.2,0,0,0,0.0,0,0
EXP-00078,ajuste_estatus,Centroamérica,Tribunal B,29,2.1,3,1,0,0.0,0,0
EXP-00078,ajuste_estatus,Centroamérica,Tribunal B,8,0.0,0,1,0,0.0,0,0
EXP-00078,ajuste_estatus,Centroamérica,Tribunal B,13,0.0,0,1,0,0.0,0,0
EXP-00078,ajuste_estatus,Centroamérica,Tribunal B,16,3.7,0,1,0,0.0,0,0
EXP-00079,ajuste_estatus,Caribe,Tribunal E,24,18.1,0,1,0,1.0,0,0
EXP-00080,reinstalacion,México,Tribunal E,37,24.1,0,1,1,0.0,1,0
EXP-00081,asilo,Centroamérica,Tribunal D,18,64.8,0,1,1,0.0,0,1
EXP-00082,salida_voluntaria,Sudamérica,Tribunal D,35,70.0,0,0,1,,0,0
EXP-00083,reinstalacion,Asia,Tribunal E,32,67.0,0,1,0,1.0,0,0
EXP-00084,reinstalacion,África,Tribunal A,18,70.5,0,1,0,1.0,0,0
EXP-00085,asilo,Caribe,Tribunal B,18,87.3,1,1,0,1.0,0,0
EXP-00085,asilo,Caribe,Tribunal B,49,81.6,0,1,0,1.0,0,0
EXP-00086,cancelacion,Sudamérica,Tribunal C,34,124.0,2,0,1,0.0,0,0
EXP-00086,cancelacion,Sudamérica,Tribunal C,10,122.8,0,0,1,0.0,0,0
EXP-00086,cancelacion,Sudamérica,Tribunal C,12,118.7,0,0,1,0.0,0,0
EXP-00087,salida_voluntaria,Centroamérica,Tribunal B,26,34.8,1,0,1,0.0,0,0
EXP-00087,salida_voluntaria,Centroamérica,Tribunal B,7,18.6,0,0,1,0.0,0,0
EXP-00088,asilo,Sudamérica,Tribunal C,40,0.0,0,1,0,1.0,0,0
EXP-00089,asilo,Centroamérica,Tribunal F,44,121.3,1,0,0,0.0,0,0
EXP-00089,asilo,Centroamérica,Tribunal F,16,110.0,0,0,0,0.0,0,0
EXP-00090,asilo,Centroamérica,Tribunal D,24,30.3,1,0,1,0.0,0,0
EXP-00090,asilo,Centroamérica,Tribunal D,12,26.2,0,0,1,0.0,0,0
EXP-00091,reinstalacion,Centroamérica,Tribunal A,20,22.5,0,1,0,0.0,0,0
EXP-00092,ajuste_estatus,Centroamérica,Tribunal C,29,87.2,1,1,1,1.0,1,1
EXP-00092,ajuste_estatus,Centroamérica,Tribunal C,10,80.8,0,1,1,1.0,0,1
EXP-00093,ajuste_estatus,Sudamérica,Tribunal B,18,56.5,0,1,0,0.0,0,1
EXP-00094,salida_voluntaria,Centroamérica,Tribunal C,28,23.4,0,0,0,0.0,0,0
EXP-00095,asilo,Centroamérica,Tribunal B,35,,0,1,1,0.0,0,1
EXP-00096,salida_voluntaria,Centroamérica,Tribunal E,25,69.3,3,1,1,0.0,0,1
EXP-00096,salida_voluntaria,Centroamérica,Tribunal E,21,64.6,0,1,1,0.0,0,1
EXP-00096,salida_voluntaria,Centroamérica,Tribunal E,9,64.8,0,1,1,0.0,0,1
EXP-00096,salida_voluntaria,Centroamérica,Tribunal E,13,67.8,0,1,1,0.0,0,1
EXP-00097,salida_voluntaria,Centroamérica,Tribunal B,25,29.7,0,0,0,0.0,0,0
EXP-00098,reinstalacion,México,Tribunal A,18,,1,0,1,0.0,0,0
EXP-00098,reinstalacion,México,Tribunal A,25,9.2,0,0,1,0.0,0,0
EXP-00099,asilo,Sudamérica,Tribunal A,45,112.3,0,1,0,0.0,0,1
EXP-00100,reinstalacion,África,Tribunal B,32,20.4,0,1,0,,1,0
EXP-00101,ajuste_estatus,México,Tribunal F,46,36.2,0,1,1,0.0,0,1
EXP-00102,salida_voluntaria,Sudamérica,Tribunal A,34,,0,1,0,0.0,0,0
EXP-00103,asilo,Centroamérica,Tribunal C,21,57.1,0,0,0,0.0,1,0
EXP-00104,cancelacion,Centroamérica,Tribunal C,32,179.2,3,1,0,0.0,0,1
EXP-00104,cancelacion,Centroamérica,Tribunal C,26,,0,1,0,0.0,0,1
EXP-00104,cancelacion,Centroamérica,Tribunal C,4,175.5,0,1,0,0.0,0,1
EXP-00104,cancelacion,Centroamérica,Tribunal C,10,172.0,0,1,0,0.0,0,1
EXP-00105,salida_voluntaria,Centroamérica,Tribunal D,41,70.8,0,0,1,0.0,0,0
EXP-00106,asilo,Caribe,Tribunal A,35,81.3,0,0,0,0.0,0,0
EXP-00107,miedo_creible,Centroamérica,Tribunal A,40,5.2,0,1,1,0.0,0,0
EXP-00108,asilo,México,Tribunal C,24,28.8,0,0,0,0.0,0,0
EXP-00109,cancelacion,Caribe,Tribunal E,23,143.7,0,1,0,1.0,0,1
EXP-00110,cancelacion,México,Tribunal A,22,230.9,2,0,1,0.0,0,0
EXP-00110,cancelacion,México,Tribunal A,9,,0,0,1,0.0,0,0
EXP-00110,cancelacion,México,Tribunal A,2,227.6,0,0,1,0.0,0,0
EXP-00111,asilo,Asia,Tribunal E,20,83.5,0,0,1,1.0,0,0
EXP-00112,asilo,Centroamérica,Tribunal D,22,75.1,0,1,0,1.0,0,0
EXP-00113,asilo,Centroamérica,Tribunal B,38,6.6,3,1,0,0.0,0,1
EXP-00113,asilo,Centroamérica,Tribunal B,7,3.5,0,1,0,0.0,0,1
EXP-00113,asilo,Centroamérica,Tribunal B,9,3.1,0,1,0,0.0,0,1
EXP-00113,asilo,Centroamérica,Tribunal B,13,0.0,0,1,0,0.0,0,1
EXP-00114,asilo,África,Tribunal C,45,21.5,1,0,1,1.0,0,0
EXP-00114,asilo,África,Tribunal C,8,14.2,0,0,1,1.0,0,0
EXP-00115,reinstalacion,Centroamérica,Tribunal B,40,126.2,1,1,1,0.0,1,0
EXP-00115,reinstalacion,Centroamérica,Tribunal B,31,121.4,0,1,1,0.0,0,0
EXP-00116,miedo_creible,Asia,Tribunal F,32,16.8,0,1,1,1.0,0,0
EXP-00117,asilo,Centroamérica,Tribunal A,35,32.1,0,1,0,1.0,0,0
EXP-00118,asilo,Sudamérica,Tribunal B,33,126.0,0,1,1,1.0,0,1
EXP-00119,salida_voluntaria,África,Tribunal D,39,67.2,0,1,0,1.0,0,1
EXP-00120,asilo,Centroamérica,Tribunal A,22,48.8,1,0,1,0.0,1,0
EXP-00120,asilo,Centroamérica,Tribunal A,10,47.7,0,0,1,0.0,0,0
EXP-00121,asilo,México,Tribunal E,44,51.2,4,1,0,0.0,0,0
EXP-00121,asilo,México,Tribunal E,22,37.8,0,1,0,0.0,0,0
EXP-00121,asilo,México,Tribunal E,2,46.6,0,1,0,0.0,0,0
EXP-00121,asilo,México,Tribunal E,13,47.8,0,1,0,0.0,0,0
EXP-00121,asilo,México,Tribunal E,15,40.3,0,1,0,0.0,0,0
EXP-00122,asilo,Sudamérica,Tribunal C,33,45.1,0,1,0,0.0,0,0
EXP-00123,salida_voluntaria,México,Tribunal A,45,39.4,0,0,0,0.0,0,0
EXP-00124,cancelacion,Sudamérica,Tribunal E,40,137.5,0,1,0,0.0,0,1
EXP-00125,salida_voluntaria,México,Tribunal D,26,20.2,0,0,1,0.0,0,0
EXP-00126,ajuste_estatus,Caribe,Tribunal B,20,33.2,0,1,0,1.0,0,1
EXP-00127,ajuste_estatus,Centroamérica,Tribunal A,23,137.0,1,1,0,0.0,0,0
EXP-00127,ajuste_estatus,Centroamérica,Tribunal A,16,136.4,0,1,0,0.0,0,0
EXP-00128,reinstalacion,México,Tribunal B,42,142.5,0,0,1,0.0,0,0
EXP-00129,asilo,Centroamérica,Tribunal C,29,72.2,0,0,1,0.0,0,0
EXP-00130,reinstalacion,Centroamérica,Tribunal A,36,48.8,0,1,0,0.0,0,0
EXP-00131,asilo,Asia,Tribunal B,38,40.4,2,1,1,1.0,0,0
EXP-00131,asilo,Asia,Tribunal B,32,27.0,0,1,1,1.0,0,0
EXP-00131,asilo,Asia,Tribunal B,15,34.8,0,1,1,1.0,0,0
EXP-00132,salida_voluntaria,Asia,Tribunal C,22,62.2,0,1,1,1.0,0,0
EXP-00133,ajuste_estatus,Caribe,Tribunal C,43,74.2,0,0,0,0.0,0,0
EXP-00134,ajuste_estatus,México,Tribunal B,45,18.7,0,1,0,0.0,0,1
EXP-00135,reinstalacion,Caribe,Tribunal E,41,60.1,0,1,1,0.0,0,0
EXP-00136,reinstalacion,México,Tribunal E,32,31.2,0,1,0,0.0,0,0
EXP-00137,asilo,Centroamérica,Tribunal C,25,30.0,2,1,0,0.0,0,1
EXP-00137,asilo,Centroamérica,Tribunal C,9,23.1,0,1,0,0.0,0,1
EXP-00137,asilo,Centroamérica,Tribunal C,13,22.2,0,1,0,0.0,0,1
EXP-00138,miedo_creible,Sudamérica,Tribunal C,30,,0,1,0,0.0,1,0
EXP-00139,asilo,África,Tribunal D,30,77.8,0,0,1,1.0,1,0
EXP-00140,reinstalacion,Caribe,Tribunal B,19,42.2,0,1,1,1.0,0,0
EXP-00141,salida_voluntaria,Europa,Tribunal E,40,34.9,0,0,0,0.0,0,0
EXP-00142,asilo,Centroamérica,Tribunal A,18,42.5,3,1,1,0.0,0,0
EXP-00142,asilo,Centroamérica,Tribunal A,16,40.9,0,1,1,0.0,0,0
EXP-00142,asilo,Centroamérica,Tribunal A,14,34.7,0,1,1,0.0,0,0
EXP-00142,asilo,Centroamérica,Tribunal A,4,38.1,0,1,1,0.0,0,0
EXP-00143,reinstalacion,Caribe,Tribunal D,34,40.6,0,1,1,0.0,0,0
EXP-00144,reinstalacion,Centroamérica,Tribunal B,39,30.6,0,1,0,0.0,0,0
EXP-00145,salida_voluntaria,México,Tribunal F,38,57.2,0,1,1,0.0,1,1
EXP-00146,miedo_creible,México,Tribunal A,35,65.1,0,1,1,0.0,0,0
EXP-00147,ajuste_estatus,Asia,Tribunal A,43,126.3,1,1,0,1.0,0,1
EXP-00147,ajuste_estatus,Asia,Tribunal A,42,,0,1,0,1.0,0,1
EXP-00148,asilo,Sudamérica,Tribunal A,21,5.3,1,1,0,0.0,1,0
EXP-00148,asilo,Sudamérica,Tribunal A,3,6.5,0,1,0,0.0,0,0
EXP-00149,reinstalacion,Caribe,Tribunal A,30,69.4,0,1,0,,1,0
EXP-00150,asilo,Europa,Tribunal A,45,112.4,0,1,1,1.0,1,1
EXP-00151,asilo,Centroamérica,Tribunal A,24,19.1,0,0,0,0.0,0,0
EXP-00152,miedo_creible,Caribe,Tribunal A,37,34.1,0,1,0,1.0,0,0
EXP-00153,miedo_creible,Caribe,Tribunal C,30,19.3,0,1,0,0.0,0,0
EXP-00154,salida_voluntaria,Sudamérica,Tribunal B,29,29.2,0,0,0,0.0,0,0
EXP-00155,cancelacion,Sudamérica,Tribunal C,37,149.4,0,1,0,,0,0
EXP-00156,asilo,África,Tribunal F,24,32.2,0,1,1,1.0,0,0
EXP-00157,ajuste_estatus,Centroamérica,Tribunal A,29,89.8,0,0,0,0.0,0,0
EXP-00158,reinstalacion,Sudamérica,Tribunal B,26,34.3,0,1,0,1.0,1,0
EXP-00159,miedo_creible,Centroamérica,Tribunal D,23,60.2,0,1,0,0.0,1,0
EXP-00160,reinstalacion,México,Tribunal B,39,112.4,0,1,1,0.0,0,0
EXP-00161,ajuste_estatus,Centroamérica,Tribunal C,37,135.8,0,0,1,0.0,0,0
EXP-00162,salida_voluntaria,Centroamérica,Tribunal C,25,11.6,3,1,1,1.0,0,0
EXP-00162,salida_voluntaria,Centroamérica,Tribunal C,11,4.3,0,1,1,1.0,0,0
EXP-00162,salida_voluntaria,Centroamérica,Tribunal C,16,5.6,0,1,1,1.0,0,0
EXP-00162,salida_voluntaria,Centroamérica,Tribunal C,11,3.7,0,1,1,1.0,0,0
EXP-00163,reinstalacion,Centroamérica,Tribunal A,55,62.5,0,1,0,0.0,1,0
EXP-00164,reinstalacion,Centroamérica,Tribunal A,39,48.5,0,1,0,0.0,0,0
EXP-00165,salida_voluntaria,México,Tribunal F,18,97.5,0,1,0,0.0,0,0
EXP-00166,ajuste_estatus,Centroamérica,Tribunal D,33,16.0,0,1,0,0.0,0,0
EXP-00167,miedo_creible,Centroamérica,Tribunal C,33,46.8,0,1,0,0.0,0,0
EXP-00168,miedo_creible,Centroamérica,Tribunal B,23,84.3,0,1,1,0.0,0,0
EXP-00169,asilo,Centroamérica,Tribunal B,23,66.7,3,0,1,0.0,0,0
EXP-00169,asilo,Centroamérica,Tribunal B,21,61.2,0,0,1,0.0,0,0
EXP-00169,asilo,Centroamérica,Tribunal B,4,57.5,0,0,1,0.0,0,0
EXP-00169,asilo,Centroamérica,Tribunal B,6,66.2,0,0,1,0.0,0,0
EXP-00170,asilo,México,Tribunal D,40,21.2,0,1,1,0.0,1,1
EXP-00171,ajuste_estatus,Sudamérica,Tribunal D,29,64.5,3,1,0,1.0,0,1
EXP-00171,ajuste_estatus,Sudamérica,Tribunal D,36,63.9,0,1,0,1.0,0,1
EXP-00171,ajuste_estatus,Sudamérica,Tribunal D,12,53.1,0,1,0,,0,1
EXP-00171,ajuste_estatus,Sudamérica,Tribunal D,2,62.9,0,1,0,1.0,0,1
EXP-00172,ajuste_estatus,Sudamérica,Tribunal A,28,104.7,0,0,0,0.0,0,0
EXP-00173,asilo,Centroamérica,Tribunal C,32,36.4,0,0,1,0.0,0,0
EXP-00174,reinstalacion,México,Tribunal B,25,20.6,0,1,0,0.0,0,0
EXP-00175,asilo,Caribe,Tribunal F,22,38.6,0,1,0,1.0,0,0
EXP-00176,salida_voluntaria,Caribe,Tribunal F,27,68.6,0,0,0,0.0,0,0
EXP-00177,asilo,Caribe,Tribunal B,31,105.6,1,1,0,0.0,0,1
EXP-00177,asilo,Caribe,Tribunal B,45,101.6,0,1,0,0.0,0,1
EXP-00178,asilo,México,Tribunal B,35,122.7,2,1,1,1.0,0,1
EXP-00178,asilo,México,Tribunal B,8,108.3,0,1,1,1.0,0,1
EXP-00178,asilo,México,Tribunal B,14,111.9,0,1,1,1.0,0,1
EXP-00179,ajuste_estatus,México,Tribunal B,33,82.6,0,0,1,0.0,0,0
EXP-00180,asilo,Centroamérica,Tribunal D,40,117.2,1,1,0,0.0,0,1
EXP-00180,asilo,Centroamérica,Tribunal D,1,113.0,0,1,0,0.0,0,1
EXP-00181,reinstalacion,México,Tribunal A,34,25.4,0,1,1,0.0,0,0
EXP-00182,asilo,Europa,Tribunal C,40,33.6,0,0,1,0.0,0,0
EXP-00183,asilo,Caribe,Tribunal C,38,42.5,2,1,1,0.0,0,1
EXP-00183,asilo,Caribe,Tribunal C,11,41.0,0,1,1,0.0,0,1
EXP-00183,asilo,Caribe,Tribunal C,4,30.8,0,1,1,0.0,0,1
EXP-00184,miedo_creible,Asia,Tribunal D,35,10.4,0,1,0,1.0,0,0
EXP-00185,miedo_creible,Sudamérica,Tribunal A,30,30.3,0,1,0,0.0,0,0
EXP-00186,ajuste_estatus,Centroamérica,Tribunal A,36,34.0,1,1,0,0.0,1,1
EXP-00186,ajuste_estatus,Centroamérica,Tribunal A,24,24.9,0,1,0,0.0,0,1
EXP-00187,asilo,México,Tribunal E,33,41.4,3,0,1,0.0,0,0
EXP-00187,asilo,México,Tribunal E,12,37.4,0,0,1,0.0,0,0
EXP-00187,asilo,México,Tribunal E,14,33.6,0,0,1,0.0,0,0
EXP-00187,asilo,México,Tribunal E,2,31.1,0,0,1,0.0,0,0
EXP-00188,asilo,África,Tribunal B,21,34.9,3,1,0,1.0,0,1
EXP-00188,asilo,África,Tribunal B,30,29.6,0,1,0,1.0,0,1
EXP-00188,asilo,África,Tribunal B,11,26.1,0,1,0,1.0,0,1
EXP-00188,asilo,África,Tribunal B,16,22.2,0,1,0,1.0,0,1
EXP-00189,cancelacion,Caribe,Tribunal E,28,284.4,0,0,0,1.0,0,0
EXP-00190,reinstalacion,México,Tribunal D,43,39.6,0,1,1,0.0,0,0
EXP-00191,asilo,México,Tribunal B,24,59.2,1,0,0,0.0,0,0
EXP-00191,asilo,México,Tribunal B,7,57.7,0,0,0,,0,0
EXP-00192,miedo_creible,México,Tribunal B,18,23.6,0,1,1,0.0,0,0
EXP-00193,salida_voluntaria,México,Tribunal B,22,80.3,0,1,0,0.0,0,1
EXP-00194,reinstalacion,México,Tribunal B,27,5.8,0,1,1,0.0,0,0
EXP-00195,ajuste_estatus,México,Tribunal F,32,83.8,0,0,1,0.0,0,0
EXP-00196,asilo,Centroamérica,Tribunal A,38,38.6,0,1,0,0.0,0,1
EXP-00197,ajuste_estatus,México,Tribunal A,47,18.6,0,1,0,0.0,0,1
EXP-00198,cancelacion,Centroamérica,Tribunal D,36,301.2,0,1,1,0.0,1,0
EXP-00199,asilo,Sudamérica,Tribunal B,31,11.4,0,1,0,1.0,0,1
EXP-00200,reinstalacion,Sudamérica,Tribunal A,18,24.0,4,1,1,1.0,0,0
EXP-00200,reinstalacion,Sudamérica,Tribunal A,6,19.1,0,1,1,1.0,0,0
EXP-00200,reinstalacion,Sudamérica,Tribunal A,6,22.3,0,1,1,1.0,0,0
EXP-00200,reinstalacion,Sudamérica,Tribunal A,12,20.2,0,1,1,1.0,0,0
EXP-00200,reinstalacion,Sudamérica,Tribunal A,14,21.6,0,1,1,1.0,0,0
EXP-00201,asilo,Centroamérica,Tribunal C,21,42.0,0,1,1,0.0,1,0
EXP-00202,asilo,Caribe,Tribunal F,42,66.8,0,0,1,1.0,0,0
EXP-00203,reinstalacion,Caribe,Tribunal A,26,24.0,0,1,1,,0,0
EXP-00204,asilo,Caribe,Tribunal F,27,14.0,0,1,0,1.0,0,0
EXP-00205,asilo,Centroamérica,Tribunal B,33,16.8,0,1,0,0.0,0,0
EXP-00206,cancelacion,México,Tribunal C,39,145.5,1,0,1,0.0,0,0
EXP-00206,cancelacion,México,Tribunal C,31,142.9,0,0,1,,0,0
EXP-00207,ajuste_estatus,México,Tribunal E,30,17.4,0,0,0,0.0,0,0
EXP-00208,miedo_creible,Sudamérica,Tribunal E,36,,0,1,0,0.0,1,0
EXP-00209,asilo,Asia,Tribunal A,26,28.8,0,1,0,1.0,0,1
EXP-00210,miedo_creible,Europa,Tribunal D,18,36.8,0,1,0,0.0,0,0
EXP-00211,ajuste_estatus,África,Tribunal B,35,39.8,1,1,1,1.0,0,1
EXP-00211,ajuste_estatus,África,Tribunal B,8,36.0,0,1,1,1.0,0,1
EXP-00212,ajuste_estatus,México,Tribunal A,21,25.6,0,0,1,1.0,0,0
EXP-00213,salida_voluntaria,Sudamérica,Tribunal D,34,15.8,0,0,1,0.0,0,0
EXP-00214,miedo_creible,Centroamérica,Tribunal A,30,69.7,0,1,0,0.0,0,0
EXP-00215,asilo,Caribe,Tribunal E,52,54.0,2,0,0,1.0,1,0
EXP-00215,asilo,Caribe,Tribunal E,33,43.1,0,0,0,1.0,0,0
EXP-00215,asilo,Caribe,Tribunal E,16,42.1,0,0,0,1.0,0,0
EXP-00216,asilo,Sudamérica,Tribunal A,38,83.5,1,0,1,0.0,0,0
EXP-00216,asilo,Sudamérica,Tribunal A,30,75.0,0,0,1,0.0,0,0
EXP-00217,ajuste_estatus,Caribe,Tribunal B,24,47.3,0,0,0,1.0,0,0
EXP-00218,asilo,Centroamérica,Tribunal F,44,18.0,0,1,1,1.0,0,0
EXP-00219,asilo,Centroamérica,Tribunal E,34,111.2,0,1,0,0.0,0,0
EXP-00220,asilo,México,Tribunal A,27,19.3,0,1,0,1.0,0,1
EXP-00221,asilo,México,Tribunal A,40,43.6,2,1,0,0.0,0,1
EXP-00221,asilo,México,Tribunal A,30,34.5,0,1,0,0.0,0,1
EXP-00221,asilo,México,Tribunal A,13,40.6,0,1,0,0.0,0,1
EXP-00222,asilo,Centroamérica,Tribunal D,32,65.0,0,1,1,1.0,0,1
EXP-00223,salida_voluntaria,Centroamérica,Tribunal B,41,74.9,0,1,0,0.0,0,1
EXP-00224,ajuste_estatus,México,Tribunal C,34,69.3,0,0,0,0.0,0,0
EXP-00225,ajuste_estatus,Centroamérica,Tribunal D,48,2.8,0,1,0,1.0,0,0
EXP-00226,asilo,Caribe,Tribunal A,21,88.1,0,0,0,1.0,0,0
EXP-00227,asilo,Centroamérica,Tribunal B,42,26.3,0,1,0,,0,1
EXP-00228,asilo,Caribe,Tribunal E,38,121.7,0,1,0,0.0,0,0
EXP-00229,ajuste_estatus,Europa,Tribunal C,36,23.5,1,1,0,1.0,1,0
EXP-00229,ajuste_estatus,Europa,Tribunal C,1,8.8,0,1,0,1.0,0,0
EXP-00230,asilo,Centroamérica,Tribunal D,24,49.3,0,1,0,0.0,1,1
EXP-00231,asilo,Caribe,Tribunal E,24,91.1,1,1,0,0.0,0,1
EXP-00231,asilo,Caribe,Tribunal E,8,82.0,0,1,0,,0,1
EXP-00232,asilo,Europa,Tribunal D,38,31.0,0,1,1,0.0,0,1
EXP-00233,reinstalacion,Asia,Tribunal A,47,13.4,0,1,0,1.0,0,0
EXP-00234,ajuste_estatus,Centroamérica,Tribunal C,24,20.4,2,0,1,0.0,0,0
EXP-00234,ajuste_estatus,Centroamérica,Tribunal C,3,18.6,0,0,1,0.0,0,0
EXP-00234,ajuste_estatus,Centroamérica,Tribunal C,10,14.7,0,0,1,0.0,0,0
EXP-00235,reinstalacion,Centroamérica,Tribunal E,33,39.0,0,1,1,0.0,1,0
EXP-00236,asilo,África,Tribunal D,38,23.1,0,0,1,1.0,0,0
EXP-00237,ajuste_estatus,México,Tribunal A,20,92.1,0,1,1,0.0,0,1
EXP-00238,ajuste_estatus,Centroamérica,Tribunal C,26,35.5,0,1,1,0.0,0,0
EXP-00239,miedo_creible,Centroamérica,Tribunal B,38,5.5,0,1,0,0.0,0,0
EXP-00240,reinstalacion,México,Tribunal F,22,44.8,0,1,0,0.0,0,0
EXP-00241,ajuste_estatus,Centroamérica,Tribunal D,33,28.0,1,1,0,0.0,0,0
EXP-00241,ajuste_estatus,Centroamérica,Tribunal D,4,23.1,0,1,0,0.0,0,0
EXP-00242,reinstalacion,México,Tribunal E,29,56.1,0,1,0,0.0,0,0
EXP-00243,salida_voluntaria,México,Tribunal A,34,115.3,0,1,0,0.0,0,0
EXP-00244,reinstalacion,México,Tribunal B,33,28.0,0,1,1,1.0,1,0
EXP-00245,miedo_creible,Centroamérica,Tribunal D,33,234.9,0,1,0,0.0,0,0
EXP-00246,asilo,Centroamérica,Tribunal B,41,6.4,0,1,1,0.0,0,1
EXP-00247,salida_voluntaria,África,Tribunal E,30,8.8,1,0,1,1.0,0,0
EXP-00247,salida_voluntaria,África,Tribunal E,39,5.3,0,0,1,1.0,0,0
EXP-00248,miedo_creible,África,Tribunal D,31,12.5,0,1,1,1.0,0,0
EXP-00249,asilo,África,Tribunal C,44,31.4,0,0,1,1.0,0,0
EXP-00250,asilo,Caribe,Tribunal C,34,33.3,2,1,0,1.0,0,1
EXP-00250,asilo,Caribe,Tribunal C,10,,0,1,0,1.0,0,1
EXP-00250,asilo,Caribe,Tribunal C,6,28.5,0,1,0,1.0,0,1
EXP-00251,miedo_creible,Centroamérica,Tribunal A,36,25.2,0,1,0,0.0,0,0
EXP-00252,miedo_creible,Centroamérica,Tribunal C,35,17.8,0,1,0,0.0,0,0
EXP-00253,salida_voluntaria,Sudamérica,Tribunal D,30,28.5,0,0,0,0.0,0,0
EXP-00254,asilo,Sudamérica,Tribunal B,24,34.1,0,0,0,0.0,0,0
EXP-00255,cancelacion,México,Tribunal C,22,129.4,0,0,0,0.0,0,0
EXP-00256,asilo,Caribe,Tribunal B,30,22.5,0,1,1,1.0,0,1
EXP-00257,asilo,Centroamérica,Tribunal C,18,56.3,2,1,0,0.0,1,0
EXP-00257,asilo,Centroamérica,Tribunal C,26,46.1,0,1,0,0.0,0,0
EXP-00257,asilo,Centroamérica,Tribunal C,15,44.4,0,1,0,0.0,0,0
EXP-00258,asilo,África,Tribunal C,24,82.8,2,0,1,1.0,0,0
EXP-00258,asilo,África,Tribunal C,27,81.3,0,0,1,1.0,0,0
EXP-00258,asilo,África,Tribunal C,7,74.5,0,0,1,1.0,0,0
EXP-00259,miedo_creible,Centroamérica,Tribunal B,27,23.5,0,1,1,0.0,0,0
EXP-00260,ajuste_estatus,África,Tribunal C,42,101.6,1,1,0,0.0,0,0
EXP-00260,ajuste_estatus,África,Tribunal C,9,96.3,0,1,0,0.0,0,0
EXP-00261,salida_voluntaria,Centroamérica,Tribunal F,40,13.6,1,0,0,0.0,0,0
EXP-00261,salida_voluntaria,Centroamérica,Tribunal F,3,9.0,0,0,0,0.0,0,0
EXP-00262,miedo_creible,Sudamérica,Tribunal B,48,51.7,0,1,1,0.0,0,0
EXP-00263,miedo_creible,Centroamérica,Tribunal D,49,72.4,0,1,0,1.0,1,0
EXP-00264,reinstalacion,México,Tribunal B,23,52.4,0,1,1,0.0,1,0
EXP-00265,asilo,Caribe,Tribunal F,28,83.1,0,0,1,1.0,0,0
EXP-00266,miedo_creible,Centroamérica,Tribunal A,25,76.4,0,1,0,0.0,0,0
EXP-00267,asilo,África,Tribunal B,45,32.2,2,0,1,0.0,0,0
EXP-00267,asilo,África,Tribunal B,24,24.5,0,0,1,0.0,0,0
EXP-00267,asilo,África,Tribunal B,12,26.4,0,0,1,,0,0
EXP-00268,ajuste_estatus,África,Tribunal D,30,46.9,0,1,1,1.0,0,0
EXP-00269,salida_voluntaria,Centroamérica,Tribunal B,18,76.9,0,1,1,0.0,0,1
EXP-00270,asilo,Caribe,Tribunal B,43,35.7,0,0,0,0.0,0,0
EXP-00271,asilo,Centroamérica,Tribunal F,60,55.0,2,0,0,0.0,0,0
EXP-00271,asilo,Centroamérica,Tribunal F,22,49.8,0,0,0,0.0,0,0
EXP-00271,asilo,Centroamérica,Tribunal F,12,50.3,0,0,0,0.0,0,0
EXP-00272,reinstalacion,Centroamérica,Tribunal D,24,77.7,0,1,1,1.0,0,0
EXP-00273,miedo_creible,Centroamérica,Tribunal D,22,,0,1,1,0.0,0,0
EXP-00274,miedo_creible,Sudamérica,Tribunal C,39,77.9,0,1,0,0.0,0,0
EXP-00275,asilo,Centroamérica,Tribunal B,23,57.0,2,1,0,1.0,0,1
EXP-00275,asilo,Centroamérica,Tribunal B,46,54.9,0,1,0,1.0,0,1
EXP-00275,asilo,Centroamérica,Tribunal B,16,50.6,0,1,0,1.0,0,1
EXP-00276,asilo,Centroamérica,Tribunal D,43,66.6,0,1,1,0.0,1,0
EXP-00277,ajuste_estatus,Centroamérica,Tribunal A,33,69.2,2,1,1,0.0,0,0
EXP-00277,ajuste_estatus,Centroamérica,Tribunal A,8,62.2,0,1,1,0.0,0,0
EXP-00277,ajuste_estatus,Centroamérica,Tribunal A,15,61.5,0,1,1,0.0,0,0
EXP-00278,miedo_creible,Centroamérica,Tribunal B,44,29.7,0,1,0,0.0,1,0
EXP-00279,asilo,Europa,Tribunal A,41,16.1,0,1,1,1.0,0,1
EXP-00280,asilo,Centroamérica,Tribunal F,24,77.2,0,1,1,,0,0
EXP-00281,ajuste_estatus,Asia,Tribunal B,41,7.2,0,1,0,1.0,1,0
EXP-00282,cancelacion,África,Tribunal D,29,132.1,0,0,0,0.0,0,0
EXP-00283,asilo,Sudamérica,Tribunal F,37,74.8,0,1,1,0.0,0,1
EXP-00284,asilo,Sudamérica,Tribunal A,37,94.9,0,1,0,0.0,0,0
EXP-00285,reinstalacion,México,Tribunal A,27,14.9,0,1,1,0.0,0,0
EXP-00286,reinstalacion,África,Tribunal B,36,96.6,0,1,0,1.0,1,0
EXP-00287,asilo,Asia,Tribunal D,36,13.2,1,1,0,1.0,0,1
EXP-00287,asilo,Asia,Tribunal D,31,7.9,0,1,0,1.0,0,1
EXP-00288,ajuste_estatus,México,Tribunal E,41,164.5,0,1,0,0.0,1,0
EXP-00289,reinstalacion,México,Tribunal F,34,22.3,0,1,0,0.0,1,0
EXP-00290,miedo_creible,Centroamérica,Tribunal E,39,23.4,0,0,0,0.0,0,0
EXP-00291,salida_voluntaria,Asia,Tribunal F,34,85.1,0,0,0,1.0,0,0
EXP-00292,asilo,México,Tribunal B,23,0.3,0,0,0,0.0,0,0
EXP-00293,asilo,África,Tribunal E,28,9.0,0,0,1,1.0,0,0
EXP-00294,reinstalacion,Sudamérica,Tribunal D,22,73.6,0,1,0,0.0,0,0
EXP-00295,cancelacion,México,Tribunal E,40,147.7,0,0,1,0.0,0,0
EXP-00296,asilo,África,Tribunal F,18,96.3,2,0,0,1.0,0,0
EXP-00296,asilo,África,Tribunal F,4,92.9,0,0,0,1.0,0,0
EXP-00296,asilo,África,Tribunal F,9,99.2,0,0,0,1.0,0,0
EXP-00297,miedo_creible,Centroamérica,Tribunal A,33,7.6,0,1,1,0.0,0,0
EXP-00298,miedo_creible,Europa,Tribunal C,30,62.5,0,1,1,0.0,0,0
EXP-00299,miedo_creible,Sudamérica,Tribunal B,46,,1,1,1,0.0,0,0
EXP-00299,miedo_creible,Sudamérica,Tribunal B,24,38.4,0,1,1,0.0,0,0
EXP-00300,reinstalacion,Caribe,Tribunal E,27,31.3,0,1,1,1.0,0,0
EXP-00301,asilo,Centroamérica,Tribunal A,29,13.6,0,1,0,0.0,1,1
EXP-00302,cancelacion,Centroamérica,Tribunal D,25,270.4,4,0,0,0.0,1,0
EXP-00302,cancelacion,Centroamérica,Tribunal D,33,261.1,0,0,0,0.0,0,0
EXP-00302,cancelacion,Centroamérica,Tribunal D,10,263.0,0,0,0,0.0,0,0
EXP-00302,cancelacion,Centroamérica,Tribunal D,11,270.5,0,0,0,0.0,0,0
EXP-00302,cancelacion,Centroamérica,Tribunal D,7,259.6,0,0,0,0.0,0,0
EXP-00303,reinstalacion,México,Tribunal A,28,,0,1,0,0.0,0,0
EXP-00304,miedo_creible,Caribe,Tribunal E,30,60.6,1,1,1,1.0,1,0
EXP-00304,miedo_creible,Caribe,Tribunal E,32,57.7,0,1,1,1.0,0,0
EXP-00305,cancelacion,Centroamérica,Tribunal B,46,,0,0,0,0.0,0,0
EXP-00306,reinstalacion,México,Tribunal B,46,95.7,0,1,1,0.0,0,0
EXP-00307,ajuste_estatus,México,Tribunal A,33,19.9,0,1,1,0.0,0,1
EXP-00308,reinstalacion,Centroamérica,Tribunal A,32,84.9,0,1,0,1.0,1,0
EXP-00309,ajuste_estatus,Centroamérica,Tribunal E,42,129.6,3,1,0,0.0,1,1
EXP-00309,ajuste_estatus,Centroamérica,Tribunal E,9,121.4,0,1,0,0.0,0,1
EXP-00309,ajuste_estatus,Centroamérica,Tribunal E,3,128.8,0,1,0,0.0,0,1
EXP-00309,ajuste_estatus,Centroamérica,Tribunal E,4,126.7,0,1,0,0.0,0,1
EXP-00310,asilo,Centroamérica,Tribunal C,30,2.7,0,0,1,0.0,0,0
EXP-00311,salida_voluntaria,Asia,Tribunal D,40,79.1,3,1,0,1.0,0,1
EXP-00311,salida_voluntaria,Asia,Tribunal D,18,73.9,0,1,0,1.0,0,1
EXP-00311,salida_voluntaria,Asia,Tribunal D,6,71.0,0,1,0,1.0,0,1
EXP-00311,salida_voluntaria,Asia,Tribunal D,16,74.3,0,1,0,1.0,0,1
EXP-00312,cancelacion,México,Tribunal B,38,163.1,1,1,0,0.0,0,1
EXP-00312,cancelacion,México,Tribunal B,2,154.7,0,1,0,0.0,0,1
EXP-00313,asilo,Centroamérica,Tribunal B,36,204.8,2,1,1,0.0,0,1
EXP-00313,asilo,Centroamérica,Tribunal B,3,198.1,0,1,1,0.0,0,1
EXP-00313,asilo,Centroamérica,Tribunal B,8,200.8,0,1,1,0.0,0,1
EXP-00314,salida_voluntaria,Centroamérica,Tribunal C,27,19.1,0,0,1,0.0,0,0
EXP-00315,asilo,Centroamérica,Tribunal A,24,109.1,3,1,0,1.0,0,1
EXP-00315,asilo,Centroamérica,Tribunal A,8,109.0,0,1,0,1.0,0,1
EXP-00315,asilo,Centroamérica,Tribunal A,12,104.2,0,1,0,1.0,0,1
EXP-00315,asilo,Centroamérica,Tribunal A,14,108.8,0,1,0,1.0,0,1
EXP-00316,miedo_creible,Centroamérica,Tribunal A,18,205.9,0,1,0,1.0,0,0
EXP-00317,ajuste_estatus,México,Tribunal F,46,152.0,0,1,0,0.0,0,1
EXP-00318,miedo_creible,Sudamérica,Tribunal A,42,13.2,0,1,0,0.0,0,0
EXP-00319,cancelacion,Centroamérica,Tribunal E,18,173.8,0,1,0,0.0,0,0
EXP-00320,ajuste_estatus,África,Tribunal B,18,43.8,1,0,1,1.0,0,0
EXP-00320,ajuste_estatus,África,Tribunal B,4,34.4,0,0,1,1.0,0,0
EXP-00321,asilo,Sudamérica,Tribunal E,25,27.1,1,1,1,0.0,0,1
EXP-00321,asilo,Sudamérica,Tribunal E,36,25.8,0,1,1,0.0,0,1
EXP-00322,asilo,Sudamérica,Tribunal D,47,41.2,0,0,1,,1,0
EXP-00323,miedo_creible,Caribe,Tribunal B,31,108.6,0,1,1,0.0,0,0
EXP-00324,salida_voluntaria,México,Tribunal C,33,44.6,2,1,0,0.0,0,1
EXP-00324,salida_voluntaria,México,Tribunal C,4,39.0,0,1,0,0.0,0,1
EXP-00324,salida_voluntaria,México,Tribunal C,13,43.6,0,1,0,0.0,0,1
EXP-00325,salida_voluntaria,México,Tribunal B,18,33.6,1,0,1,0.0,0,0
EXP-00325,salida_voluntaria,México,Tribunal B,27,22.1,0,0,1,,0,0
EXP-00326,reinstalacion,México,Tribunal A,33,59.4,4,1,0,0.0,0,0
EXP-00326,reinstalacion,México,Tribunal A,11,44.1,0,1,0,0.0,0,0
EXP-00326,reinstalacion,México,Tribunal A,10,44.1,0,1,0,0.0,0,0
EXP-00326,reinstalacion,México,Tribunal A,2,49.0,0,1,0,0.0,0,0
EXP-00326,reinstalacion,México,Tribunal A,5,49.8,0,1,0,0.0,0,0
EXP-00327,ajuste_estatus,México,Tribunal F,34,9.1,0,0,1,0.0,1,0
EXP-00328,salida_voluntaria,Sudamérica,Tribunal D,22,161.2,0,1,1,0.0,0,1
EXP-00329,asilo,Centroamérica,Tribunal A,34,32.8,2,0,1,0.0,0,0
EXP-00329,asilo,Centroamérica,Tribunal A,33,22.5,0,0,1,0.0,0,0
EXP-00329,asilo,Centroamérica,Tribunal A,11,27.5,0,0,1,0.0,0,0
EXP-00330,asilo,Centroamérica,Tribunal A,31,15.0,1,1,0,0.0,0,0
EXP-00330,asilo,Centroamérica,Tribunal A,18,9.8,0,1,0,0.0,0,0
EXP-00331,cancelacion,Caribe,Tribunal A,29,195.4,0,0,0,1.0,0,0
EXP-00332,asilo,Centroamérica,Tribunal A,28,103.7,0,1,1,1.0,0,1
EXP-00333,asilo,Centroamérica,Tribunal B,33,57.0,0,1,1,0.0,0,1
EXP-00334,miedo_creible,Caribe,Tribunal A,30,19.1,0,1,1,0.0,0,0
EXP-00335,ajuste_estatus,Asia,Tribunal E,31,32.7,0,1,0,1.0,0,0
EXP-00336,ajuste_estatus,Asia,Tribunal A,32,27.8,0,1,0,1.0,0,0
EXP-00337,salida_voluntaria,México,Tribunal B,40,,0,1,0,0.0,1,1
EXP-00338,asilo,Sudamérica,Tribunal C,35,170.1,0,1,0,0.0,0,1
EXP-00339,cancelacion,África,Tribunal E,32,124.5,0,1,0,1.0,0,1
EXP-00340,asilo,Caribe,Tribunal F,21,101.5,3,0,1,1.0,1,0
EXP-00340,asilo,Caribe,Tribunal F,27,94.8,0,0,1,1.0,0,0
EXP-00340,asilo,Caribe,Tribunal F,10,93.4,0,0,1,1.0,0,0
EXP-00340,asilo,Caribe,Tribunal F,16,92.8,0,0,1,1.0,0,0
EXP-00341,salida_voluntaria,México,Tribunal C,29,49.0,2,1,0,0.0,0,0
EXP-00341,salida_voluntaria,México,Tribunal C,25,41.3,0,1,0,0.0,0,0
EXP-00341,salida_voluntaria,México,Tribunal C,3,43.1,0,1,0,0.0,0,0
EXP-00342,salida_voluntaria,México,Tribunal B,31,41.0,0,0,1,0.0,0,0
EXP-00343,asilo,Centroamérica,Tribunal F,22,31.8,1,1,0,0.0,1,0
EXP-00343,asilo,Centroamérica,Tribunal F,20,23.5,0,1,0,0.0,0,0
EXP-00344,miedo_creible,Centroamérica,Tribunal C,47,44.2,0,0,0,0.0,0,0
EXP-00345,salida_voluntaria,Asia,Tribunal A,27,85.9,0,1,1,1.0,0,0
EXP-00346,asilo,Centroamérica,Tribunal A,18,36.8,1,0,0,0.0,0,0
EXP-00346,asilo,Centroamérica,Tribunal A,3,27.3,0,0,0,0.0,0,0
EXP-00347,asilo,Centroamérica,Tribunal C,29,35.6,1,0,0,0.0,0,0
EXP-00347,asilo,Centroamérica,Tribunal C,6,26.2,0,0,0,0.0,0,0
EXP-00348,asilo,Centroamérica,Tribunal F,31,175.3,0,0,0,0.0,0,0
EXP-00349,asilo,Sudamérica,Tribunal D,31,27.1,0,0,1,0.0,0,0
EXP-00350,ajuste_estatus,México,Tribunal D,26,7.7,3,1,1,0.0,1,0
EXP-00350,ajuste_estatus,México,Tribunal D,1,0.0,0,1,1,0.0,0,0
EXP-00350,ajuste_estatus,México,Tribunal D,9,0.0,0,1,1,0.0,0,0
EXP-00350,ajuste_estatus,México,Tribunal D,14,0.0,0,1,1,0.0,0,0
EXP-00351,ajuste_estatus,África,Tribunal D,28,11.8,4,1,0,1.0,1,1
EXP-00351,ajuste_estatus,África,Tribunal D,18,0.0,0,1,0,1.0,0,1
EXP-00351,ajuste_estatus,África,Tribunal D,6,4.7,0,1,0,1.0,0,1
EXP-00351,ajuste_estatus,África,Tribunal D,2,4.2,0,1,0,1.0,0,1
EXP-00351,ajuste_estatus,África,Tribunal D,10,7.5,0,1,0,1.0,0,1
EXP-00352,miedo_creible,Asia,Tribunal A,36,14.6,0,1,0,1.0,0,0
EXP-00353,cancelacion,Europa,Tribunal B,21,122.7,0,0,1,1.0,0,0
EXP-00354,asilo,Caribe,Tribunal D,25,37.0,0,0,1,1.0,0,0
EXP-00355,asilo,México,Tribunal C,24,21.8,0,1,0,0.0,0,1
EXP-00356,salida_voluntaria,México,Tribunal B,32,58.4,1,0,1,0.0,0,0
EXP-00356,salida_voluntaria,México,Tribunal B,36,44.1,0,0,1,0.0,0,0
EXP-00357,asilo,México,Tribunal E,43,,1,1,0,0.0,0,1
EXP-00357,asilo,México,Tribunal E,38,97.5,0,1,0,0.0,0,1
EXP-00358,asilo,Sudamérica,Tribunal C,31,81.7,0,0,0,1.0,0,0
EXP-00359,miedo_creible,Sudamérica,Tribunal D,18,15.5,0,0,0,0.0,0,0
EXP-00360,asilo,Sudamérica,Tribunal C,28,58.8,1,0,0,1.0,0,0
EXP-00360,asilo,Sudamérica,Tribunal C,6,51.6,0,0,0,1.0,0,0
EXP-00361,miedo_creible,Caribe,Tribunal D,39,14.4,0,1,0,1.0,1,0
EXP-00362,cancelacion,Europa,Tribunal B,22,201.2,2,0,0,1.0,0,0
EXP-00362,cancelacion,Europa,Tribunal B,38,189.9,0,0,0,1.0,0,0
EXP-00362,cancelacion,Europa,Tribunal B,14,194.0,0,0,0,1.0,0,0
EXP-00363,ajuste_estatus,México,Tribunal A,40,98.1,1,1,0,0.0,1,1
EXP-00363,ajuste_estatus,México,Tribunal A,3,87.6,0,1,0,0.0,0,1
EXP-00364,salida_voluntaria,Caribe,Tribunal A,30,19.1,0,1,0,1.0,0,0
EXP-00365,reinstalacion,México,Tribunal B,22,25.1,0,1,0,0.0,0,0
EXP-00366,salida_voluntaria,México,Tribunal F,27,163.8,0,1,0,0.0,0,1
EXP-00367,reinstalacion,África,Tribunal A,31,86.4,0,1,1,1.0,1,0
EXP-00368,asilo,Sudamérica,Tribunal C,38,64.6,0,1,1,1.0,0,0
EXP-00369,miedo_creible,Centroamérica,Tribunal B,18,50.9,0,1,0,0.0,1,0
EXP-00370,reinstalacion,Asia,Tribunal B,34,58.8,0,1,0,,1,0
EXP-00371,cancelacion,Centroamérica,Tribunal E,28,189.9,0,1,1,0.0,0,1
EXP-00372,asilo,Centroamérica,Tribunal A,35,14.7,0,0,1,1.0,0,0
EXP-00373,asilo,Caribe,Tribunal A,23,39.7,2,1,0,0.0,1,1
EXP-00373,asilo,Caribe,Tribunal A,23,36.8,0,1,0,0.0,0,1
EXP-00373,asilo,Caribe,Tribunal A,7,29.2,0,1,0,0.0,0,1
EXP-00374,asilo,Asia,Tribunal C,30,56.0,2,1,1,1.0,1,0
EXP-00374,asilo,Asia,Tribunal C,6,52.0,0,1,1,1.0,0,0
EXP-00374,asilo,Asia,Tribunal C,11,46.8,0,1,1,1.0,0,0
EXP-00375,miedo_creible,África,Tribunal C,26,134.2,0,1,0,1.0,0,0
EXP-00376,miedo_creible,Centroamérica,Tribunal E,32,40.3,0,1,1,0.0,1,0
EXP-00377,reinstalacion,México,Tribunal D,23,10.7,0,1,1,0.0,1,0
EXP-00378,reinstalacion,Asia,Tribunal B,19,4.3,1,1,1,1.0,0,0
EXP-00378,reinstalacion,Asia,Tribunal B,12,0.1,0,1,1,1.0,0,0
EXP-00379,asilo,Centroamérica,Tribunal E,26,82.9,3,1,1,0.0,0,1
EXP-00379,asilo,Centroamérica,Tribunal E,19,74.9,0,1,1,0.0,0,1
EXP-00379,asilo,Centroamérica,Tribunal E,7,70.3,0,1,1,0.0,0,1
EXP-00379,asilo,Centroamérica,Tribunal E,1,71.7,0,1,1,0.0,0,1
EXP-00380,asilo,Centroamérica,Tribunal B,27,61.3,1,0,1,0.0,0,0
EXP-00380,asilo,Centroamérica,Tribunal B,29,51.8,0,0,1,0.0,0,0
EXP-00381,ajuste_estatus,África,Tribunal C,40,119.2,1,1,0,1.0,0,1
EXP-00381,ajuste_estatus,África,Tribunal C,18,114.4,0,1,0,1.0,0,1
EXP-00382,asilo,Centroamérica,Tribunal A,32,51.6,0,1,0,0.0,0,0
EXP-00383,asilo,Centroamérica,Tribunal F,26,71.1,0,1,0,0.0,0,0
EXP-00384,salida_voluntaria,Sudamérica,Tribunal B,39,29.3,0,1,1,1.0,0,1
EXP-00385,reinstalacion,México,Tribunal C,18,76.0,0,1,0,0.0,0,0
EXP-00386,cancelacion,Centroamérica,Tribunal B,32,361.3,0,1,0,1.0,0,1
EXP-00387,asilo,Caribe,Tribunal F,25,42.3,3,0,1,0.0,0,0
EXP-00387,asilo,Caribe,Tribunal F,11,33.8,0,0,1,0.0,0,0
EXP-00387,asilo,Caribe,Tribunal F,5,32.6,0,0,1,0.0,0,0
EXP-00387,asilo,Caribe,Tribunal F,2,29.6,0,0,1,0.0,0,0
EXP-00388,ajuste_estatus,Sudamérica,Tribunal A,33,2.3,1,0,1,1.0,0,0
EXP-00388,ajuste_estatus,Sudamérica,Tribunal A,29,3.2,0,0,1,1.0,0,0
EXP-00389,ajuste_estatus,México,Tribunal C,33,12.6,0,1,1,0.0,0,1
EXP-00390,asilo,Centroamérica,Tribunal C,33,5.6,0,0,1,0.0,0,0
EXP-00391,asilo,Centroamérica,Tribunal F,39,20.7,0,0,1,0.0,0,0
EXP-00392,asilo,África,Tribunal C,25,115.3,0,1,1,1.0,0,0
EXP-00393,miedo_creible,Sudamérica,Tribunal A,38,80.5,0,1,1,0.0,0,0
EXP-00394,asilo,Centroamérica,Tribunal A,42,33.8,0,0,1,1.0,0,0
EXP-00395,reinstalacion,México,Tribunal B,22,14.7,0,1,0,0.0,0,0
EXP-00396,asilo,Centroamérica,Tribunal A,24,33.8,0,1,0,1.0,1,0
EXP-00397,reinstalacion,México,Tribunal B,18,66.5,0,0,0,0.0,0,0
EXP-00398,asilo,Centroamérica,Tribunal D,41,27.6,0,1,0,1.0,1,0
EXP-00399,miedo_creible,Sudamérica,Tribunal E,35,82.3,0,1,1,0.0,1,0
EXP-00400,ajuste_estatus,México,Tribunal E,41,26.4,1,0,0,0.0,1,0
EXP-00400,ajuste_estatus,México,Tribunal E,13,22.6,0,0,0,0.0,0,0
EXP-00401,salida_voluntaria,Sudamérica,Tribunal F,36,15.1,0,1,0,1.0,0,1
EXP-00402,asilo,Centroamérica,Tribunal D,38,,0,1,0,0.0,0,0
EXP-00403,miedo_creible,Asia,Tribunal A,18,48.4,0,0,1,1.0,0,0
EXP-00404,asilo,Sudamérica,Tribunal A,26,82.6,0,0,1,0.0,0,0
EXP-00405,asilo,Asia,Tribunal A,23,6.6,0,0,1,1.0,0,0
EXP-00406,asilo,México,Tribunal D,37,51.7,0,1,0,0.0,0,0
EXP-00407,reinstalacion,Caribe,Tribunal B,29,78.3,0,1,0,0.0,0,0
EXP-00408,salida_voluntaria,Europa,Tribunal E,29,19.1,1,1,0,1.0,0,1
EXP-00408,salida_voluntaria,Europa,Tribunal E,36,9.2,0,1,0,1.0,0,1
EXP-00409,salida_voluntaria,Asia,Tribunal C,34,21.6,0,1,0,1.0,1,1
EXP-00410,reinstalacion,México,Tribunal C,23,43.1,0,1,0,0.0,0,0
EXP-00411,asilo,Sudamérica,Tribunal C,38,155.1,0,1,0,0.0,0,1
EXP-00412,ajuste_estatus,Asia,Tribunal C,32,65.3,0,1,0,1.0,1,0
EXP-00413,asilo,México,Tribunal A,45,28.6,0,1,0,0.0,0,0
EXP-00414,cancelacion,México,Tribunal A,35,220.1,0,1,0,0.0,0,1
EXP-00415,salida_voluntaria,Centroamérica,Tribunal B,20,115.6,0,1,0,0.0,0,1
EXP-00416,salida_voluntaria,Caribe,Tribunal A,33,91.8,0,0,0,1.0,1,0
EXP-00417,asilo,Centroamérica,Tribunal F,37,,0,0,1,1.0,0,0
EXP-00418,salida_voluntaria,Sudamérica,Tribunal A,21,114.4,0,0,1,0.0,0,0
EXP-00419,ajuste_estatus,Centroamérica,Tribunal E,24,76.4,0,1,0,0.0,0,1
EXP-00420,salida_voluntaria,Sudamérica,Tribunal C,32,14.1,0,1,0,0.0,1,1
EXP-00421,salida_voluntaria,México,Tribunal D,20,29.6,0,0,0,0.0,0,0
EXP-00422,reinstalacion,Sudamérica,Tribunal D,46,52.5,0,1,0,0.0,0,0
EXP-00423,miedo_creible,Caribe,Tribunal A,32,8.5,0,1,0,0.0,0,0
EXP-00424,cancelacion,Centroamérica,Tribunal B,20,149.3,0,0,1,0.0,0,0
EXP-00425,asilo,México,Tribunal A,38,,0,1,1,0.0,1,1
EXP-00426,asilo,Centroamérica,Tribunal F,31,72.3,1,1,1,0.0,0,1
EXP-00426,asilo,Centroamérica,Tribunal F,9,68.1,0,1,1,0.0,0,1
EXP-00427,salida_voluntaria,Centroamérica,Tribunal C,24,77.2,1,0,1,1.0,0,0
EXP-00427,salida_voluntaria,Centroamérica,Tribunal C,47,74.1,0,0,1,1.0,0,0
EXP-00428,cancelacion,Centroamérica,Tribunal B,23,120.6,1,0,1,0.0,0,0
EXP-00428,cancelacion,Centroamérica,Tribunal B,27,115.3,0,0,1,0.0,0,0
EXP-00429,reinstalacion,Centroamérica,Tribunal E,33,171.4,0,1,0,0.0,0,0
EXP-00430,reinstalacion,México,Tribunal A,33,57.0,0,1,0,0.0,1,0
EXP-00431,asilo,África,Tribunal B,27,138.3,1,1,0,1.0,1,1
EXP-00431,asilo,África,Tribunal B,3,129.3,0,1,0,1.0,0,1
EXP-00432,asilo,Centroamérica,Tribunal A,30,47.9,0,1,0,0.0,0,1
EXP-00433,cancelacion,Centroamérica,Tribunal C,19,178.6,0,1,0,1.0,0,0
EXP-00434,reinstalacion,Centroamérica,Tribunal C,23,14.7,0,1,0,0.0,1,0
EXP-00435,asilo,Centroamérica,Tribunal D,32,73.5,0,0,1,0.0,0,0
EXP-00436,asilo,México,Tribunal B,24,42.7,0,1,1,0.0,1,1
EXP-00437,miedo_creible,Sudamérica,Tribunal A,34,37.5,0,1,1,1.0,0,0
EXP-00438,asilo,Centroamérica,Tribunal A,33,37.3,2,1,0,0.0,0,1
EXP-00438,asilo,Centroamérica,Tribunal A,32,24.9,0,1,0,0.0,0,1
EXP-00438,asilo,Centroamérica,Tribunal A,13,23.9,0,1,0,0.0,0,1
EXP-00439,asilo,México,Tribunal D,22,23.5,0,1,1,0.0,1,1
EXP-00440,asilo,Caribe,Tribunal D,33,22.8,0,0,1,0.0,0,0
EXP-00441,asilo,Caribe,Tribunal E,34,130.2,0,1,0,0.0,1,1
EXP-00442,asilo,Asia,Tribunal E,42,,1,0,0,1.0,0,0
EXP-00442,asilo,Asia,Tribunal E,21,30.0,0,0,0,1.0,0,0
EXP-00443,reinstalacion,México,Tribunal B,28,143.2,0,1,1,0.0,1,0
EXP-00444,ajuste_estatus,México,Tribunal C,36,40.7,0,1,1,0.0,0,0
EXP-00445,reinstalacion,África,Tribunal A,36,39.9,0,1,0,1.0,0,0
EXP-00446,asilo,México,Tribunal D,26,59.5,0,0,1,0.0,0,0
EXP-00447,salida_voluntaria,Asia,Tribunal A,26,34.5,0,1,0,1.0,0,1
EXP-00448,salida_voluntaria,México,Tribunal D,20,56.2,0,1,0,0.0,0,1
EXP-00449,asilo,Centroamérica,Tribunal A,18,60.8,0,0,1,0.0,0,0
EXP-00450,miedo_creible,Centroamérica,Tribunal D,34,25.5,0,1,0,0.0,0,0
EXP-00451,asilo,Sudamérica,Tribunal C,18,36.3,0,0,1,0.0,0,0
EXP-00452,miedo_creible,México,Tribunal A,34,59.5,0,1,0,1.0,0,0
EXP-00453,asilo,Centroamérica,Tribunal F,18,71.9,3,1,0,0.0,1,1
EXP-00453,asilo,Centroamérica,Tribunal F,12,68.5,0,1,0,0.0,0,1
EXP-00453,asilo,Centroamérica,Tribunal F,1,69.0,0,1,0,0.0,0,1
EXP-00453,asilo,Centroamérica,Tribunal F,2,60.2,0,1,0,0.0,0,1
EXP-00454,asilo,México,Tribunal A,27,14.5,2,0,0,0.0,0,0
EXP-00454,asilo,México,Tribunal A,10,13.0,0,0,0,0.0,0,0
EXP-00454,asilo,México,Tribunal A,11,8.7,0,0,0,0.0,0,0
EXP-00455,reinstalacion,Centroamérica,Tribunal E,23,101.5,0,1,0,1.0,1,0
EXP-00456,salida_voluntaria,México,Tribunal A,39,19.9,0,1,0,0.0,0,1
EXP-00457,salida_voluntaria,México,Tribunal F,29,215.2,0,0,1,0.0,0,0
EXP-00458,asilo,Sudamérica,Tribunal B,40,99.2,0,1,0,0.0,1,1
EXP-00459,asilo,Centroamérica,Tribunal A,25,16.1,0,0,1,0.0,0,0
EXP-00460,ajuste_estatus,Centroamérica,Tribunal D,32,42.6,0,0,1,0.0,0,0
EXP-00461,ajuste_estatus,Centroamérica,Tribunal B,31,0.0,0,1,0,1.0,0,0
EXP-00462,ajuste_estatus,Centroamérica,Tribunal D,34,76.1,1,1,0,0.0,1,0
EXP-00462,ajuste_estatus,Centroamérica,Tribunal D,13,72.1,0,1,0,0.0,0,0
EXP-00463,asilo,Sudamérica,Tribunal E,25,25.7,1,1,1,0.0,0,1
EXP-00463,asilo,Sudamérica,Tribunal E,20,18.1,0,1,1,0.0,0,1
EXP-00464,ajuste_estatus,México,Tribunal B,40,358.7,0,1,0,0.0,0,0
EXP-00465,asilo,Centroamérica,Tribunal F,47,19.0,2,1,0,0.0,0,1
EXP-00465,asilo,Centroamérica,Tribunal F,25,10.4,0,1,0,0.0,0,1
EXP-00465,asilo,Centroamérica,Tribunal F,14,16.9,0,1,0,0.0,0,1
EXP-00466,ajuste_estatus,México,Tribunal A,18,116.5,0,1,0,0.0,0,1
EXP-00467,asilo,Centroamérica,Tribunal D,30,99.3,0,1,1,0.0,0,1
EXP-00468,asilo,Centroamérica,Tribunal C,29,20.0,1,0,1,0.0,0,0
EXP-00468,asilo,Centroamérica,Tribunal C,33,12.9,0,0,1,0.0,0,0
EXP-00469,asilo,África,Tribunal A,30,29.8,0,1,0,1.0,0,1
EXP-00470,salida_voluntaria,México,Tribunal A,31,2.8,0,0,0,0.0,0,0
EXP-00471,asilo,Sudamérica,Tribunal B,27,166.1,0,1,0,0.0,0,0
EXP-00472,cancelacion,México,Tribunal D,34,126.6,0,1,0,0.0,0,1
EXP-00473,asilo,Centroamérica,Tribunal B,36,76.2,0,0,1,1.0,0,0
EXP-00474,salida_voluntaria,Sudamérica,Tribunal A,30,47.5,3,0,1,0.0,0,0
EXP-00474,salida_voluntaria,Sudamérica,Tribunal A,33,43.1,0,0,1,0.0,0,0
EXP-00474,salida_voluntaria,Sudamérica,Tribunal A,16,37.3,0,0,1,0.0,0,0
EXP-00474,salida_voluntaria,Sudamérica,Tribunal A,10,46.9,0,0,1,0.0,0,0
EXP-00475,asilo,Centroamérica,Tribunal A,34,78.3,0,0,0,1.0,0,0
EXP-00476,salida_voluntaria,Caribe,Tribunal A,21,80.7,0,1,1,0.0,0,1
EXP-00477,ajuste_estatus,México,Tribunal C,32,29.4,3,1,0,0.0,0,1
EXP-00477,ajuste_estatus,México,Tribunal C,18,,0,1,0,0.0,0,1
EXP-00477,ajuste_estatus,México,Tribunal C,2,28.6,0,1,0,0.0,0,1
EXP-00477,ajuste_estatus,México,Tribunal C,1,26.0,0,1,0,0.0,0,1
EXP-00478,miedo_creible,México,Tribunal D,28,29.8,0,1,0,0.0,0,0
EXP-00479,miedo_creible,Centroamérica,Tribunal C,38,37.1,2,1,0,1.0,0,0
EXP-00479,miedo_creible,Centroamérica,Tribunal C,28,30.4,0,1,0,1.0,0,0
EXP-00479,miedo_creible,Centroamérica,Tribunal C,4,34.1,0,1,0,1.0,0,0
EXP-00480,miedo_creible,Centroamérica,Tribunal D,54,62.1,0,1,0,1.0,0,0
EXP-00481,reinstalacion,México,Tribunal A,25,161.4,0,1,0,0.0,0,0
EXP-00482,asilo,Centroamérica,Tribunal B,23,40.4,2,0,0,0.0,0,0
EXP-00482,asilo,Centroamérica,Tribunal B,8,34.3,0,0,0,0.0,0,0
EXP-00482,asilo,Centroamérica,Tribunal B,14,32.5,0,0,0,0.0,0,0
EXP-00483,asilo,Centroamérica,Tribunal F,42,37.6,2,1,0,1.0,0,0
EXP-00483,asilo,Centroamérica,Tribunal F,2,28.1,0,1,0,1.0,0,0
EXP-00483,asilo,Centroamérica,Tribunal F,5,,0,1,0,1.0,0,0
EXP-00484,asilo,Centroamérica,Tribunal A,27,61.8,0,1,1,0.0,1,0
EXP-00485,asilo,Europa,Tribunal B,18,28.0,2,0,0,1.0,0,0
EXP-00485,asilo,Europa,Tribunal B,10,27.7,0,0,0,1.0,0,0
EXP-00485,asilo,Europa,Tribunal B,1,16.0,0,0,0,,0,0
EXP-00486,reinstalacion,México,Tribunal B,26,18.0,0,1,0,0.0,0,0
EXP-00487,asilo,Sudamérica,Tribunal C,18,53.2,0,0,0,0.0,0,0
EXP-00488,ajuste_estatus,Caribe,Tribunal C,18,41.5,1,1,0,1.0,0,1
EXP-00488,ajuste_estatus,Caribe,Tribunal C,34,41.9,0,1,0,1.0,0,1
EXP-00489,miedo_creible,Centroamérica,Tribunal D,36,33.7,0,1,0,1.0,0,0
EXP-00490,miedo_creible,Centroamérica,Tribunal C,36,40.7,0,1,1,0.0,0,0
EXP-00491,ajuste_estatus,Centroamérica,Tribunal B,31,55.1,3,1,1,1.0,0,0
EXP-00491,ajuste_estatus,Centroamérica,Tribunal B,15,44.7,0,1,1,1.0,0,0
EXP-00491,ajuste_estatus,Centroamérica,Tribunal B,12,43.0,0,1,1,1.0,0,0
EXP-00491,ajuste_estatus,Centroamérica,Tribunal B,1,51.2,0,1,1,1.0,0,0
EXP-00492,cancelacion,África,Tribunal F,18,133.4,0,0,1,,0,0
EXP-00493,asilo,Centroamérica,Tribunal A,38,89.0,0,1,1,0.0,1,0
EXP-00494,salida_voluntaria,Centroamérica,Tribunal E,27,13.0,1,1,1,0.0,0,1
EXP-00494,salida_voluntaria,Centroamérica,Tribunal E,31,0.0,0,1,1,0.0,0,1
EXP-00495,ajuste_estatus,Caribe,Tribunal D,41,21.7,0,1,1,0.0,0,0
EXP-00496,miedo_creible,México,Tribunal B,30,126.2,0,1,0,0.0,1,0
EXP-00497,ajuste_estatus,Centroamérica,Tribunal B,43,,0,1,0,0.0,0,1
EXP-00498,reinstalacion,México,Tribunal D,26,29.1,0,1,0,0.0,0,0
EXP-00499,miedo_creible,Sudamérica,Tribunal A,19,123.6,0,1,0,1.0,1,0
EXP-00500,cancelacion,Caribe,Tribunal B,33,204.8,0,1,1,1.0,0,1
EXP-00501,miedo_creible,Centroamérica,Tribunal B,37,1.2,0,1,0,1.0,0,0
EXP-00502,asilo,Centroamérica,Tribunal A,24,39.3,4,0,1,0.0,0,0
EXP-00502,asilo,Centroamérica,Tribunal A,10,34.6,0,0,1,0.0,0,0
EXP-00502,asilo,Centroamérica,Tribunal A,7,30.7,0,0,1,0.0,0,0
EXP-00502,asilo,Centroamérica,Tribunal A,12,42.3,0,0,1,0.0,0,0
EXP-00502,asilo,Centroamérica,Tribunal A,1,34.0,0,0,1,0.0,0,0
EXP-00503,asilo,África,Tribunal A,25,54.0,0,0,0,1.0,0,0
EXP-00504,asilo,Asia,Tribunal B,24,41.3,0,1,1,1.0,0,1
EXP-00505,ajuste_estatus,Sudamérica,Tribunal E,22,57.4,1,1,1,0.0,0,0
EXP-00505,ajuste_estatus,Sudamérica,Tribunal E,31,49.2,0,1,1,0.0,0,0
EXP-00506,reinstalacion,México,Tribunal B,26,26.4,0,1,1,0.0,0,0
EXP-00507,reinstalacion,México,Tribunal A,22,65.4,0,1,1,0.0,0,0
EXP-00508,cancelacion,Asia,Tribunal A,30,188.2,0,1,0,1.0,0,1
EXP-00509,miedo_creible,África,Tribunal A,40,75.3,0,1,1,1.0,0,0
EXP-00510,miedo_creible,Centroamérica,Tribunal F,42,264.1,0,1,1,0.0,0,0
EXP-00511,miedo_creible,México,Tribunal A,37,47.0,0,1,1,0.0,0,0
EXP-00512,miedo_creible,Sudamérica,Tribunal D,18,29.8,0,1,0,0.0,0,0
EXP-00513,cancelacion,Centroamérica,Tribunal A,35,150.2,2,0,1,0.0,1,0
EXP-00513,cancelacion,Centroamérica,Tribunal A,5,140.1,0,0,1,0.0,0,0
EXP-00513,cancelacion,Centroamérica,Tribunal A,4,141.2,0,0,1,0.0,0,0
EXP-00514,asilo,Sudamérica,Tribunal B,30,20.3,3,1,1,0.0,0,0
EXP-00514,asilo,Sudamérica,Tribunal B,23,14.1,0,1,1,0.0,0,0
EXP-00514,asilo,Sudamérica,Tribunal B,1,10.3,0,1,1,,0,0
EXP-00514,asilo,Sudamérica,Tribunal B,12,13.2,0,1,1,0.0,0,0
EXP-00515,asilo,Europa,Tribunal B,47,10.7,0,0,0,1.0,0,0
EXP-00516,cancelacion,Centroamérica,Tribunal C,32,139.0,0,1,0,,0,0
EXP-00517,cancelacion,México,Tribunal C,18,240.1,1,1,0,0.0,0,0
EXP-00517,cancelacion,México,Tribunal C,1,229.4,0,1,0,0.0,0,0
EXP-00518,asilo,Centroamérica,Tribunal A,24,97.6,1,0,1,0.0,0,0
EXP-00518,asilo,Centroamérica,Tribunal A,36,87.8,0,0,1,0.0,0,0
EXP-00519,asilo,México,Tribunal A,30,63.6,0,0,1,0.0,0,0
EXP-00520,asilo,Europa,Tribunal C,30,1.9,0,1,1,1.0,0,0
EXP-00521,ajuste_estatus,México,Tribunal B,28,77.0,0,1,0,0.0,0,0
EXP-00522,asilo,Asia,Tribunal E,33,,0,1,1,1.0,0,0
EXP-00523,reinstalacion,México,Tribunal A,31,111.1,0,1,0,0.0,0,0
EXP-00524,ajuste_estatus,México,Tribunal F,28,25.6,0,1,0,0.0,0,1
EXP-00525,ajuste_estatus,México,Tribunal E,32,87.4,1,1,1,0.0,0,0
EXP-00525,ajuste_estatus,México,Tribunal E,2,80.7,0,1,1,0.0,0,0
EXP-00526,asilo,Centroamérica,Tribunal B,35,109.8,0,0,0,0.0,0,0
EXP-00527,reinstalacion,Asia,Tribunal B,29,121.9,0,1,0,1.0,0,0
EXP-00528,miedo_creible,Sudamérica,Tribunal D,24,96.6,0,1,0,0.0,0,0
EXP-00529,salida_voluntaria,Caribe,Tribunal C,18,,2,1,0,1.0,0,0
EXP-00529,salida_voluntaria,Caribe,Tribunal C,31,54.9,0,1,0,1.0,0,0
EXP-00529,salida_voluntaria,Caribe,Tribunal C,14,46.8,0,1,0,1.0,0,0
EXP-00530,asilo,Centroamérica,Tribunal C,18,50.1,0,0,0,0.0,0,0
EXP-00531,asilo,Sudamérica,Tribunal A,18,102.9,0,1,0,0.0,0,0
EXP-00532,reinstalacion,México,Tribunal E,36,56.1,1,1,0,0.0,0,0
EXP-00532,reinstalacion,México,Tribunal E,10,56.1,0,1,0,0.0,0,0
EXP-00533,asilo,Caribe,Tribunal B,19,54.4,2,1,0,1.0,0,1
EXP-00533,asilo,Caribe,Tribunal B,2,54.6,0,1,0,1.0,0,1
EXP-00533,asilo,Caribe,Tribunal B,8,48.7,0,1,0,1.0,0,1
EXP-00534,miedo_creible,África,Tribunal E,37,64.4,0,1,1,1.0,0,0
EXP-00535,reinstalacion,México,Tribunal D,22,68.6,0,1,1,0.0,0,0
EXP-00536,salida_voluntaria,Centroamérica,Tribunal C,28,143.4,0,0,0,1.0,0,0
EXP-00537,asilo,Centroamérica,Tribunal D,21,118.4,2,0,0,,0,0
EXP-00537,asilo,Centroamérica,Tribunal D,25,113.5,0,0,0,1.0,0,0
EXP-00537,asilo,Centroamérica,Tribunal D,15,111.8,0,0,0,1.0,0,0
EXP-00538,reinstalacion,México,Tribunal C,35,,0,0,0,0.0,0,0
EXP-00539,ajuste_estatus,México,Tribunal A,25,93.2,0,1,1,0.0,1,0
EXP-00540,ajuste_estatus,Centroamérica,Tribunal A,36,44.9,0,1,1,0.0,0,0
EXP-00541,cancelacion,Centroamérica,Tribunal A,20,136.5,0,0,0,0.0,0,0
EXP-00542,asilo,Centroamérica,Tribunal C,25,100.1,0,1,0,0.0,1,1
EXP-00543,reinstalacion,Europa,Tribunal C,21,12.7,0,1,1,0.0,0,0
EXP-00544,reinstalacion,África,Tribunal C,27,62.2,0,1,1,1.0,1,0
EXP-00545,asilo,Caribe,Tribunal F,37,78.2,2,0,0,0.0,0,0
EXP-00545,asilo,Caribe,Tribunal F,9,75.6,0,0,0,0.0,0,0
EXP-00545,asilo,Caribe,Tribunal F,13,,0,0,0,0.0,0,0
EXP-00546,reinstalacion,México,Tribunal A,44,35.3,3,0,0,0.0,0,0
EXP-00546,reinstalacion,México,Tribunal A,34,26.3,0,0,0,0.0,0,0
EXP-00546,reinstalacion,México,Tribunal A,15,23.7,0,0,0,0.0,0,0
EXP-00546,reinstalacion,México,Tribunal A,16,28.7,0,0,0,0.0,0,0
EXP-00547,asilo,Europa,Tribunal A,38,32.4,0,1,1,1.0,0,0
EXP-00548,reinstalacion,México,Tribunal C,18,19.6,0,1,0,0.0,1,0
EXP-00549,asilo,Centroamérica,Tribunal D,40,41.0,1,1,0,0.0,0,1
EXP-00549,asilo,Centroamérica,Tribunal D,34,41.3,0,1,0,0.0,0,1
EXP-00550,reinstalacion,México,Tribunal F,35,34.6,0,1,1,0.0,0,0
EXP-00551,asilo,Europa,Tribunal B,26,0.0,0,0,0,1.0,0,0
EXP-00552,salida_voluntaria,Centroamérica,Tribunal A,33,,3,1,0,0.0,1,0
EXP-00552,salida_voluntaria,Centroamérica,Tribunal A,35,15.4,0,1,0,0.0,0,0
EXP-00552,salida_voluntaria,Centroamérica,Tribunal A,4,15.1,0,1,0,0.0,0,0
EXP-00552,salida_voluntaria,Centroamérica,Tribunal A,5,11.7,0,1,0,0.0,0,0
EXP-00553,reinstalacion,México,Tribunal E,24,17.2,0,1,0,1.0,0,0
EXP-00554,salida_voluntaria,África,Tribunal A,32,60.6,0,1,0,1.0,1,1
EXP-00555,reinstalacion,México,Tribunal D,26,93.6,0,1,0,0.0,0,0
EXP-00556,asilo,Centroamérica,Tribunal D,38,38.0,0,1,1,1.0,0,1
EXP-00557,miedo_creible,Centroamérica,Tribunal F,41,20.1,2,1,0,0.0,1,0
EXP-00557,miedo_creible,Centroamérica,Tribunal F,35,19.1,0,1,0,0.0,0,0
EXP-00557,miedo_creible,Centroamérica,Tribunal F,1,14.4,0,1,0,0.0,0,0
EXP-00558,reinstalacion,Centroamérica,Tribunal B,35,38.2,0,1,0,1.0,0,0
EXP-00559,miedo_creible,Sudamérica,Tribunal A,45,41.0,0,1,0,0.0,0,0
EXP-00560,asilo,Centroamérica,Tribunal C,44,57.2,1,1,0,1.0,0,1
EXP-00560,asilo,Centroamérica,Tribunal C,39,44.8,0,1,0,1.0,0,1
EXP-00561,asilo,Centroamérica,Tribunal E,35,48.1,2,1,1,0.0,0,1
EXP-00561,asilo,Centroamérica,Tribunal E,1,38.1,0,1,1,0.0,0,1
EXP-00561,asilo,Centroamérica,Tribunal E,12,38.3,0,1,1,0.0,0,1
EXP-00562,asilo,Centroamérica,Tribunal A,41,63.4,0,1,1,0.0,0,0
EXP-00563,reinstalacion,Sudamérica,Tribunal C,31,18.2,0,0,0,0.0,0,0
EXP-00564,asilo,Sudamérica,Tribunal C,18,17.2,0,0,1,0.0,0,0
EXP-00565,cancelacion,Centroamérica,Tribunal C,33,339.9,3,0,1,0.0,0,0
EXP-00565,cancelacion,Centroamérica,Tribunal C,9,343.5,0,0,1,0.0,0,0
EXP-00565,cancelacion,Centroamérica,Tribunal C,8,343.9,0,0,1,0.0,0,0
EXP-00565,cancelacion,Centroamérica,Tribunal C,1,343.7,0,0,1,0.0,0,0
EXP-00566,cancelacion,Sudamérica,Tribunal C,47,149.3,0,0,1,0.0,1,0
EXP-00567,ajuste_estatus,México,Tribunal E,24,28.0,0,1,0,0.0,0,1
EXP-00568,miedo_creible,Centroamérica,Tribunal C,18,30.4,0,1,0,0.0,0,0
EXP-00569,cancelacion,África,Tribunal D,40,167.6,0,0,0,1.0,0,0
EXP-00570,asilo,Asia,Tribunal D,33,53.8,0,0,0,1.0,0,0
EXP-00571,asilo,Centroamérica,Tribunal D,28,29.0,0,1,1,0.0,0,1
EXP-00572,salida_voluntaria,Sudamérica,Tribunal C,27,22.4,0,1,0,1.0,0,1
EXP-00573,salida_voluntaria,Centroamérica,Tribunal E,22,52.0,2,1,1,1.0,1,1
EXP-00573,salida_voluntaria,Centroamérica,Tribunal E,39,43.0,0,1,1,1.0,0,1
EXP-00573,salida_voluntaria,Centroamérica,Tribunal E,4,44.6,0,1,1,1.0,0,1
EXP-00574,salida_voluntaria,Centroamérica,Tribunal A,18,74.8,0,1,0,0.0,0,1
EXP-00575,asilo,África,Tribunal B,42,31.6,0,1,1,1.0,0,1
EXP-00576,cancelacion,Sudamérica,Tribunal D,43,122.2,2,1,0,1.0,0,1
EXP-00576,cancelacion,Sudamérica,Tribunal D,28,112.4,0,1,0,1.0,0,1
EXP-00576,cancelacion,Sudamérica,Tribunal D,10,121.4,0,1,0,1.0,0,1
EXP-00577,salida_voluntaria,México,Tribunal A,43,7.8,0,0,1,0.0,0,0
EXP-00578,miedo_creible,Europa,Tribunal B,19,75.0,0,1,1,1.0,0,0
EXP-00579,reinstalacion,Centroamérica,Tribunal F,41,88.9,0,1,0,0.0,1,0
EXP-00580,salida_voluntaria,México,Tribunal A,36,50.8,0,1,0,0.0,1,1
EXP-00581,asilo,Centroamérica,Tribunal A,25,5.5,0,0,1,1.0,0,0
EXP-00582,salida_voluntaria,México,Tribunal B,31,22.0,1,1,0,0.0,1,0
EXP-00582,salida_voluntaria,México,Tribunal B,22,10.4,0,1,0,0.0,0,0
EXP-00583,asilo,México,Tribunal D,35,44.0,0,1,1,0.0,0,1
EXP-00584,asilo,Caribe,Tribunal A,35,59.0,2,0,1,0.0,0,0
EXP-00584,asilo,Caribe,Tribunal A,16,59.4,0,0,1,0.0,0,0
EXP-00584,asilo,Caribe,Tribunal A,12,53.1,0,0,1,0.0,0,0
EXP-00585,miedo_creible,Centroamérica,Tribunal D,31,26.0,0,1,0,0.0,1,0
EXP-00586,asilo,Centroamérica,Tribunal E,33,66.8,0,1,0,0.0,0,0
EXP-00587,asilo,África,Tribunal A,30,15.7,0,0,0,1.0,0,0
EXP-00588,asilo,Centroamérica,Tribunal B,31,52.4,0,1,1,1.0,0,1
EXP-00589,miedo_creible,Caribe,Tribunal A,22,137.1,0,1,0,1.0,0,0
EXP-00590,salida_voluntaria,México,Tribunal A,44,21.3,0,0,0,0.0,0,0
EXP-00591,miedo_creible,Sudamérica,Tribunal D,32,28.2,0,1,1,1.0,1,0
EXP-00592,asilo,Sudamérica,Tribunal C,36,14.5,2,1,1,1.0,1,1
EXP-00592,asilo,Sudamérica,Tribunal C,41,6.0,0,1,1,1.0,0,1
EXP-00592,asilo,Sudamérica,Tribunal C,14,8.3,0,1,1,1.0,0,1
EXP-00593,reinstalacion,México,Tribunal B,18,20.3,0,1,0,0.0,1,0
EXP-00594,salida_voluntaria,África,Tribunal C,30,84.0,0,0,1,1.0,1,0
EXP-00595,reinstalacion,Centroamérica,Tribunal B,18,18.1,2,1,0,0.0,0,0
EXP-00595,reinstalacion,Centroamérica,Tribunal B,33,4.9,0,1,0,0.0,0,0
EXP-00595,reinstalacion,Centroamérica,Tribunal B,8,7.8,0,1,0,0.0,0,0
EXP-00596,salida_voluntaria,Sudamérica,Tribunal D,21,11.8,0,0,0,0.0,0,0
EXP-00597,salida_voluntaria,México,Tribunal A,23,12.8,0,1,0,0.0,0,0
EXP-00598,miedo_creible,Centroamérica,Tribunal D,24,10.7,0,1,1,0.0,0,0
EXP-00599,reinstalacion,México,Tribunal B,51,61.4,0,1,1,0.0,0,0
EXP-00600,asilo,Caribe,Tribunal A,28,25.4,0,1,0,1.0,0,1
EXP-00601,reinstalacion,México,Tribunal A,30,117.4,0,1,0,,0,0
EXP-00602,asilo,Centroamérica,Tribunal B,40,101.6,0,0,1,1.0,0,0
EXP-00603,salida_voluntaria,Asia,Tribunal C,23,13.6,0,1,1,1.0,0,0
EXP-00604,salida_voluntaria,Centroamérica,Tribunal A,18,33.2,0,0,1,0.0,0,0
EXP-00605,salida_voluntaria,México,Tribunal A,28,32.7,0,1,0,0.0,0,0
EXP-00606,salida_voluntaria,Centroamérica,Tribunal B,32,69.4,1,0,1,0.0,0,0
EXP-00606,salida_voluntaria,Centroamérica,Tribunal B,41,63.7,0,0,1,0.0,0,0
EXP-00607,reinstalacion,Centroamérica,Tribunal E,18,64.7,0,1,0,0.0,0,0
EXP-00608,reinstalacion,México,Tribunal A,28,83.2,0,1,1,0.0,0,0
EXP-00609,ajuste_estatus,Centroamérica,Tribunal D,23,124.4,3,1,0,0.0,0,1
EXP-00609,ajuste_estatus,Centroamérica,Tribunal D,48,117.5,0,1,0,0.0,0,1
EXP-00609,ajuste_estatus,Centroamérica,Tribunal D,1,120.1,0,1,0,0.0,0,1
EXP-00609,ajuste_estatus,Centroamérica,Tribunal D,3,120.8,0,1,0,0.0,0,1
EXP-00610,miedo_creible,Centroamérica,Tribunal A,33,47.1,0,1,1,0.0,0,0
EXP-00611,miedo_creible,Centroamérica,Tribunal B,45,40.8,0,1,0,0.0,1,0
EXP-00612,asilo,Centroamérica,Tribunal A,23,47.1,3,0,1,0.0,0,0
EXP-00612,asilo,Centroamérica,Tribunal A,9,44.9,0,0,1,0.0,0,0
EXP-00612,asilo,Centroamérica,Tribunal A,14,46.1,0,0,1,0.0,0,0
EXP-00612,asilo,Centroamérica,Tribunal A,4,35.6,0,0,1,0.0,0,0
EXP-00613,salida_voluntaria,Sudamérica,Tribunal A,21,,0,1,0,1.0,0,1
EXP-00614,asilo,Centroamérica,Tribunal D,39,93.9,1,1,0,1.0,0,0
EXP-00614,asilo,Centroamérica,Tribunal D,15,,0,1,0,1.0,0,0
EXP-00615,miedo_creible,Caribe,Tribunal F,56,,0,1,0,0.0,0,0
EXP-00616,asilo,Sudamérica,Tribunal B,29,93.7,0,0,1,0.0,0,0
EXP-00617,asilo,Centroamérica,Tribunal A,20,7.2,2,0,0,0.0,0,0
EXP-00617,asilo,Centroamérica,Tribunal A,22,0.0,0,0,0,0.0,0,0
EXP-00617,asilo,Centroamérica,Tribunal A,7,0.0,0,0,0,0.0,0,0
EXP-00618,miedo_creible,Asia,Tribunal A,19,24.7,0,1,1,1.0,0,0
EXP-00619,asilo,Centroamérica,Tribunal A,32,35.2,0,0,1,0.0,0,0
EXP-00620,salida_voluntaria,Centroamérica,Tribunal A,33,51.9,3,1,0,0.0,0,0
EXP-00620,salida_voluntaria,Centroamérica,Tribunal A,33,40.1,0,1,0,0.0,0,0
EXP-00620,salida_voluntaria,Centroamérica,Tribunal A,15,43.6,0,1,0,0.0,0,0
EXP-00620,salida_voluntaria,Centroamérica,Tribunal A,15,40.2,0,1,0,0.0,0,0
EXP-00621,reinstalacion,Centroamérica,Tribunal C,40,41.4,2,1,1,1.0,1,0
EXP-00621,reinstalacion,Centroamérica,Tribunal C,16,41.3,0,1,1,1.0,0,0
EXP-00621,reinstalacion,Centroamérica,Tribunal C,9,36.5,0,1,1,1.0,0,0
EXP-00622,miedo_creible,Sudamérica,Tribunal B,31,,0,1,0,0.0,0,0
EXP-00623,miedo_creible,Caribe,Tribunal A,28,105.1,0,1,0,0.0,0,0
EXP-00624,asilo,Sudamérica,Tribunal D,31,,1,0,0,1.0,0,0
EXP-00624,asilo,Sudamérica,Tribunal D,27,6.2,0,0,0,1.0,0,0
EXP-00625,miedo_creible,México,Tribunal A,40,19.5,0,1,0,0.0,1,0
EXP-00626,reinstalacion,Sudamérica,Tribunal C,35,1.9,0,1,1,0.0,0,0
EXP-00627,ajuste_estatus,México,Tribunal B,47,20.3,0,1,0,0.0,0,1
EXP-00628,ajuste_estatus,México,Tribunal B,22,54.4,0,1,1,0.0,0,1
EXP-00629,reinstalacion,México,Tribunal D,32,63.9,0,1,0,0.0,0,0
EXP-00630,asilo,Centroamérica,Tribunal C,30,53.1,3,0,0,0.0,0,0
EXP-00630,asilo,Centroamérica,Tribunal C,13,43.3,0,0,0,0.0,0,0
EXP-00630,asilo,Centroamérica,Tribunal C,11,51.1,0,0,0,0.0,0,0
EXP-00630,asilo,Centroamérica,Tribunal C,3,45.0,0,0,0,0.0,0,0
EXP-00631,asilo,Caribe,Tribunal C,18,198.3,0,0,0,0.0,0,0
EXP-00632,asilo,Centroamérica,Tribunal E,18,34.5,0,1,0,0.0,0,0
EXP-00633,ajuste_estatus,Centroamérica,Tribunal C,25,12.3,0,1,0,0.0,0,0
EXP-00634,asilo,Sudamérica,Tribunal B,31,85.2,0,1,0,0.0,0,1
EXP-00635,asilo,México,Tribunal F,30,83.6,1,0,0,0.0,0,0
EXP-00635,asilo,México,Tribunal F,14,77.1,0,0,0,0.0,0,0
EXP-00636,salida_voluntaria,Centroamérica,Tribunal B,18,59.7,0,1,1,1.0,1,0
EXP-00637,asilo,Europa,Tribunal B,20,12.5,0,0,1,1.0,0,0
EXP-00638,asilo,Centroamérica,Tribunal C,29,34.1,0,1,1,0.0,0,0
EXP-00639,miedo_creible,Centroamérica,Tribunal D,35,,0,1,1,0.0,0,0
EXP-00640,asilo,Caribe,Tribunal B,32,36.5,1,1,1,0.0,0,1
EXP-00640,asilo,Caribe,Tribunal B,23,21.7,0,1,1,0.0,0,1
EXP-00641,reinstalacion,Centroamérica,Tribunal D,35,43.5,0,1,0,0.0,0,0
EXP-00642,cancelacion,África,Tribunal A,25,172.1,0,1,1,1.0,0,1
EXP-00643,miedo_creible,Caribe,Tribunal A,18,208.2,0,1,0,0.0,1,0
EXP-00644,ajuste_estatus,Centroamérica,Tribunal D,52,61.1,0,1,1,0.0,0,1
EXP-00645,asilo,África,Tribunal B,33,135.4,0,0,1,1.0,0,0
EXP-00646,reinstalacion,Centroamérica,Tribunal A,48,51.9,0,0,1,0.0,0,0
EXP-00647,asilo,Centroamérica,Tribunal C,21,81.3,0,1,0,0.0,0,0
EXP-00648,reinstalacion,México,Tribunal C,22,35.5,0,1,0,0.0,0,0
EXP-00649,asilo,Centroamérica,Tribunal C,25,60.4,0,0,1,1.0,1,0
EXP-00650,asilo,Centroamérica,Tribunal D,40,13.5,0,0,1,0.0,0,0
EXP-00651,salida_voluntaria,México,Tribunal D,41,64.4,0,0,1,0.0,0,0
EXP-00652,salida_voluntaria,Centroamérica,Tribunal B,18,17.1,3,1,0,1.0,1,1
EXP-00652,salida_voluntaria,Centroamérica,Tribunal B,5,6.3,0,1,0,1.0,0,1
EXP-00652,salida_voluntaria,Centroamérica,Tribunal B,7,5.6,0,1,0,1.0,0,1
EXP-00652,salida_voluntaria,Centroamérica,Tribunal B,8,7.6,0,1,0,1.0,0,1
EXP-00653,miedo_creible,Europa,Tribunal A,37,37.2,0,1,1,1.0,1,0
EXP-00654,asilo,Caribe,Tribunal E,37,38.6,2,1,0,1.0,1,0
EXP-00654,asilo,Caribe,Tribunal E,2,26.1,0,1,0,1.0,0,0
EXP-00654,asilo,Caribe,Tribunal E,5,32.2,0,1,0,1.0,0,0
EXP-00655,asilo,Sudamérica,Tribunal C,31,45.7,0,1,1,0.0,0,1
EXP-00656,asilo,Centroamérica,Tribunal A,33,138.5,0,0,1,0.0,0,0
EXP-00657,cancelacion,Centroamérica,Tribunal C,18,168.8,1,1,1,0.0,0,1
EXP-00657,cancelacion,Centroamérica,Tribunal C,31,158.9,0,1,1,0.0,0,1
EXP-00658,ajuste_estatus,Asia,Tribunal E,48,37.3,1,1,1,1.0,0,1
EXP-00658,ajuste_estatus,Asia,Tribunal E,33,37.0,0,1,1,1.0,0,1
EXP-00659,asilo,Centroamérica,Tribunal C,31,195.3,0,0,1,1.0,0,0
EXP-00660,miedo_creible,África,Tribunal A,45,39.8,0,1,1,1.0,0,0
EXP-00661,asilo,Caribe,Tribunal A,21,27.1,0,1,0,0.0,0,1
EXP-00662,miedo_creible,Sudamérica,Tribunal D,31,1.0,0,1,1,1.0,1,0
EXP-00663,asilo,Caribe,Tribunal A,29,26.1,0,1,0,0.0,1,0
EXP-00664,salida_voluntaria,México,Tribunal B,18,29.3,4,0,1,0.0,0,0
EXP-00664,salida_voluntaria,México,Tribunal B,32,21.5,0,0,1,0.0,0,0
EXP-00664,salida_voluntaria,México,Tribunal B,16,25.6,0,0,1,0.0,0,0
EXP-00664,salida_voluntaria,México,Tribunal B,16,23.2,0,0,1,0.0,0,0
EXP-00664,salida_voluntaria,México,Tribunal B,9,24.5,0,0,1,0.0,0,0
EXP-00665,asilo,Centroamérica,Tribunal B,35,11.9,1,0,0,0.0,0,0
EXP-00665,asilo,Centroamérica,Tribunal B,10,8.2,0,0,0,0.0,0,0
EXP-00666,miedo_creible,Centroamérica,Tribunal B,31,86.1,0,1,1,0.0,0,0
EXP-00667,cancelacion,México,Tribunal B,23,242.2,0,0,0,1.0,0,0
EXP-00668,salida_voluntaria,Centroamérica,Tribunal A,29,93.2,0,1,0,0.0,0,0
EXP-00669,reinstalacion,Caribe,Tribunal E,28,190.7,0,1,0,1.0,0,0
EXP-00670,miedo_creible,Sudamérica,Tribunal A,25,6.8,0,1,1,0.0,1,0
EXP-00671,asilo,México,Tribunal B,28,43.0,0,0,1,0.0,0,0
EXP-00672,ajuste_estatus,México,Tribunal E,19,73.9,0,1,0,0.0,0,0
EXP-00673,asilo,Centroamérica,Tribunal C,40,107.9,1,1,1,0.0,1,1
EXP-00673,asilo,Centroamérica,Tribunal C,39,104.7,0,1,1,0.0,0,1
EXP-00674,salida_voluntaria,Centroamérica,Tribunal A,32,55.3,0,1,0,0.0,1,0
EXP-00675,asilo,Centroamérica,Tribunal D,18,21.4,2,1,1,0.0,1,0
EXP-00675,asilo,Centroamérica,Tribunal D,14,16.0,0,1,1,0.0,0,0
EXP-00675,asilo,Centroamérica,Tribunal D,10,12.9,0,1,1,0.0,0,0
EXP-00676,miedo_creible,Centroamérica,Tribunal B,27,112.6,0,1,0,0.0,1,0
EXP-00677,cancelacion,Asia,Tribunal A,35,148.4,0,1,0,0.0,0,1
EXP-00678,cancelacion,México,Tribunal F,21,160.0,0,1,0,0.0,0,0
EXP-00679,reinstalacion,Europa,Tribunal E,32,83.5,0,1,0,1.0,0,0
EXP-00680,asilo,Centroamérica,Tribunal E,18,28.1,3,1,0,1.0,1,0
EXP-00680,asilo,Centroamérica,Tribunal E,29,29.6,0,1,0,1.0,0,0
EXP-00680,asilo,Centroamérica,Tribunal E,16,30.5,0,1,0,1.0,0,0
EXP-00680,asilo,Centroamérica,Tribunal E,12,23.2,0,1,0,1.0,0,0
EXP-00681,asilo,Caribe,Tribunal F,32,20.4,0,1,0,1.0,1,0
EXP-00682,miedo_creible,Centroamérica,Tribunal A,40,13.7,0,1,0,0.0,0,0
EXP-00683,asilo,Asia,Tribunal C,39,1.6,3,1,0,1.0,0,1
EXP-00683,asilo,Asia,Tribunal C,18,0.0,0,1,0,1.0,0,1
EXP-00683,asilo,Asia,Tribunal C,9,2.3,0,1,0,1.0,0,1
EXP-00683,asilo,Asia,Tribunal C,3,1.3,0,1,0,1.0,0,1
EXP-00684,reinstalacion,Sudamérica,Tribunal B,42,54.5,0,1,0,1.0,0,0
EXP-00685,asilo,Centroamérica,Tribunal E,31,24.3,0,1,0,1.0,0,0
EXP-00686,asilo,Centroamérica,Tribunal C,18,2.0,3,0,0,0.0,0,0
EXP-00686,asilo,Centroamérica,Tribunal C,23,0.0,0,0,0,0.0,0,0
EXP-00686,asilo,Centroamérica,Tribunal C,11,,0,0,0,0.0,0,0
EXP-00686,asilo,Centroamérica,Tribunal C,9,0.0,0,0,0,0.0,0,0
EXP-00687,salida_voluntaria,México,Tribunal A,32,97.0,0,0,1,0.0,0,0
EXP-00688,reinstalacion,Sudamérica,Tribunal C,29,70.6,0,1,0,0.0,0,0
EXP-00689,asilo,Sudamérica,Tribunal A,28,17.9,1,1,1,0.0,0,0
EXP-00689,asilo,Sudamérica,Tribunal A,23,7.9,0,1,1,0.0,0,0
EXP-00690,reinstalacion,México,Tribunal C,35,42.7,0,1,0,0.0,0,0
EXP-00691,asilo,Caribe,Tribunal F,19,73.8,0,1,0,1.0,0,1
EXP-00692,asilo,Sudamérica,Tribunal C,40,101.2,0,1,0,1.0,0,1
EXP-00693,ajuste_estatus,México,Tribunal A,22,115.8,0,1,0,0.0,0,1
EXP-00694,ajuste_estatus,Centroamérica,Tribunal C,34,101.6,0,0,1,0.0,0,0
EXP-00695,cancelacion,México,Tribunal B,29,142.6,0,0,1,0.0,0,0
EXP-00696,salida_voluntaria,Centroamérica,Tribunal D,28,60.1,0,0,1,1.0,0,0
EXP-00697,asilo,Centroamérica,Tribunal F,39,119.4,2,0,1,0.0,0,0
EXP-00697,asilo,Centroamérica,Tribunal F,13,120.6,0,0,1,0.0,0,0
EXP-00697,asilo,Centroamérica,Tribunal F,16,,0,0,1,0.0,0,0
EXP-00698,salida_voluntaria,Sudamérica,Tribunal A,33,123.5,1,1,1,0.0,0,1
EXP-00698,salida_voluntaria,Sudamérica,Tribunal A,25,107.7,0,1,1,0.0,0,1
EXP-00699,asilo,Asia,Tribunal B,30,95.5,0,1,0,1.0,0,0
EXP-00700,reinstalacion,Sudamérica,Tribunal D,24,48.8,0,1,0,0.0,0,0
EXP-00701,reinstalacion,Europa,Tribunal F,32,33.7,0,1,0,0.0,0,0
EXP-00702,ajuste_estatus,Caribe,Tribunal B,26,11.2,0,0,0,0.0,0,0
EXP-00703,asilo,México,Tribunal A,44,71.4,1,1,1,0.0,0,1
EXP-00703,asilo,México,Tribunal A,33,59.5,0,1,1,0.0,0,1
EXP-00704,ajuste_estatus,Caribe,Tribunal A,28,58.3,0,1,0,1.0,0,1
EXP-00705,salida_voluntaria,México,Tribunal D,28,71.5,0,0,1,0.0,0,0
EXP-00706,salida_voluntaria,Centroamérica,Tribunal B,39,17.6,0,0,0,0.0,0,0
EXP-00707,reinstalacion,Caribe,Tribunal C,21,43.5,0,1,0,1.0,0,0
EXP-00708,asilo,Asia,Tribunal A,31,27.5,3,0,1,1.0,0,0
EXP-00708,asilo,Asia,Tribunal A,16,,0,0,1,1.0,0,0
EXP-00708,asilo,Asia,Tribunal A,10,,0,0,1,1.0,0,0
EXP-00708,asilo,Asia,Tribunal A,15,25.9,0,0,1,1.0,0,0
EXP-00709,miedo_creible,Centroamérica,Tribunal E,38,29.5,0,1,0,0.0,0,0
EXP-00710,ajuste_estatus,Caribe,Tribunal A,26,88.3,0,1,0,1.0,1,1
EXP-00711,salida_voluntaria,Centroamérica,Tribunal F,35,110.9,1,1,0,0.0,0,1
EXP-00711,salida_voluntaria,Centroamérica,Tribunal F,35,101.8,0,1,0,0.0,0,1
EXP-00712,salida_voluntaria,México,Tribunal B,30,144.8,0,1,0,0.0,0,1
EXP-00713,asilo,Centroamérica,Tribunal C,25,23.9,0,1,0,0.0,0,0
EXP-00714,asilo,Sudamérica,Tribunal D,19,162.0,0,0,1,0.0,0,0
EXP-00715,salida_voluntaria,Centroamérica,Tribunal A,30,33.4,0,1,0,0.0,0,1
EXP-00716,ajuste_estatus,Centroamérica,Tribunal F,20,73.6,0,1,0,1.0,1,0
EXP-00717,salida_voluntaria,Sudamérica,Tribunal F,23,7.7,0,0,1,1.0,0,0
EXP-00718,asilo,México,Tribunal E,41,25.7,1,1,1,0.0,1,1
EXP-00718,asilo,México,Tribunal E,1,17.9,0,1,1,0.0,0,1
EXP-00719,asilo,Caribe,Tribunal B,32,27.8,0,1,0,1.0,0,1
EXP-00720,miedo_creible,Sudamérica,Tribunal B,18,150.8,0,1,0,0.0,0,0
EXP-00721,asilo,Centroamérica,Tribunal B,29,31.5,0,0,0,0.0,0,0
EXP-00722,miedo_creible,México,Tribunal E,37,80.1,0,1,0,0.0,0,0
EXP-00723,asilo,Sudamérica,Tribunal E,31,56.1,3,0,1,0.0,0,0
EXP-00723,asilo,Sudamérica,Tribunal E,33,48.8,0,0,1,0.0,0,0
EXP-00723,asilo,Sudamérica,Tribunal E,11,49.9,0,0,1,0.0,0,0
EXP-00723,asilo,Sudamérica,Tribunal E,10,49.2,0,0,1,0.0,0,0
EXP-00724,cancelacion,Centroamérica,Tribunal C,42,148.5,0,0,0,,0,0
EXP-00725,miedo_creible,África,Tribunal A,28,,0,1,1,1.0,1,0
EXP-00726,asilo,México,Tribunal F,18,15.8,0,1,0,0.0,0,0
EXP-00727,asilo,Sudamérica,Tribunal A,21,117.7,0,1,0,0.0,0,1
EXP-00728,ajuste_estatus,México,Tribunal D,19,179.1,4,0,0,0.0,0,0
EXP-00728,ajuste_estatus,México,Tribunal D,9,174.6,0,0,0,,0,0
EXP-00728,ajuste_estatus,México,Tribunal D,14,170.2,0,0,0,0.0,0,0
EXP-00728,ajuste_estatus,México,Tribunal D,6,170.1,0,0,0,0.0,0,0
EXP-00728,ajuste_estatus,México,Tribunal D,2,172.8,0,0,0,0.0,0,0
EXP-00729,miedo_creible,México,Tribunal D,34,25.1,0,1,0,0.0,0,0
EXP-00730,ajuste_estatus,Centroamérica,Tribunal F,45,30.1,0,0,1,1.0,0,0
EXP-00731,cancelacion,Caribe,Tribunal A,33,295.8,0,1,0,0.0,1,0
EXP-00732,asilo,Asia,Tribunal A,38,99.6,4,0,1,1.0,0,0
EXP-00732,asilo,Asia,Tribunal A,8,94.3,0,0,1,1.0,0,0
EXP-00732,asilo,Asia,Tribunal A,11,98.5,0,0,1,1.0,0,0
EXP-00732,asilo,Asia,Tribunal A,14,89.6,0,0,1,1.0,0,0
EXP-00732,asilo,Asia,Tribunal A,12,92.7,0,0,1,1.0,0,0
EXP-00733,reinstalacion,Centroamérica,Tribunal C,20,8.5,0,1,1,0.0,0,0
EXP-00734,asilo,Centroamérica,Tribunal D,32,49.6,2,0,1,0.0,0,0
EXP-00734,asilo,Centroamérica,Tribunal D,20,37.1,0,0,1,0.0,0,0
EXP-00734,asilo,Centroamérica,Tribunal D,5,36.1,0,0,1,0.0,0,0
EXP-00735,reinstalacion,México,Tribunal B,40,49.3,0,1,1,0.0,1,0
EXP-00736,asilo,Caribe,Tribunal B,18,21.2,2,0,1,0.0,0,0
EXP-00736,asilo,Caribe,Tribunal B,24,17.7,0,0,1,0.0,0,0
EXP-00736,asilo,Caribe,Tribunal B,11,9.8,0,0,1,0.0,0,0
EXP-00737,ajuste_estatus,México,Tribunal A,31,26.1,3,1,0,1.0,1,1
EXP-00737,ajuste_estatus,México,Tribunal A,10,17.6,0,1,0,1.0,0,1
EXP-00737,ajuste_estatus,México,Tribunal A,14,25.6,0,1,0,1.0,0,1
EXP-00737,ajuste_estatus,México,Tribunal A,8,16.1,0,1,0,1.0,0,1
EXP-00738,reinstalacion,México,Tribunal E,26,81.7,0,1,0,0.0,1,0
EXP-00739,asilo,México,Tribunal B,31,65.5,0,0,1,0.0,0,0
EXP-00740,ajuste_estatus,Centroamérica,Tribunal C,30,27.9,0,0,1,0.0,0,0
EXP-00741,asilo,Centroamérica,Tribunal E,35,98.6,2,0,1,0.0,0,0
EXP-00741,asilo,Centroamérica,Tribunal E,10,94.6,0,0,1,0.0,0,0
EXP-00741,asilo,Centroamérica,Tribunal E,6,91.4,0,0,1,0.0,0,0
EXP-00742,salida_voluntaria,Centroamérica,Tribunal B,27,67.5,0,0,1,1.0,0,0
EXP-00743,asilo,Centroamérica,Tribunal A,36,82.3,3,1,0,0.0,1,0
EXP-00743,asilo,Centroamérica,Tribunal A,32,,0,1,0,0.0,0,0
EXP-00743,asilo,Centroamérica,Tribunal A,5,76.5,0,1,0,0.0,0,0
EXP-00743,asilo,Centroamérica,Tribunal A,5,75.9,0,1,0,0.0,0,0
EXP-00744,salida_voluntaria,Caribe,Tribunal B,25,56.7,0,1,0,1.0,1,1
EXP-00745,ajuste_estatus,Sudamérica,Tribunal D,23,31.8,1,0,0,0.0,0,0
EXP-00745,ajuste_estatus,Sudamérica,Tribunal D,37,20.5,0,0,0,0.0,0,0
EXP-00746,cancelacion,Centroamérica,Tribunal C,19,181.2,0,1,0,0.0,0,0
EXP-00747,salida_voluntaria,Centroamérica,Tribunal B,43,40.9,0,1,0,0.0,0,1
EXP-00748,reinstalacion,Caribe,Tribunal D,18,19.6,0,1,0,0.0,0,0
EXP-00749,miedo_creible,México,Tribunal E,47,20.8,1,1,0,0.0,1,0
EXP-00749,miedo_creible,México,Tribunal E,40,6.7,0,1,0,0.0,0,0
EXP-00750,miedo_creible,Centroamérica,Tribunal B,38,12.4,0,1,0,0.0,0,0
EXP-00751,reinstalacion,México,Tribunal D,43,51.2,0,1,0,0.0,0,0
EXP-00752,asilo,Centroamérica,Tribunal E,51,67.8,1,0,0,1.0,0,0
EXP-00752,asilo,Centroamérica,Tribunal E,8,57.9,0,0,0,1.0,0,0
EXP-00753,salida_voluntaria,Centroamérica,Tribunal C,23,32.7,0,1,1,0.0,1,0
EXP-00754,asilo,Caribe,Tribunal A,24,74.4,3,1,1,1.0,0,1
EXP-00754,asilo,Caribe,Tribunal A,37,64.1,0,1,1,1.0,0,1
EXP-00754,asilo,Caribe,Tribunal A,3,73.3,0,1,1,1.0,0,1
EXP-00754,asilo,Caribe,Tribunal A,9,66.3,0,1,1,1.0,0,1
EXP-00755,miedo_creible,Centroamérica,Tribunal B,27,47.9,0,1,0,0.0,0,0
EXP-00756,miedo_creible,África,Tribunal A,18,56.9,0,1,1,1.0,0,0
EXP-00757,reinstalacion,Centroamérica,Tribunal A,43,23.6,0,1,0,0.0,1,0
EXP-00758,asilo,Sudamérica,Tribunal E,33,21.2,1,1,0,0.0,0,1
EXP-00758,asilo,Sudamérica,Tribunal E,31,16.0,0,1,0,0.0,0,1
EXP-00759,ajuste_estatus,Caribe,Tribunal A,22,44.5,1,1,0,1.0,0,0
EXP-00759,ajuste_estatus,Caribe,Tribunal A,23,40.3,0,1,0,1.0,0,0
EXP-00760,reinstalacion,Centroamérica,Tribunal D,26,,0,1,1,,1,0
EXP-00761,reinstalacion,Centroamérica,Tribunal A,23,,0,1,1,0.0,0,0
EXP-00762,salida_voluntaria,Centroamérica,Tribunal F,36,26.8,0,0,1,0.0,0,0
EXP-00763,asilo,Centroamérica,Tribunal A,20,20.2,1,0,1,0.0,0,0
EXP-00763,asilo,Centroamérica,Tribunal A,25,21.2,0,0,1,0.0,0,0
EXP-00764,asilo,Asia,Tribunal B,18,35.0,0,1,0,1.0,1,0
EXP-00765,salida_voluntaria,México,Tribunal C,43,40.0,0,0,0,0.0,0,0
EXP-00766,asilo,Sudamérica,Tribunal E,47,114.6,0,1,1,0.0,0,1
EXP-00767,asilo,Centroamérica,Tribunal E,36,75.1,2,1,1,0.0,1,1
EXP-00767,asilo,Centroamérica,Tribunal E,10,68.5,0,1,1,0.0,0,1
EXP-00767,asilo,Centroamérica,Tribunal E,13,72.3,0,1,1,0.0,0,1
EXP-00768,asilo,Centroamérica,Tribunal B,40,26.5,2,0,0,1.0,0,0
EXP-00768,asilo,Centroamérica,Tribunal B,11,21.5,0,0,0,1.0,0,0
EXP-00768,asilo,Centroamérica,Tribunal B,7,17.1,0,0,0,1.0,0,0
EXP-00769,ajuste_estatus,Centroamérica,Tribunal E,44,33.8,3,0,1,0.0,0,0
EXP-00769,ajuste_estatus,Centroamérica,Tribunal E,22,30.8,0,0,1,0.0,0,0
EXP-00769,ajuste_estatus,Centroamérica,Tribunal E,16,24.0,0,0,1,0.0,0,0
EXP-00769,ajuste_estatus,Centroamérica,Tribunal E,6,29.0,0,0,1,0.0,0,0
EXP-00770,asilo,Sudamérica,Tribunal C,35,74.2,0,1,0,1.0,1,1
EXP-00771,miedo_creible,Centroamérica,Tribunal A,34,19.1,0,1,0,1.0,0,0
EXP-00772,ajuste_estatus,Centroamérica,Tribunal B,43,88.8,0,1,0,1.0,0,0
EXP-00773,asilo,Centroamérica,Tribunal A,36,45.1,1,1,0,1.0,0,1
EXP-00773,asilo,Centroamérica,Tribunal A,5,32.5,0,1,0,,0,1
EXP-00774,ajuste_estatus,Centroamérica,Tribunal C,25,67.4,0,1,0,1.0,0,0
EXP-00775,miedo_creible,África,Tribunal B,45,106.9,0,1,0,0.0,0,0
EXP-00776,miedo_creible,Caribe,Tribunal C,34,71.0,0,1,0,1.0,1,0
EXP-00777,asilo,Caribe,Tribunal C,46,49.5,1,0,1,1.0,0,0
EXP-00777,asilo,Caribe,Tribunal C,7,,0,0,1,1.0,0,0
EXP-00778,asilo,México,Tribunal C,33,66.6,0,0,1,0.0,0,0
EXP-00779,asilo,Centroamérica,Tribunal E,34,55.2,0,1,0,0.0,1,1
EXP-00780,reinstalacion,Centroamérica,Tribunal C,27,49.1,1,1,0,1.0,0,0
EXP-00780,reinstalacion,Centroamérica,Tribunal C,18,42.7,0,1,0,1.0,0,0
EXP-00781,miedo_creible,Centroamérica,Tribunal C,34,58.8,0,1,1,0.0,0,0
EXP-00782,miedo_creible,Centroamérica,Tribunal B,27,28.3,0,1,0,0.0,0,0
EXP-00783,cancelacion,Sudamérica,Tribunal A,54,121.5,0,1,0,0.0,0,0
EXP-00784,reinstalacion,África,Tribunal D,18,17.7,0,1,0,0.0,0,0
EXP-00785,miedo_creible,México,Tribunal C,29,43.9,0,1,0,0.0,0,0
EXP-00786,ajuste_estatus,Centroamérica,Tribunal D,40,37.1,0,1,0,0.0,0,1
EXP-00787,cancelacion,África,Tribunal A,22,199.8,4,1,0,1.0,1,1
EXP-00787,cancelacion,África,Tribunal A,41,192.9,0,1,0,1.0,0,1
EXP-00787,cancelacion,África,Tribunal A,7,187.9,0,1,0,1.0,0,1
EXP-00787,cancelacion,África,Tribunal A,12,190.0,0,1,0,1.0,0,1
EXP-00787,cancelacion,África,Tribunal A,14,199.5,0,1,0,1.0,0,1
EXP-00788,miedo_creible,Centroamérica,Tribunal D,18,155.3,0,1,0,0.0,1,0
EXP-00789,asilo,México,Tribunal E,25,11.2,2,1,0,,1,0
EXP-00789,asilo,México,Tribunal E,2,6.0,0,1,0,0.0,0,0
EXP-00789,asilo,México,Tribunal E,16,0.0,0,1,0,0.0,0,0
EXP-00790,ajuste_estatus,Centroamérica,Tribunal E,29,41.8,2,0,1,0.0,0,0
EXP-00790,ajuste_estatus,Centroamérica,Tribunal E,8,39.2,0,0,1,0.0,0,0
EXP-00790,ajuste_estatus,Centroamérica,Tribunal E,11,28.8,0,0,1,0.0,0,0
EXP-00791,asilo,Sudamérica,Tribunal E,30,13.5,3,1,0,0.0,0,0
EXP-00791,asilo,Sudamérica,Tribunal E,27,5.4,0,1,0,0.0,0,0
EXP-00791,asilo,Sudamérica,Tribunal E,3,13.1,0,1,0,0.0,0,0
EXP-00791,asilo,Sudamérica,Tribunal E,2,9.4,0,1,0,0.0,0,0
EXP-00792,asilo,Centroamérica,Tribunal B,18,12.0,1,1,0,1.0,0,1
EXP-00792,asilo,Centroamérica,Tribunal B,29,3.6,0,1,0,1.0,0,1
EXP-00793,asilo,Centroamérica,Tribunal C,36,25.8,0,0,1,1.0,0,0
EXP-00794,asilo,Centroamérica,Tribunal B,29,65.6,0,1,1,1.0,0,1
EXP-00795,salida_voluntaria,Sudamérica,Tribunal B,18,190.5,0,0,1,1.0,1,0
EXP-00796,asilo,Centroamérica,Tribunal F,24,45.0,0,1,1,1.0,0,0
EXP-00797,asilo,Centroamérica,Tribunal A,37,46.2,0,1,0,0.0,0,1
EXP-00798,ajuste_estatus,Europa,Tribunal A,49,154.1,2,0,0,0.0,0,0
EXP-00798,ajuste_estatus,Europa,Tribunal A,12,151.9,0,0,0,0.0,0,0
EXP-00798,ajuste_estatus,Europa,Tribunal A,2,146.9,0,0,0,0.0,0,0
EXP-00799,asilo,Centroamérica,Tribunal B,20,109.3,1,1,0,0.0,0,1
EXP-00799,asilo,Centroamérica,Tribunal B,4,95.4,0,1,0,0.0,0,1
EXP-00800,salida_voluntaria,Caribe,Tribunal B,33,21.4,0,1,0,0.0,0,1
EXP-00801,miedo_creible,África,Tribunal D,41,21.5,0,1,1,1.0,0,0
EXP-00802,cancelacion,México,Tribunal B,26,183.4,2,1,0,0.0,0,0
EXP-00802,cancelacion,México,Tribunal B,26,176.1,0,1,0,0.0,0,0
EXP-00802,cancelacion,México,Tribunal B,5,174.3,0,1,0,0.0,0,0
EXP-00803,reinstalacion,Centroamérica,Tribunal C,36,102.4,0,1,0,1.0,0,0
EXP-00804,asilo,México,Tribunal B,18,,0,1,1,0.0,0,1
EXP-00805,miedo_creible,Centroamérica,Tribunal C,34,38.7,0,1,0,0.0,0,0
EXP-00806,asilo,Centroamérica,Tribunal F,18,,0,1,1,1.0,0,0
EXP-00807,asilo,Centroamérica,Tribunal C,42,72.9,0,1,0,0.0,0,1
EXP-00808,reinstalacion,Sudamérica,Tribunal B,43,55.3,4,1,0,0.0,0,0
EXP-00808,reinstalacion,Sudamérica,Tribunal B,47,43.7,0,1,0,0.0,0,0
EXP-00808,reinstalacion,Sudamérica,Tribunal B,8,52.4,0,1,0,0.0,0,0
EXP-00808,reinstalacion,Sudamérica,Tribunal B,16,47.1,0,1,0,0.0,0,0
EXP-00808,reinstalacion,Sudamérica,Tribunal B,11,43.3,0,1,0,0.0,0,0
EXP-00809,miedo_creible,Centroamérica,Tribunal B,26,96.9,0,1,0,1.0,0,0
EXP-00810,reinstalacion,África,Tribunal F,32,29.3,0,1,1,1.0,0,0
EXP-00811,reinstalacion,Sudamérica,Tribunal A,24,9.3,0,1,0,0.0,0,0
EXP-00812,cancelacion,Centroamérica,Tribunal F,36,148.0,0,0,1,0.0,0,0
EXP-00813,reinstalacion,Centroamérica,Tribunal F,30,48.6,0,1,0,1.0,0,0
EXP-00814,miedo_creible,Asia,Tribunal D,24,111.1,0,1,0,1.0,0,0
EXP-00815,reinstalacion,Europa,Tribunal B,21,63.7,0,1,0,1.0,0,0
EXP-00816,reinstalacion,Centroamérica,Tribunal B,21,47.5,0,1,0,0.0,0,0
EXP-00817,salida_voluntaria,Centroamérica,Tribunal E,30,2.6,0,1,0,0.0,0,0
EXP-00818,salida_voluntaria,México,Tribunal E,25,31.0,0,1,1,0.0,0,0
EXP-00819,asilo,Sudamérica,Tribunal B,35,52.7,0,0,1,0.0,0,0
EXP-00820,reinstalacion,México,Tribunal B,27,28.8,0,1,1,0.0,0,0
EXP-00821,reinstalacion,Sudamérica,Tribunal E,31,62.4,0,1,0,1.0,1,0
EXP-00822,asilo,Centroamérica,Tribunal F,27,46.2,0,1,0,0.0,0,0
EXP-00823,asilo,Sudamérica,Tribunal A,29,49.1,1,0,1,0.0,0,0
EXP-00823,asilo,Sudamérica,Tribunal A,39,45.8,0,0,1,0.0,0,0
EXP-00824,asilo,México,Tribunal D,28,102.8,0,1,0,0.0,1,1
EXP-00825,reinstalacion,África,Tribunal B,33,39.5,0,1,1,1.0,0,0
EXP-00826,asilo,Centroamérica,Tribunal A,18,42.5,1,1,0,0.0,1,0
EXP-00826,asilo,Centroamérica,Tribunal A,41,,0,1,0,0.0,0,0
EXP-00827,ajuste_estatus,Caribe,Tribunal F,36,38.9,0,0,1,0.0,0,0
EXP-00828,asilo,Centroamérica,Tribunal A,26,49.6,0,1,0,0.0,1,0
EXP-00829,asilo,México,Tribunal D,40,31.8,0,1,0,0.0,1,1
EXP-00830,asilo,México,Tribunal D,41,39.0,0,1,0,0.0,0,0
EXP-00831,salida_voluntaria,México,Tribunal D,30,125.2,3,1,0,0.0,1,1
EXP-00831,salida_voluntaria,México,Tribunal D,18,118.5,0,1,0,0.0,0,1
EXP-00831,salida_voluntaria,México,Tribunal D,1,116.4,0,1,0,0.0,0,1
EXP-00831,salida_voluntaria,México,Tribunal D,14,122.7,0,1,0,0.0,0,1
EXP-00832,salida_voluntaria,México,Tribunal D,28,31.8,3,1,0,0.0,1,1
EXP-00832,salida_voluntaria,México,Tribunal D,2,31.6,0,1,0,0.0,0,1
EXP-00832,salida_voluntaria,México,Tribunal D,8,27.9,0,1,0,0.0,0,1
EXP-00832,salida_voluntaria,México,Tribunal D,9,33.7,0,1,0,0.0,0,1
EXP-00833,reinstalacion,México,Tribunal C,31,185.6,0,1,0,0.0,0,0
EXP-00834,salida_voluntaria,Centroamérica,Tribunal C,18,69.7,1,0,0,0.0,0,0
EXP-00834,salida_voluntaria,Centroamérica,Tribunal C,24,66.2,0,0,0,0.0,0,0
EXP-00835,salida_voluntaria,México,Tribunal B,35,22.3,0,1,0,0.0,0,0
EXP-00836,asilo,Europa,Tribunal F,36,91.6,0,0,0,1.0,0,0
EXP-00837,asilo,Centroamérica,Tribunal D,22,87.4,0,0,1,0.0,0,0
EXP-00838,asilo,África,Tribunal C,29,117.4,3,1,0,1.0,0,0
EXP-00838,asilo,África,Tribunal C,5,117.5,0,1,0,1.0,0,0
EXP-00838,asilo,África,Tribunal C,7,108.7,0,1,0,1.0,0,0
EXP-00838,asilo,África,Tribunal C,9,113.0,0,1,0,1.0,0,0
EXP-00839,cancelacion,México,Tribunal B,34,121.1,0,1,0,0.0,1,1
EXP-00840,asilo,Centroamérica,Tribunal D,28,36.5,0,0,1,1.0,0,0
EXP-00841,asilo,Centroamérica,Tribunal C,49,115.9,2,1,0,0.0,0,0
EXP-00841,asilo,Centroamérica,Tribunal C,18,104.4,0,1,0,0.0,0,0
EXP-00841,asilo,Centroamérica,Tribunal C,15,114.0,0,1,0,0.0,0,0
EXP-00842,miedo_creible,Centroamérica,Tribunal C,33,9.9,0,1,0,0.0,0,0
EXP-00843,asilo,Centroamérica,Tribunal A,28,65.1,0,0,0,0.0,0,0
EXP-00844,miedo_creible,México,Tribunal E,47,80.6,2,1,0,0.0,0,0
EXP-00844,miedo_creible,México,Tribunal E,32,74.8,0,1,0,0.0,0,0
EXP-00844,miedo_creible,México,Tribunal E,13,80.4,0,1,0,0.0,0,0
EXP-00845,asilo,México,Tribunal D,28,80.3,0,1,0,0.0,0,1
EXP-00846,miedo_creible,Caribe,Tribunal F,22,24.7,0,1,1,0.0,0,0
EXP-00847,asilo,Sudamérica,Tribunal B,28,55.7,0,1,0,0.0,1,1
EXP-00848,asilo,Sudamérica,Tribunal E,33,63.4,2,0,1,0.0,1,0
EXP-00848,asilo,Sudamérica,Tribunal E,16,65.7,0,0,1,0.0,0,0
EXP-00848,asilo,Sudamérica,Tribunal E,10,59.0,0,0,1,0.0,0,0
EXP-00849,miedo_creible,Europa,Tribunal A,46,30.7,0,1,1,1.0,0,0
EXP-00850,reinstalacion,Caribe,Tribunal C,34,,0,1,1,1.0,0,0
EXP-00851,salida_voluntaria,Centroamérica,Tribunal E,18,22.4,1,1,1,0.0,0,1
EXP-00851,salida_voluntaria,Centroamérica,Tribunal E,9,12.2,0,1,1,0.0,0,1
EXP-00852,miedo_creible,Europa,Tribunal A,37,54.4,0,1,0,1.0,0,0
EXP-00853,ajuste_estatus,Caribe,Tribunal B,22,70.8,3,1,0,1.0,0,1
EXP-00853,ajuste_estatus,Caribe,Tribunal B,5,63.2,0,1,0,1.0,0,1
EXP-00853,ajuste_estatus,Caribe,Tribunal B,3,59.8,0,1,0,1.0,0,1
EXP-00853,ajuste_estatus,Caribe,Tribunal B,1,63.9,0,1,0,1.0,0,1
EXP-00854,reinstalacion,Sudamérica,Tribunal F,40,117.0,0,1,0,1.0,0,0
EXP-00855,cancelacion,Sudamérica,Tribunal A,26,248.6,0,0,0,0.0,0,0
EXP-00856,asilo,Europa,Tribunal A,33,54.9,0,1,0,1.0,0,0
EXP-00857,asilo,Centroamérica,Tribunal E,29,39.4,0,0,0,0.0,0,0
EXP-00858,salida_voluntaria,Centroamérica,Tribunal B,18,1.2,1,1,0,0.0,1,0
EXP-00858,salida_voluntaria,Centroamérica,Tribunal B,2,0.0,0,1,0,0.0,0,0
EXP-00859,reinstalacion,Sudamérica,Tribunal A,49,65.3,2,1,1,0.0,0,0
EXP-00859,reinstalacion,Sudamérica,Tribunal A,8,54.6,0,1,1,0.0,0,0
EXP-00859,reinstalacion,Sudamérica,Tribunal A,10,58.9,0,1,1,0.0,0,0
EXP-00860,reinstalacion,México,Tribunal D,18,88.1,0,1,0,1.0,0,0
EXP-00861,ajuste_estatus,Centroamérica,Tribunal F,36,109.3,0,1,0,0.0,0,1
EXP-00862,asilo,Centroamérica,Tribunal A,35,38.1,3,1,0,0.0,0,0
EXP-00862,asilo,Centroamérica,Tribunal A,36,35.7,0,1,0,0.0,0,0
EXP-00862,asilo,Centroamérica,Tribunal A,7,26.6,0,1,0,0.0,0,0
EXP-00862,asilo,Centroamérica,Tribunal A,1,29.7,0,1,0,0.0,0,0
EXP-00863,asilo,Centroamérica,Tribunal B,43,40.9,0,1,1,0.0,0,1
EXP-00864,asilo,Centroamérica,Tribunal C,28,52.6,0,1,1,1.0,0,1
EXP-00865,salida_voluntaria,Centroamérica,Tribunal C,18,40.5,2,0,1,0.0,0,0
EXP-00865,salida_voluntaria,Centroamérica,Tribunal C,40,32.9,0,0,1,0.0,0,0
EXP-00865,salida_voluntaria,Centroamérica,Tribunal C,6,32.6,0,0,1,0.0,0,0
EXP-00866,asilo,México,Tribunal F,40,49.1,0,1,0,0.0,0,1
EXP-00867,salida_voluntaria,México,Tribunal A,28,41.4,0,1,0,0.0,1,0
EXP-00868,asilo,Centroamérica,Tribunal B,40,92.8,1,1,1,,1,1
EXP-00868,asilo,Centroamérica,Tribunal B,2,79.0,0,1,1,0.0,0,1
EXP-00869,asilo,Centroamérica,Tribunal B,53,17.6,0,0,1,0.0,0,0
EXP-00870,cancelacion,Sudamérica,Tribunal D,40,249.6,0,1,0,0.0,1,1
EXP-00871,asilo,Centroamérica,Tribunal C,34,102.5,0,1,0,1.0,0,1
EXP-00872,reinstalacion,México,Tribunal C,29,105.0,0,0,0,0.0,0,0
EXP-00873,miedo_creible,Centroamérica,Tribunal C,52,40.7,0,1,0,0.0,1,0
EXP-00874,miedo_creible,Centroamérica,Tribunal A,40,45.2,0,1,1,0.0,0,0
EXP-00875,miedo_creible,México,Tribunal E,41,,0,1,0,0.0,0,0
EXP-00876,miedo_creible,Sudamérica,Tribunal C,35,36.7,0,1,1,0.0,0,0
EXP-00877,reinstalacion,Sudamérica,Tribunal B,35,41.4,0,1,0,0.0,0,0
EXP-00878,asilo,Sudamérica,Tribunal B,36,40.4,0,1,0,1.0,0,0
EXP-00879,asilo,Centroamérica,Tribunal B,18,61.7,0,1,0,1.0,0,0
EXP-00880,asilo,Centroamérica,Tribunal B,38,21.6,2,1,0,0.0,0,0
EXP-00880,asilo,Centroamérica,Tribunal B,4,14.9,0,1,0,0.0,0,0
EXP-00880,asilo,Centroamérica,Tribunal B,2,19.0,0,1,0,0.0,0,0
EXP-00881,miedo_creible,Centroamérica,Tribunal E,21,72.5,0,0,1,0.0,0,0
EXP-00882,ajuste_estatus,México,Tribunal A,42,,0,1,0,0.0,0,0
EXP-00883,miedo_creible,Sudamérica,Tribunal B,41,56.7,0,0,0,0.0,0,0
EXP-00884,salida_voluntaria,Centroamérica,Tribunal D,24,75.6,0,0,0,0.0,0,0
EXP-00885,asilo,Centroamérica,Tribunal E,44,6.2,0,1,0,0.0,1,1
EXP-00886,reinstalacion,Centroamérica,Tribunal C,38,24.0,0,1,0,0.0,0,0
EXP-00887,ajuste_estatus,Centroamérica,Tribunal A,19,28.6,1,1,1,0.0,0,0
EXP-00887,ajuste_estatus,Centroamérica,Tribunal A,30,22.1,0,1,1,0.0,0,0
EXP-00888,reinstalacion,México,Tribunal E,30,98.5,0,1,0,0.0,1,0
EXP-00889,asilo,Sudamérica,Tribunal A,34,62.8,0,0,1,0.0,0,0
EXP-00890,reinstalacion,Sudamérica,Tribunal A,41,11.7,0,1,0,1.0,0,0
EXP-00891,asilo,Caribe,Tribunal F,27,39.6,0,1,1,1.0,0,1
EXP-00892,ajuste_estatus,África,Tribunal B,33,53.5,0,1,1,0.0,0,1
EXP-00893,asilo,Asia,Tribunal D,43,179.9,3,1,0,,0,1
EXP-00893,asilo,Asia,Tribunal D,6,169.0,0,1,0,1.0,0,1
EXP-00893,asilo,Asia,Tribunal D,10,167.5,0,1,0,1.0,0,1
EXP-00893,asilo,Asia,Tribunal D,15,175.2,0,1,0,1.0,0,1
EXP-00894,salida_voluntaria,Centroamérica,Tribunal A,21,31.2,0,1,1,0.0,0,0
EXP-00895,ajuste_estatus,Sudamérica,Tribunal C,39,76.3,2,1,0,0.0,0,1
EXP-00895,ajuste_estatus,Sudamérica,Tribunal C,40,62.1,0,1,0,0.0,0,1
EXP-00895,ajuste_estatus,Sudamérica,Tribunal C,9,62.8,0,1,0,0.0,0,1
EXP-00896,asilo,Sudamérica,Tribunal B,42,38.7,0,0,1,1.0,0,0
EXP-00897,asilo,África,Tribunal B,42,37.6,2,0,1,1.0,0,0
EXP-00897,asilo,África,Tribunal B,3,24.8,0,0,1,1.0,0,0
EXP-00897,asilo,África,Tribunal B,4,25.5,0,0,1,,0,0
EXP-00898,asilo,Centroamérica,Tribunal C,18,51.8,0,1,0,0.0,0,0
EXP-00899,asilo,Centroamérica,Tribunal A,18,102.9,1,0,0,1.0,0,0
EXP-00899,asilo,Centroamérica,Tribunal A,16,93.0,0,0,0,1.0,0,0
EXP-00900,salida_voluntaria,México,Tribunal A,31,80.1,2,0,0,0.0,0,0
EXP-00900,salida_voluntaria,México,Tribunal A,15,75.4,0,0,0,0.0,0,0
EXP-00900,salida_voluntaria,México,Tribunal A,9,77.5,0,0,0,0.0,0,0
EXP-00901,asilo,México,Tribunal E,36,60.0,0,1,0,0.0,0,1
EXP-00902,asilo,Centroamérica,Tribunal D,37,,0,1,0,0.0,0,1
EXP-00903,asilo,Europa,Tribunal A,37,72.4,0,1,0,1.0,0,1
EXP-00904,asilo,Centroamérica,Tribunal D,18,98.0,1,0,0,0.0,1,0
EXP-00904,asilo,Centroamérica,Tribunal D,26,92.3,0,0,0,0.0,0,0
EXP-00905,asilo,África,Tribunal C,24,41.1,0,1,0,0.0,1,1
EXP-00906,miedo_creible,Centroamérica,Tribunal E,31,86.9,0,1,0,0.0,0,0
EXP-00907,reinstalacion,México,Tribunal A,34,21.1,0,1,0,0.0,1,0
EXP-00908,salida_voluntaria,Sudamérica,Tribunal D,38,63.3,2,1,0,1.0,0,1
EXP-00908,salida_voluntaria,Sudamérica,Tribunal D,5,54.2,0,1,0,1.0,0,1
EXP-00908,salida_voluntaria,Sudamérica,Tribunal D,5,58.8,0,1,0,1.0,0,1
EXP-00909,asilo,Centroamérica,Tribunal D,44,77.6,1,1,0,0.0,0,1
EXP-00909,asilo,Centroamérica,Tribunal D,5,76.1,0,1,0,0.0,0,1
EXP-00910,salida_voluntaria,Centroamérica,Tribunal A,43,26.0,2,0,1,0.0,0,0
EXP-00910,salida_voluntaria,Centroamérica,Tribunal A,28,18.1,0,0,1,0.0,0,0
EXP-00910,salida_voluntaria,Centroamérica,Tribunal A,1,19.9,0,0,1,0.0,0,0
EXP-00911,asilo,Sudamérica,Tribunal A,35,19.5,0,0,0,0.0,0,0
EXP-00912,asilo,Centroamérica,Tribunal A,18,54.7,0,1,0,0.0,0,0
EXP-00913,salida_voluntaria,México,Tribunal B,34,85.3,1,1,0,0.0,0,0
EXP-00913,salida_voluntaria,México,Tribunal B,23,82.7,0,1,0,0.0,0,0
EXP-00914,miedo_creible,Centroamérica,Tribunal A,25,7.5,0,1,0,1.0,0,0
EXP-00915,asilo,Europa,Tribunal B,46,40.9,0,1,0,0.0,1,1
EXP-00916,salida_voluntaria,Centroamérica,Tribunal A,48,93.3,1,0,1,0.0,0,0
EXP-00916,salida_voluntaria,Centroamérica,Tribunal A,1,83.7,0,0,1,0.0,0,0
EXP-00917,asilo,Sudamérica,Tribunal E,29,64.0,1,1,0,0.0,1,0
EXP-00917,asilo,Sudamérica,Tribunal E,29,54.0,0,1,0,0.0,0,0
EXP-00918,reinstalacion,México,Tribunal C,21,111.2,0,0,1,0.0,0,0
EXP-00919,salida_voluntaria,México,Tribunal B,36,44.7,2,0,0,0.0,0,0
EXP-00919,salida_voluntaria,México,Tribunal B,24,43.8,0,0,0,,0,0
EXP-00919,salida_voluntaria,México,Tribunal B,6,36.7,0,0,0,0.0,0,0
EXP-00920,salida_voluntaria,México,Tribunal B,27,61.7,0,0,1,0.0,0,0
EXP-00921,reinstalacion,África,Tribunal A,44,94.7,0,1,1,0.0,0,0
EXP-00922,asilo,Sudamérica,Tribunal A,41,23.3,0,1,0,0.0,0,1
EXP-00923,reinstalacion,Centroamérica,Tribunal C,35,43.4,0,1,1,0.0,0,0
EXP-00924,asilo,Centroamérica,Tribunal D,47,153.9,1,0,1,0.0,0,0
EXP-00924,asilo,Centroamérica,Tribunal D,14,150.1,0,0,1,0.0,0,0
EXP-00925,salida_voluntaria,México,Tribunal D,35,167.6,0,0,1,0.0,0,0
EXP-00926,miedo_creible,Centroamérica,Tribunal D,21,58.2,0,1,1,1.0,0,0
EXP-00927,asilo,Centroamérica,Tribunal F,18,46.3,0,1,1,0.0,0,0
EXP-00928,asilo,Caribe,Tribunal A,26,15.1,0,1,0,,0,1
EXP-00929,miedo_creible,Caribe,Tribunal C,37,23.7,0,1,1,0.0,0,0
EXP-00930,miedo_creible,Centroamérica,Tribunal E,39,8.6,0,1,0,0.0,1,0
EXP-00931,ajuste_estatus,Asia,Tribunal D,18,62.5,1,1,0,1.0,0,0
EXP-00931,ajuste_estatus,Asia,Tribunal D,16,,0,1,0,1.0,0,0
EXP-00932,reinstalacion,Sudamérica,Tribunal C,40,93.4,0,1,0,0.0,0,0
EXP-00933,asilo,Caribe,Tribunal C,18,81.2,3,1,0,1.0,1,1
EXP-00933,asilo,Caribe,Tribunal C,3,70.3,0,1,0,1.0,0,1
EXP-00933,asilo,Caribe,Tribunal C,14,81.3,0,1,0,1.0,0,1
EXP-00933,asilo,Caribe,Tribunal C,8,73.1,0,1,0,1.0,0,1
EXP-00934,salida_voluntaria,Centroamérica,Tribunal A,25,53.6,0,0,1,0.0,0,0
EXP-00935,reinstalacion,Centroamérica,Tribunal D,37,103.2,0,1,0,1.0,0,0
EXP-00936,reinstalacion,México,Tribunal C,38,32.0,0,1,0,0.0,0,0
EXP-00937,ajuste_estatus,Asia,Tribunal C,24,115.6,0,1,0,0.0,0,1
EXP-00938,asilo,Caribe,Tribunal D,25,70.6,0,0,0,1.0,0,0
EXP-00939,salida_voluntaria,México,Tribunal A,26,11.2,0,1,0,0.0,0,1
EXP-00940,asilo,Sudamérica,Tribunal D,35,91.5,3,0,1,0.0,0,0
EXP-00940,asilo,Sudamérica,Tribunal D,3,,0,0,1,0.0,0,0
EXP-00940,asilo,Sudamérica,Tribunal D,1,81.1,0,0,1,0.0,0,0
EXP-00940,asilo,Sudamérica,Tribunal D,9,88.8,0,0,1,0.0,0,0
EXP-00941,reinstalacion,Centroamérica,Tribunal A,23,29.3,0,1,0,0.0,0,0
EXP-00942,asilo,Caribe,Tribunal A,29,69.4,0,0,0,0.0,0,0
EXP-00943,salida_voluntaria,Centroamérica,Tribunal B,35,58.9,3,0,1,0.0,0,0
EXP-00943,salida_voluntaria,Centroamérica,Tribunal B,22,51.9,0,0,1,0.0,0,0
EXP-00943,salida_voluntaria,Centroamérica,Tribunal B,10,55.2,0,0,1,0.0,0,0
EXP-00943,salida_voluntaria,Centroamérica,Tribunal B,13,53.1,0,0,1,0.0,0,0
EXP-00944,salida_voluntaria,Centroamérica,Tribunal E,38,51.7,0,1,0,0.0,0,0
EXP-00945,asilo,Sudamérica,Tribunal E,27,22.4,4,1,1,1.0,0,1
EXP-00945,asilo,Sudamérica,Tribunal E,8,11.8,0,1,1,1.0,0,1
EXP-00945,asilo,Sudamérica,Tribunal E,4,17.3,0,1,1,1.0,0,1
EXP-00945,asilo,Sudamérica,Tribunal E,14,17.6,0,1,1,1.0,0,1
EXP-00945,asilo,Sudamérica,Tribunal E,12,14.1,0,1,1,1.0,0,1
EXP-00946,miedo_creible,Centroamérica,Tribunal A,19,92.3,0,1,0,1.0,0,0
EXP-00947,asilo,Sudamérica,Tribunal A,21,41.5,1,0,1,1.0,0,0
EXP-00947,asilo,Sudamérica,Tribunal A,9,39.4,0,0,1,1.0,0,0
EXP-00948,asilo,África,Tribunal D,35,45.1,0,0,0,1.0,0,0
EXP-00949,asilo,México,Tribunal B,32,43.9,0,1,0,0.0,0,1
EXP-00950,ajuste_estatus,México,Tribunal C,18,26.4,0,1,1,0.0,0,1
EXP-00951,cancelacion,Centroamérica,Tribunal B,41,144.6,0,0,1,0.0,0,0
EXP-00952,reinstalacion,México,Tribunal E,38,77.9,0,1,0,0.0,1,0
EXP-00953,reinstalacion,Centroamérica,Tribunal A,24,13.6,0,1,0,0.0,0,0
EXP-00954,asilo,Asia,Tribunal B,34,29.9,2,0,0,1.0,0,0
EXP-00954,asilo,Asia,Tribunal B,13,20.1,0,0,0,1.0,0,0
EXP-00954,asilo,Asia,Tribunal B,12,18.4,0,0,0,1.0,0,0
EXP-00955,asilo,México,Tribunal E,18,58.8,1,1,0,0.0,0,0
EXP-00955,asilo,México,Tribunal E,35,49.3,0,1,0,0.0,0,0
EXP-00956,salida_voluntaria,Sudamérica,Tribunal C,25,,1,0,0,0.0,0,0
EXP-00956,salida_voluntaria,Sudamérica,Tribunal C,33,11.7,0,0,0,0.0,0,0
EXP-00957,ajuste_estatus,Caribe,Tribunal B,21,165.4,0,0,0,0.0,0,0
EXP-00958,ajuste_estatus,Sudamérica,Tribunal D,31,16.5,2,1,0,1.0,0,0
EXP-00958,ajuste_estatus,Sudamérica,Tribunal D,19,12.4,0,1,0,1.0,0,0
EXP-00958,ajuste_estatus,Sudamérica,Tribunal D,5,10.7,0,1,0,1.0,0,0
EXP-00959,ajuste_estatus,Centroamérica,Tribunal A,26,27.6,3,1,0,0.0,0,1
EXP-00959,ajuste_estatus,Centroamérica,Tribunal A,6,22.4,0,1,0,0.0,0,1
EXP-00959,ajuste_estatus,Centroamérica,Tribunal A,9,25.0,0,1,0,0.0,0,1
EXP-00959,ajuste_estatus,Centroamérica,Tribunal A,14,20.2,0,1,0,0.0,0,1
EXP-00960,asilo,México,Tribunal C,32,28.5,0,1,1,0.0,0,1
EXP-00961,ajuste_estatus,México,Tribunal E,36,,1,0,0,0.0,0,0
EXP-00961,ajuste_estatus,México,Tribunal E,25,4.3,0,0,0,0.0,0,0
EXP-00962,ajuste_estatus,Centroamérica,Tribunal B,33,18.3,1,1,0,1.0,1,0
EXP-00962,ajuste_estatus,Centroamérica,Tribunal B,47,11.1,0,1,0,1.0,0,0
EXP-00963,asilo,México,Tribunal E,23,47.5,0,1,0,0.0,0,1
EXP-00964,asilo,Caribe,Tribunal C,33,109.4,1,1,1,0.0,0,0
EXP-00964,asilo,Caribe,Tribunal C,26,98.7,0,1,1,0.0,0,0
EXP-00965,asilo,México,Tribunal D,35,46.6,0,1,0,0.0,0,1
EXP-00966,asilo,Asia,Tribunal D,34,69.5,0,0,1,1.0,0,0
EXP-00967,asilo,Centroamérica,Tribunal B,33,25.5,1,0,0,0.0,0,0
EXP-00967,asilo,Centroamérica,Tribunal B,42,23.6,0,0,0,0.0,0,0
EXP-00968,miedo_creible,Centroamérica,Tribunal A,30,22.7,0,1,1,0.0,0,0
EXP-00969,asilo,Asia,Tribunal D,24,96.1,1,1,1,,0,1
EXP-00969,asilo,Asia,Tribunal D,5,85.7,0,1,1,1.0,0,1
EXP-00970,cancelacion,México,Tribunal B,38,139.2,1,0,0,0.0,0,0
EXP-00970,cancelacion,México,Tribunal B,20,132.1,0,0,0,0.0,0,0
EXP-00971,asilo,Europa,Tribunal F,27,70.2,0,1,0,1.0,0,1
EXP-00972,asilo,Centroamérica,Tribunal F,40,63.3,0,0,1,0.0,0,0
EXP-00973,salida_voluntaria,México,Tribunal A,24,51.2,0,1,1,0.0,1,0
EXP-00974,miedo_creible,Centroamérica,Tribunal E,37,46.3,0,1,0,1.0,0,0
EXP-00975,miedo_creible,Centroamérica,Tribunal B,36,11.1,0,1,1,0.0,1,0
EXP-00976,salida_voluntaria,México,Tribunal B,33,79.1,3,0,0,0.0,1,0
EXP-00976,salida_voluntaria,México,Tribunal B,41,74.1,0,0,0,0.0,0,0
EXP-00976,salida_voluntaria,México,Tribunal B,6,74.8,0,0,0,0.0,0,0
EXP-00976,salida_voluntaria,México,Tribunal B,15,73.2,0,0,0,0.0,0,0
EXP-00977,miedo_creible,Sudamérica,Tribunal C,33,,0,1,1,0.0,0,0
EXP-00978,reinstalacion,Sudamérica,Tribunal E,31,45.8,0,1,1,0.0,0,0
EXP-00979,salida_voluntaria,Sudamérica,Tribunal A,31,116.1,3,0,1,0.0,0,0
EXP-00979,salida_voluntaria,Sudamérica,Tribunal A,24,110.4,0,0,1,0.0,0,0
EXP-00979,salida_voluntaria,Sudamérica,Tribunal A,3,111.8,0,0,1,0.0,0,0
EXP-00979,salida_voluntaria,Sudamérica,Tribunal A,10,111.7,0,0,1,0.0,0,0
EXP-00980,salida_voluntaria,Centroamérica,Tribunal E,33,13.4,3,1,0,0.0,1,1
EXP-00980,salida_voluntaria,Centroamérica,Tribunal E,10,7.9,0,1,0,0.0,0,1
EXP-00980,salida_voluntaria,Centroamérica,Tribunal E,14,7.2,0,1,0,0.0,0,1
EXP-00980,salida_voluntaria,Centroamérica,Tribunal E,11,14.7,0,1,0,0.0,0,1
EXP-00981,reinstalacion,México,Tribunal C,26,95.0,0,1,0,1.0,0,0
EXP-00982,cancelacion,México,Tribunal A,30,235.1,1,1,0,0.0,1,1
EXP-00982,cancelacion,México,Tribunal A,12,233.5,0,1,0,0.0,0,1
EXP-00983,asilo,Sudamérica,Tribunal D,18,,0,1,0,1.0,0,1
EXP-00984,asilo,Caribe,Tribunal A,43,26.2,0,0,1,1.0,0,0
EXP-00985,ajuste_estatus,Asia,Tribunal D,28,153.5,0,1,0,1.0,0,1
EXP-00986,asilo,Centroamérica,Tribunal C,39,61.4,3,1,0,1.0,0,1
EXP-00986,asilo,Centroamérica,Tribunal C,42,59.9,0,1,0,1.0,0,1
EXP-00986,asilo,Centroamérica,Tribunal C,6,51.8,0,1,0,1.0,0,1
EXP-00986,asilo,Centroamérica,Tribunal C,11,50.9,0,1,0,1.0,0,1
EXP-00987,asilo,Centroamérica,Tribunal E,53,47.5,3,1,0,0.0,0,0
EXP-00987,asilo,Centroamérica,Tribunal E,10,37.0,0,1,0,0.0,0,0
EXP-00987,asilo,Centroamérica,Tribunal E,12,,0,1,0,0.0,0,0
EXP-00987,asilo,Centroamérica,Tribunal E,5,39.9,0,1,0,0.0,0,0
EXP-00988,asilo,África,Tribunal F,23,81.7,0,1,0,1.0,0,0
EXP-00989,reinstalacion,Centroamérica,Tribunal C,24,108.7,0,1,1,1.0,0,0
EXP-00990,ajuste_estatus,México,Tribunal F,34,18.2,0,0,1,0.0,0,0
EXP-00991,cancelacion,Centroamérica,Tribunal E,42,153.8,4,0,0,0.0,0,0
EXP-00991,cancelacion,Centroamérica,Tribunal E,7,147.1,0,0,0,0.0,0,0
EXP-00991,cancelacion,Centroamérica,Tribunal E,14,139.4,0,0,0,0.0,0,0
EXP-00991,cancelacion,Centroamérica,Tribunal E,7,150.0,0,0,0,0.0,0,0
EXP-00991,cancelacion,Centroamérica,Tribunal E,9,150.8,0,0,0,0.0,0,0
EXP-00992,ajuste_estatus,Sudamérica,Tribunal D,23,22.1,3,0,1,0.0,0,0
EXP-00992,ajuste_estatus,Sudamérica,Tribunal D,40,17.6,0,0,1,0.0,0,0
EXP-00992,ajuste_estatus,Sudamérica,Tribunal D,9,12.3,0,0,1,0.0,0,0
EXP-00992,ajuste_estatus,Sudamérica,Tribunal D,8,12.0,0,0,1,0.0,0,0
EXP-00993,asilo,Centroamérica,Tribunal F,35,11.1,0,1,0,0.0,0,0
EXP-00994,asilo,Sudamérica,Tribunal A,42,14.0,0,0,0,1.0,0,0
EXP-00995,salida_voluntaria,México,Tribunal A,27,79.4,0,0,0,0.0,1,0
EXP-00996,salida_voluntaria,México,Tribunal D,36,50.2,3,1,0,0.0,0,0
EXP-00996,salida_voluntaria,México,Tribunal D,12,45.8,0,1,0,0.0,0,0
EXP-00996,salida_voluntaria,México,Tribunal D,4,45.6,0,1,0,0.0,0,0
EXP-00996,salida_voluntaria,México,Tribunal D,4,52.4,0,1,0,0.0,0,0
EXP-00997,asilo,África,Tribunal A,49,37.0,0,0,0,1.0,1,0
EXP-00998,miedo_creible,Centroamérica,Tribunal F,35,8.0,0,1,0,0.0,0,0
EXP-00999,miedo_creible,Caribe,Tribunal D,29,24.6,0,1,0,1.0,1,0
EXP-01000,asilo,Asia,Tribunal B,18,16.0,0,1,0,1.0,0,1
EXP-01001,reinstalacion,Sudamérica,Tribunal E,29,44.2,0,1,1,0.0,0,0
EXP-01002,asilo,Centroamérica,Tribunal F,34,3.8,0,0,0,0.0,0,0
EXP-01003,salida_voluntaria,México,Tribunal D,29,67.6,3,1,0,0.0,0,1
EXP-01003,salida_voluntaria,México,Tribunal D,19,60.5,0,1,0,0.0,0,1
EXP-01003,salida_voluntaria,México,Tribunal D,14,60.4,0,1,0,0.0,0,1
EXP-01003,salida_voluntaria,México,Tribunal D,2,58.0,0,1,0,0.0,0,1
EXP-01004,salida_voluntaria,Sudamérica,Tribunal C,29,88.2,2,1,0,0.0,0,1
EXP-01004,salida_voluntaria,Sudamérica,Tribunal C,28,75.4,0,1,0,0.0,0,1
EXP-01004,salida_voluntaria,Sudamérica,Tribunal C,2,81.6,0,1,0,0.0,0,1
EXP-01005,cancelacion,Europa,Tribunal D,37,150.5,1,0,1,0.0,0,0
EXP-01005,cancelacion,Europa,Tribunal D,18,143.8,0,0,1,0.0,0,0
EXP-01006,asilo,México,Tribunal F,31,113.1,0,1,1,0.0,0,1
EXP-01007,reinstalacion,Centroamérica,Tribunal F,22,16.9,0,1,0,0.0,1,0
EXP-01008,asilo,Centroamérica,Tribunal B,38,31.7,2,1,0,0.0,1,0
EXP-01008,asilo,Centroamérica,Tribunal B,2,20.6,0,1,0,0.0,0,0
EXP-01008,asilo,Centroamérica,Tribunal B,16,30.0,0,1,0,0.0,0,0
EXP-01009,miedo_creible,Sudamérica,Tribunal C,28,200.6,0,1,0,1.0,1,0
EXP-01010,asilo,México,Tribunal A,30,44.5,2,1,0,0.0,1,0
EXP-01010,asilo,México,Tribunal A,29,39.8,0,1,0,0.0,0,0
EXP-01010,asilo,México,Tribunal A,16,40.9,0,1,0,0.0,0,0
EXP-01011,ajuste_estatus,México,Tribunal E,35,39.0,2,0,0,0.0,0,0
EXP-01011,ajuste_estatus,México,Tribunal E,2,31.2,0,0,0,0.0,0,0
EXP-01011,ajuste_estatus,México,Tribunal E,1,37.2,0,0,0,0.0,0,0
EXP-01012,miedo_creible,Centroamérica,Tribunal B,40,12.8,0,0,1,0.0,0,0
EXP-01013,ajuste_estatus,Sudamérica,Tribunal A,47,31.6,2,0,1,0.0,0,0
EXP-01013,ajuste_estatus,Sudamérica,Tribunal A,16,30.6,0,0,1,0.0,0,0
EXP-01013,ajuste_estatus,Sudamérica,Tribunal A,5,22.5,0,0,1,0.0,0,0
EXP-01014,miedo_creible,Sudamérica,Tribunal D,28,39.5,0,1,0,1.0,0,0
EXP-01015,asilo,Caribe,Tribunal D,27,26.3,0,1,1,0.0,0,0
EXP-01016,reinstalacion,México,Tribunal A,25,73.4,0,1,0,0.0,0,0
EXP-01017,miedo_creible,Caribe,Tribunal C,36,12.1,1,1,0,1.0,0,0
EXP-01017,miedo_creible,Caribe,Tribunal C,16,9.5,0,1,0,1.0,0,0
EXP-01018,asilo,Caribe,Tribunal F,37,15.9,2,1,1,0.0,0,0
EXP-01018,asilo,Caribe,Tribunal F,51,16.5,0,1,1,0.0,0,0
EXP-01018,asilo,Caribe,Tribunal F,8,8.4,0,1,1,0.0,0,0
EXP-01019,reinstalacion,Centroamérica,Tribunal A,27,127.8,0,1,0,0.0,0,0
EXP-01020,cancelacion,Centroamérica,Tribunal B,28,123.0,0,1,0,0.0,0,1
EXP-01021,ajuste_estatus,México,Tribunal C,19,16.1,0,1,0,0.0,0,1
EXP-01022,asilo,Sudamérica,Tribunal F,45,14.0,0,0,1,1.0,0,0
EXP-01023,miedo_creible,Centroamérica,Tribunal A,29,16.4,0,1,0,0.0,0,0
EXP-01024,reinstalacion,Centroamérica,Tribunal F,31,184.2,0,1,0,0.0,0,0
EXP-01025,asilo,Centroamérica,Tribunal C,25,13.0,0,1,1,0.0,0,0
EXP-01026,miedo_creible,África,Tribunal F,39,203.8,0,1,0,1.0,1,0
EXP-01027,reinstalacion,Sudamérica,Tribunal B,34,11.3,0,0,0,0.0,0,0
EXP-01028,asilo,Asia,Tribunal D,29,8.6,3,0,1,1.0,1,0
EXP-01028,asilo,Asia,Tribunal D,33,0.8,0,0,1,1.0,0,0
EXP-01028,asilo,Asia,Tribunal D,13,2.3,0,0,1,1.0,0,0
EXP-01028,asilo,Asia,Tribunal D,13,0.0,0,0,1,1.0,0,0
EXP-01029,asilo,Asia,Tribunal F,18,36.8,2,0,0,1.0,0,0
EXP-01029,asilo,Asia,Tribunal F,5,32.1,0,0,0,1.0,0,0
EXP-01029,asilo,Asia,Tribunal F,11,33.5,0,0,0,1.0,0,0
EXP-01030,asilo,Europa,Tribunal C,26,20.5,1,0,1,1.0,0,0
EXP-01030,asilo,Europa,Tribunal C,10,15.1,0,0,1,1.0,0,0
EXP-01031,asilo,Caribe,Tribunal C,40,7.5,0,0,1,0.0,0,0
EXP-01032,asilo,Centroamérica,Tribunal E,34,15.4,0,0,0,0.0,0,0
EXP-01033,asilo,México,Tribunal D,30,75.9,0,1,0,0.0,1,1
EXP-01034,miedo_creible,Centroamérica,Tribunal A,39,28.4,1,1,0,0.0,0,0
EXP-01034,miedo_creible,Centroamérica,Tribunal A,14,20.3,0,1,0,0.0,0,0
EXP-01035,miedo_creible,Caribe,Tribunal B,18,95.2,0,1,0,1.0,0,0
EXP-01036,reinstalacion,México,Tribunal D,33,61.5,0,1,0,0.0,0,0
EXP-01037,cancelacion,Centroamérica,Tribunal E,35,167.0,0,1,1,1.0,0,0
EXP-01038,asilo,Caribe,Tribunal A,30,38.5,2,1,0,0.0,0,1
EXP-01038,asilo,Caribe,Tribunal A,11,35.7,0,1,0,0.0,0,1
EXP-01038,asilo,Caribe,Tribunal A,7,28.9,0,1,0,0.0,0,1
EXP-01039,asilo,África,Tribunal B,31,76.0,0,1,0,1.0,0,0
EXP-01040,miedo_creible,Asia,Tribunal B,43,21.9,0,1,0,1.0,0,0
EXP-01041,asilo,Asia,Tribunal D,33,49.0,3,0,1,1.0,0,0
EXP-01041,asilo,Asia,Tribunal D,20,41.2,0,0,1,1.0,0,0
EXP-01041,asilo,Asia,Tribunal D,5,42.7,0,0,1,1.0,0,0
EXP-01041,asilo,Asia,Tribunal D,15,46.4,0,0,1,1.0,0,0
EXP-01042,salida_voluntaria,Centroamérica,Tribunal F,41,39.2,2,0,0,1.0,0,0
EXP-01042,salida_voluntaria,Centroamérica,Tribunal F,28,26.4,0,0,0,1.0,0,0
EXP-01042,salida_voluntaria,Centroamérica,Tribunal F,15,28.2,0,0,0,1.0,0,0
EXP-01043,salida_voluntaria,Asia,Tribunal E,31,,0,0,0,1.0,0,0
EXP-01044,reinstalacion,Centroamérica,Tribunal B,28,1.2,0,1,0,1.0,0,0
EXP-01045,salida_voluntaria,Centroamérica,Tribunal C,36,52.8,0,1,0,0.0,1,0
EXP-01046,asilo,Caribe,Tribunal C,28,24.6,0,1,0,1.0,0,1
EXP-01047,asilo,Sudamérica,Tribunal E,30,9.8,0,1,1,0.0,1,0
EXP-01048,asilo,Asia,Tribunal F,25,53.3,0,1,0,1.0,0,0
EXP-01049,asilo,Centroamérica,Tribunal C,37,96.3,0,1,1,0.0,1,1
EXP-01050,ajuste_estatus,Sudamérica,Tribunal D,50,41.0,2,1,0,0.0,0,0
EXP-01050,ajuste_estatus,Sudamérica,Tribunal D,11,27.4,0,1,0,0.0,0,0
EXP-01050,ajuste_estatus,Sudamérica,Tribunal D,4,36.3,0,1,0,0.0,0,0
EXP-01051,ajuste_estatus,México,Tribunal A,27,45.1,0,1,1,0.0,0,1
EXP-01052,asilo,Centroamérica,Tribunal E,18,42.2,2,1,0,1.0,0,1
EXP-01052,asilo,Centroamérica,Tribunal E,16,32.3,0,1,0,1.0,0,1
EXP-01052,asilo,Centroamérica,Tribunal E,16,38.3,0,1,0,1.0,0,1
EXP-01053,asilo,Centroamérica,Tribunal E,33,70.8,0,1,0,0.0,1,0
EXP-01054,asilo,Centroamérica,Tribunal B,32,38.6,0,1,0,0.0,1,1
EXP-01055,salida_voluntaria,México,Tribunal B,20,84.4,0,1,0,0.0,0,0
EXP-01056,reinstalacion,México,Tribunal A,39,91.5,0,1,0,0.0,1,0
EXP-01057,salida_voluntaria,Centroamérica,Tribunal F,35,16.5,0,0,1,0.0,0,0
EXP-01058,miedo_creible,México,Tribunal E,21,4.4,0,1,0,0.0,0,0
EXP-01059,reinstalacion,Centroamérica,Tribunal E,35,35.9,0,0,0,0.0,1,0
EXP-01060,asilo,Sudamérica,Tribunal A,34,27.8,4,0,1,0.0,0,0
EXP-01060,asilo,Sudamérica,Tribunal A,5,19.3,0,0,1,0.0,0,0
EXP-01060,asilo,Sudamérica,Tribunal A,15,18.9,0,0,1,0.0,0,0
EXP-01060,asilo,Sudamérica,Tribunal A,3,26.0,0,0,1,0.0,0,0
EXP-01060,asilo,Sudamérica,Tribunal A,7,18.0,0,0,1,0.0,0,0
EXP-01061,asilo,Centroamérica,Tribunal A,29,36.6,0,0,0,0.0,0,0
EXP-01062,asilo,Centroamérica,Tribunal B,29,34.1,2,1,1,0.0,0,0
EXP-01062,asilo,Centroamérica,Tribunal B,16,22.0,0,1,1,0.0,0,0
EXP-01062,asilo,Centroamérica,Tribunal B,11,25.7,0,1,1,0.0,0,0
EXP-01063,miedo_creible,México,Tribunal C,36,55.5,0,1,0,0.0,0,0
EXP-01064,asilo,Asia,Tribunal F,18,117.4,1,1,0,1.0,0,0
EXP-01064,asilo,Asia,Tribunal F,18,115.2,0,1,0,1.0,0,0
EXP-01065,asilo,México,Tribunal A,18,46.4,0,0,0,0.0,0,0
EXP-01066,miedo_creible,África,Tribunal D,27,93.5,0,1,0,1.0,0,0
EXP-01067,miedo_creible,Centroamérica,Tribunal C,24,,0,0,1,0.0,0,0
EXP-01068,reinstalacion,México,Tribunal F,51,32.6,0,1,0,0.0,0,0
EXP-01069,ajuste_estatus,Caribe,Tribunal E,21,23.6,2,1,0,1.0,0,0
EXP-01069,ajuste_estatus,Caribe,Tribunal E,19,9.8,0,1,0,1.0,0,0
EXP-01069,ajuste_estatus,Caribe,Tribunal E,4,14.1,0,1,0,1.0,0,0
EXP-01070,miedo_creible,México,Tribunal B,27,98.2,0,1,0,0.0,1,0
EXP-01071,miedo_creible,Centroamérica,Tribunal D,44,68.7,0,1,1,1.0,0,0
EXP-01072,reinstalacion,México,Tribunal D,37,51.1,2,1,0,0.0,1,0
EXP-01072,reinstalacion,México,Tribunal D,6,48.8,0,1,0,0.0,0,0
EXP-01072,reinstalacion,México,Tribunal D,6,50.5,0,1,0,0.0,0,0
EXP-01073,asilo,Centroamérica,Tribunal C,24,11.5,0,1,0,0.0,0,1
EXP-01074,asilo,México,Tribunal B,22,,0,1,0,0.0,1,0
EXP-01075,miedo_creible,Caribe,Tribunal C,18,,0,1,0,1.0,0,0
EXP-01076,miedo_creible,Caribe,Tribunal C,34,39.4,0,1,1,1.0,0,0
EXP-01077,salida_voluntaria,Sudamérica,Tribunal A,20,17.1,0,1,1,0.0,0,0
EXP-01078,ajuste_estatus,Centroamérica,Tribunal F,37,38.9,1,1,1,0.0,0,0
EXP-01078,ajuste_estatus,Centroamérica,Tribunal F,33,31.7,0,1,1,0.0,0,0
EXP-01079,asilo,Centroamérica,Tribunal D,29,29.7,0,1,0,0.0,0,1
EXP-01080,asilo,Asia,Tribunal D,30,40.2,0,0,1,1.0,0,0
EXP-01081,salida_voluntaria,México,Tribunal F,29,58.8,3,1,0,0.0,0,1
EXP-01081,salida_voluntaria,México,Tribunal F,30,60.0,0,1,0,0.0,0,1
EXP-01081,salida_voluntaria,México,Tribunal F,13,56.0,0,1,0,0.0,0,1
EXP-01081,salida_voluntaria,México,Tribunal F,6,57.0,0,1,0,0.0,0,1
EXP-01082,reinstalacion,México,Tribunal F,26,6.0,0,1,1,1.0,0,0
EXP-01083,ajuste_estatus,Asia,Tribunal C,29,1.2,0,1,1,1.0,0,1
EXP-01084,asilo,Caribe,Tribunal A,38,76.2,0,0,1,0.0,0,0
EXP-01085,ajuste_estatus,Centroamérica,Tribunal D,35,91.8,2,0,1,0.0,0,0
EXP-01085,ajuste_estatus,Centroamérica,Tribunal D,13,88.4,0,0,1,0.0,0,0
EXP-01085,ajuste_estatus,Centroamérica,Tribunal D,15,83.0,0,0,1,0.0,0,0
EXP-01086,cancelacion,México,Tribunal B,36,174.9,1,1,0,0.0,0,1
EXP-01086,cancelacion,México,Tribunal B,34,171.7,0,1,0,0.0,0,1
EXP-01087,asilo,Sudamérica,Tribunal D,20,10.3,0,1,1,0.0,0,1
EXP-01088,asilo,Asia,Tribunal A,21,180.2,0,1,0,1.0,0,0
EXP-01089,miedo_creible,Centroamérica,Tribunal E,33,24.0,0,1,1,0.0,0,0
EXP-01090,asilo,Centroamérica,Tribunal A,39,29.8,0,1,0,1.0,0,0
EXP-01091,miedo_creible,Centroamérica,Tribunal C,22,108.0,0,1,1,0.0,0,0
EXP-01092,asilo,México,Tribunal A,29,17.5,0,0,1,0.0,1,0
EXP-01093,ajuste_estatus,Centroamérica,Tribunal A,38,26.1,0,1,0,0.0,0,1
EXP-01094,cancelacion,Sudamérica,Tribunal F,35,175.2,0,1,0,1.0,1,1
EXP-01095,salida_voluntaria,Caribe,Tribunal B,18,103.2,0,1,0,0.0,0,0
EXP-01096,salida_voluntaria,Centroamérica,Tribunal B,42,14.1,1,1,0,1.0,0,0
EXP-01096,salida_voluntaria,Centroamérica,Tribunal B,7,0.0,0,1,0,1.0,0,0
EXP-01097,asilo,Centroamérica,Tribunal A,29,64.2,4,0,0,0.0,0,0
EXP-01097,asilo,Centroamérica,Tribunal A,13,,0,0,0,0.0,0,0
EXP-01097,asilo,Centroamérica,Tribunal A,11,53.5,0,0,0,0.0,0,0
EXP-01097,asilo,Centroamérica,Tribunal A,2,51.8,0,0,0,0.0,0,0
EXP-01097,asilo,Centroamérica,Tribunal A,12,58.3,0,0,0,0.0,0,0
EXP-01098,ajuste_estatus,Caribe,Tribunal C,28,,2,1,0,1.0,0,0
EXP-01098,ajuste_estatus,Caribe,Tribunal C,26,31.1,0,1,0,1.0,0,0
EXP-01098,ajuste_estatus,Caribe,Tribunal C,1,32.2,0,1,0,1.0,0,0
EXP-01099,salida_voluntaria,México,Tribunal F,43,9.7,0,0,0,0.0,0,0
EXP-01100,asilo,Europa,Tribunal A,44,53.5,2,0,0,1.0,0,0
EXP-01100,asilo,Europa,Tribunal A,13,45.4,0,0,0,1.0,0,0
EXP-01100,asilo,Europa,Tribunal A,2,46.5,0,0,0,1.0,0,0
EXP-01101,asilo,Centroamérica,Tribunal D,32,76.3,3,0,0,0.0,0,0
EXP-01101,asilo,Centroamérica,Tribunal D,34,70.0,0,0,0,0.0,0,0
EXP-01101,asilo,Centroamérica,Tribunal D,15,74.6,0,0,0,0.0,0,0
EXP-01101,asilo,Centroamérica,Tribunal D,3,76.2,0,0,0,0.0,0,0
EXP-01102,asilo,Centroamérica,Tribunal B,38,16.2,0,1,1,1.0,1,0
EXP-01103,miedo_creible,Centroamérica,Tribunal D,23,23.1,0,1,1,0.0,0,0
EXP-01104,ajuste_estatus,Centroamérica,Tribunal A,27,100.1,0,0,1,0.0,0,0
EXP-01105,ajuste_estatus,Caribe,Tribunal B,48,30.3,1,0,1,0.0,0,0
EXP-01105,ajuste_estatus,Caribe,Tribunal B,29,21.2,0,0,1,0.0,0,0
EXP-01106,salida_voluntaria,Asia,Tribunal D,41,56.4,0,1,1,1.0,1,1
EXP-01107,salida_voluntaria,Asia,Tribunal C,45,56.1,1,0,1,1.0,0,0
EXP-01107,salida_voluntaria,Asia,Tribunal C,8,52.1,0,0,1,1.0,0,0
EXP-01108,reinstalacion,Centroamérica,Tribunal A,39,32.9,0,1,0,0.0,0,0
EXP-01109,miedo_creible,Sudamérica,Tribunal B,38,84.3,0,1,0,0.0,0,0
EXP-01110,miedo_creible,Centroamérica,Tribunal B,35,,1,1,1,0.0,0,0
EXP-01110,miedo_creible,Centroamérica,Tribunal B,19,5.6,0,1,1,0.0,0,0
EXP-01111,asilo,Centroamérica,Tribunal D,24,87.9,0,1,0,0.0,0,1
EXP-01112,salida_voluntaria,Centroamérica,Tribunal C,33,89.2,3,0,1,0.0,0,0
EXP-01112,salida_voluntaria,Centroamérica,Tribunal C,34,80.1,0,0,1,0.0,0,0
EXP-01112,salida_voluntaria,Centroamérica,Tribunal C,16,81.8,0,0,1,0.0,0,0
EXP-01112,salida_voluntaria,Centroamérica,Tribunal C,12,83.5,0,0,1,0.0,0,0
EXP-01113,asilo,México,Tribunal D,23,54.9,2,0,0,0.0,0,0
EXP-01113,asilo,México,Tribunal D,25,,0,0,0,0.0,0,0
EXP-01113,asilo,México,Tribunal D,14,45.1,0,0,0,0.0,0,0
EXP-01114,ajuste_estatus,Sudamérica,Tribunal E,39,,0,0,1,0.0,0,0
EXP-01115,asilo,Sudamérica,Tribunal A,36,10.6,1,1,0,1.0,0,1
EXP-01115,asilo,Sudamérica,Tribunal A,13,1.7,0,1,0,1.0,0,1
EXP-01116,asilo,Centroamérica,Tribunal B,35,74.5,0,1,0,0.0,0,1
EXP-01117,asilo,Caribe,Tribunal D,35,46.9,0,0,0,1.0,0,0
EXP-01118,salida_voluntaria,Sudamérica,Tribunal D,28,82.1,0,0,1,1.0,0,0
EXP-01119,asilo,México,Tribunal A,42,110.9,0,0,1,0.0,0,0
EXP-01120,asilo,Centroamérica,Tribunal E,19,26.3,0,1,0,1.0,0,0
EXP-01121,salida_voluntaria,México,Tribunal A,20,20.4,2,1,1,0.0,0,0
EXP-01121,salida_voluntaria,México,Tribunal A,31,13.6,0,1,1,0.0,0,0
EXP-01121,salida_voluntaria,México,Tribunal A,14,13.4,0,1,1,0.0,0,0
EXP-01122,reinstalacion,México,Tribunal A,30,37.6,0,1,1,0.0,0,0
EXP-01123,asilo,Centroamérica,Tribunal F,29,56.8,0,1,0,0.0,0,0
EXP-01124,cancelacion,Centroamérica,Tribunal B,25,174.0,0,1,0,0.0,0,1
EXP-01125,reinstalacion,México,Tribunal F,41,54.8,0,1,0,0.0,0,0
EXP-01126,ajuste_estatus,México,Tribunal E,40,42.6,0,1,0,0.0,0,1
EXP-01127,salida_voluntaria,México,Tribunal D,29,115.8,1,1,0,0.0,0,0
EXP-01127,salida_voluntaria,México,Tribunal D,25,109.4,0,1,0,0.0,0,0
EXP-01128,reinstalacion,Centroamérica,Tribunal C,18,188.6,0,1,1,0.0,0,0
EXP-01129,asilo,Sudamérica,Tribunal A,31,12.7,0,1,0,1.0,0,1
EXP-01130,asilo,Centroamérica,Tribunal C,30,60.0,0,1,0,0.0,1,0
EXP-01131,salida_voluntaria,México,Tribunal D,30,34.0,0,1,0,0.0,0,1
EXP-01132,miedo_creible,Sudamérica,Tribunal C,31,67.6,0,1,0,1.0,0,0
EXP-01133,asilo,México,Tribunal A,24,41.8,0,1,0,0.0,0,1
EXP-01134,asilo,Sudamérica,Tribunal C,20,65.1,0,1,0,0.0,0,1
EXP-01135,reinstalacion,Caribe,Tribunal D,18,55.9,0,0,1,1.0,0,0
EXP-01136,asilo,Centroamérica,Tribunal B,28,43.0,0,0,1,0.0,0,0
EXP-01137,reinstalacion,México,Tribunal C,31,,0,1,0,0.0,1,0
EXP-01138,asilo,Centroamérica,Tribunal B,29,9.3,0,1,1,1.0,0,1
EXP-01139,miedo_creible,Centroamérica,Tribunal F,35,30.4,0,1,1,0.0,0,0
EXP-01140,reinstalacion,Caribe,Tribunal D,47,,0,1,1,0.0,1,0
EXP-01141,asilo,África,Tribunal E,23,54.5,0,0,1,1.0,0,0
EXP-01142,salida_voluntaria,México,Tribunal D,28,47.7,1,1,0,0.0,1,0
EXP-01142,salida_voluntaria,México,Tribunal D,31,41.2,0,1,0,0.0,0,0
EXP-01143,asilo,Centroamérica,Tribunal E,35,42.8,0,1,0,0.0,1,1
EXP-01144,miedo_creible,Caribe,Tribunal D,26,77.5,0,1,0,1.0,0,0
EXP-01145,miedo_creible,Sudamérica,Tribunal B,22,8.6,0,1,0,1.0,0,0
EXP-01146,salida_voluntaria,Asia,Tribunal A,41,49.1,0,1,0,1.0,0,1
EXP-01147,salida_voluntaria,México,Tribunal E,18,42.0,0,1,1,1.0,0,0
EXP-01148,reinstalacion,México,Tribunal A,21,109.5,0,1,1,0.0,0,0
EXP-01149,salida_voluntaria,Centroamérica,Tribunal E,27,123.8,0,1,0,0.0,0,1
EXP-01150,asilo,Sudamérica,Tribunal B,38,53.2,1,1,0,1.0,0,1
EXP-01150,asilo,Sudamérica,Tribunal B,14,42.7,0,1,0,1.0,0,1
EXP-01151,cancelacion,Caribe,Tribunal D,29,127.1,0,0,1,1.0,0,0
EXP-01152,asilo,Centroamérica,Tribunal F,23,59.8,0,0,1,0.0,0,0
EXP-01153,reinstalacion,Centroamérica,Tribunal D,41,48.6,0,1,0,0.0,0,0
EXP-01154,asilo,Sudamérica,Tribunal B,36,47.3,0,0,1,0.0,0,0
EXP-01155,ajuste_estatus,México,Tribunal D,35,44.5,0,1,0,0.0,0,0
EXP-01156,miedo_creible,Europa,Tribunal B,33,32.0,0,1,1,1.0,0,0
EXP-01157,ajuste_estatus,Caribe,Tribunal D,33,52.0,2,1,0,0.0,0,0
EXP-01157,ajuste_estatus,Caribe,Tribunal D,16,45.5,0,1,0,0.0,0,0
EXP-01157,ajuste_estatus,Caribe,Tribunal D,6,43.7,0,1,0,0.0,0,0
EXP-01158,salida_voluntaria,Centroamérica,Tribunal E,40,39.3,0,1,1,0.0,0,1
EXP-01159,asilo,África,Tribunal A,28,25.3,0,0,1,1.0,1,0
EXP-01160,cancelacion,México,Tribunal F,37,165.8,0,1,1,0.0,0,0
EXP-01161,reinstalacion,México,Tribunal B,31,97.2,0,1,1,1.0,0,0
EXP-01162,asilo,Sudamérica,Tribunal C,45,,1,1,0,0.0,0,1
EXP-01162,asilo,Sudamérica,Tribunal C,1,65.2,0,1,0,0.0,0,1
EXP-01163,asilo,Caribe,Tribunal A,21,47.2,2,1,1,0.0,0,0
EXP-01163,asilo,Caribe,Tribunal A,28,35.2,0,1,1,0.0,0,0
EXP-01163,asilo,Caribe,Tribunal A,12,41.8,0,1,1,0.0,0,0
EXP-01164,miedo_creible,Sudamérica,Tribunal D,34,,0,1,1,0.0,0,0
EXP-01165,ajuste_estatus,Sudamérica,Tribunal B,30,44.0,0,1,0,0.0,0,0
EXP-01166,miedo_creible,Centroamérica,Tribunal C,23,20.2,0,1,0,0.0,0,0
EXP-01167,reinstalacion,México,Tribunal D,36,57.9,0,1,0,0.0,0,0
EXP-01168,asilo,Sudamérica,Tribunal D,30,34.4,0,1,0,0.0,0,1
EXP-01169,miedo_creible,Centroamérica,Tribunal B,38,27.4,0,1,1,1.0,0,0
EXP-01170,reinstalacion,Centroamérica,Tribunal D,31,137.3,0,1,0,1.0,1,0
EXP-01171,asilo,Asia,Tribunal D,46,29.2,0,0,0,1.0,0,0
EXP-01172,asilo,Centroamérica,Tribunal C,30,88.1,1,1,0,0.0,0,0
EXP-01172,asilo,Centroamérica,Tribunal C,34,81.3,0,1,0,0.0,0,0
EXP-01173,asilo,Caribe,Tribunal E,32,101.0,0,0,1,1.0,0,0
EXP-01174,miedo_creible,Centroamérica,Tribunal A,19,79.0,0,1,1,1.0,0,0
EXP-01175,salida_voluntaria,México,Tribunal A,37,51.0,1,1,0,0.0,0,1
EXP-01175,salida_voluntaria,México,Tribunal A,21,38.6,0,1,0,0.0,0,1
EXP-01176,reinstalacion,México,Tribunal F,42,72.1,1,1,1,0.0,0,0
EXP-01176,reinstalacion,México,Tribunal F,15,67.4,0,1,1,0.0,0,0
EXP-01177,miedo_creible,México,Tribunal B,37,38.8,0,1,1,0.0,0,0
EXP-01178,salida_voluntaria,África,Tribunal A,47,49.9,2,1,0,1.0,0,1
EXP-01178,salida_voluntaria,África,Tribunal A,36,,0,1,0,1.0,0,1
EXP-01178,salida_voluntaria,África,Tribunal A,14,41.5,0,1,0,1.0,0,1
EXP-01179,reinstalacion,Sudamérica,Tribunal D,31,16.1,0,1,0,0.0,0,0
EXP-01180,ajuste_estatus,Sudamérica,Tribunal A,25,7.0,0,1,0,0.0,0,1
EXP-01181,cancelacion,México,Tribunal B,28,180.2,3,1,0,0.0,0,1
EXP-01181,cancelacion,México,Tribunal B,27,175.1,0,1,0,0.0,0,1
EXP-01181,cancelacion,México,Tribunal B,4,167.2,0,1,0,0.0,0,1
EXP-01181,cancelacion,México,Tribunal B,7,171.5,0,1,0,0.0,0,1
EXP-01182,miedo_creible,Centroamérica,Tribunal B,18,27.3,0,1,0,0.0,0,0
EXP-01183,reinstalacion,México,Tribunal D,28,28.9,1,1,0,0.0,0,0
EXP-01183,reinstalacion,México,Tribunal D,35,21.4,0,1,0,0.0,0,0
EXP-01184,salida_voluntaria,Centroamérica,Tribunal E,33,35.9,0,0,1,1.0,0,0
EXP-01185,ajuste_estatus,Centroamérica,Tribunal D,28,68.1,2,1,0,0.0,0,1
EXP-01185,ajuste_estatus,Centroamérica,Tribunal D,34,62.2,0,1,0,0.0,0,1
EXP-01185,ajuste_estatus,Centroamérica,Tribunal D,5,65.5,0,1,0,0.0,0,1
EXP-01186,asilo,México,Tribunal C,37,105.8,0,1,1,0.0,1,0
EXP-01187,salida_voluntaria,México,Tribunal B,39,,0,0,1,0.0,1,0
EXP-01188,asilo,México,Tribunal E,35,24.0,0,1,0,0.0,1,0
EXP-01189,ajuste_estatus,Centroamérica,Tribunal B,37,136.8,1,1,0,0.0,0,0
EXP-01189,ajuste_estatus,Centroamérica,Tribunal B,47,135.0,0,1,0,0.0,0,0
EXP-01190,ajuste_estatus,África,Tribunal E,35,73.9,0,1,1,1.0,0,0
EXP-01191,reinstalacion,México,Tribunal F,21,57.2,0,1,1,0.0,0,0
EXP-01192,miedo_creible,Centroamérica,Tribunal B,40,64.1,1,1,0,,0,0
EXP-01192,miedo_creible,Centroamérica,Tribunal B,34,59.8,0,1,0,0.0,0,0
EXP-01193,asilo,Sudamérica,Tribunal B,41,20.2,0,0,1,1.0,0,0
EXP-01194,reinstalacion,Centroamérica,Tribunal B,25,15.8,0,1,0,0.0,0,0
EXP-01195,ajuste_estatus,Sudamérica,Tribunal C,26,7.9,3,1,1,0.0,0,0
EXP-01195,ajuste_estatus,Sudamérica,Tribunal C,35,9.1,0,1,1,0.0,0,0
EXP-01195,ajuste_estatus,Sudamérica,Tribunal C,6,1.5,0,1,1,,0,0
EXP-01195,ajuste_estatus,Sudamérica,Tribunal C,5,5.6,0,1,1,0.0,0,0
EXP-01196,reinstalacion,México,Tribunal A,42,69.6,0,1,0,0.0,0,0
EXP-01197,reinstalacion,Centroamérica,Tribunal B,30,45.6,0,1,0,0.0,0,0
EXP-01198,ajuste_estatus,México,Tribunal A,39,76.9,0,1,0,0.0,0,1
EXP-01199,ajuste_estatus,Centroamérica,Tribunal F,48,104.4,1,1,1,1.0,0,0
EXP-01199,ajuste_estatus,Centroamérica,Tribunal F,12,94.3,0,1,1,1.0,0,0
EXP-01200,asilo,Sudamérica,Tribunal D,27,13.6,0,1,0,0.0,1,1
EXP-01201,ajuste_estatus,Sudamérica,Tribunal C,25,77.5,0,1,0,0.0,0,1
EXP-01202,miedo_creible,Centroamérica,Tribunal A,39,18.2,0,1,1,0.0,0,0
EXP-01203,ajuste_estatus,Centroamérica,Tribunal A,38,52.0,2,1,0,0.0,1,0
EXP-01203,ajuste_estatus,Centroamérica,Tribunal A,47,44.8,0,1,0,0.0,0,0
EXP-01203,ajuste_estatus,Centroamérica,Tribunal A,7,52.1,0,1,0,0.0,0,0
EXP-01204,asilo,Europa,Tribunal E,40,22.7,0,1,0,0.0,0,1
EXP-01205,miedo_creible,México,Tribunal B,49,49.7,1,1,1,0.0,0,0
EXP-01205,miedo_creible,México,Tribunal B,1,41.2,0,1,1,0.0,0,0
EXP-01206,salida_voluntaria,Asia,Tribunal A,43,40.8,0,0,1,1.0,0,0
EXP-01207,asilo,Caribe,Tribunal A,25,29.1,0,1,0,0.0,1,1
EXP-01208,cancelacion,África,Tribunal D,43,170.0,0,1,0,1.0,0,1
EXP-01209,reinstalacion,Sudamérica,Tribunal C,33,88.8,0,1,0,0.0,0,0
EXP-01210,salida_voluntaria,África,Tribunal D,33,37.3,0,1,0,1.0,0,0
EXP-01211,asilo,Centroamérica,Tribunal A,34,36.8,0,0,1,0.0,0,0
EXP-01212,asilo,Centroamérica,Tribunal B,27,61.4,3,0,0,0.0,0,0
EXP-01212,asilo,Centroamérica,Tribunal B,5,59.4,0,0,0,0.0,0,0
EXP-01212,asilo,Centroamérica,Tribunal B,12,61.4,0,0,0,0.0,0,0
EXP-01212,asilo,Centroamérica,Tribunal B,14,57.7,0,0,0,0.0,0,0
EXP-01213,asilo,Centroamérica,Tribunal F,52,61.2,3,0,1,0.0,0,0
EXP-01213,asilo,Centroamérica,Tribunal F,14,52.0,0,0,1,0.0,0,0
EXP-01213,asilo,Centroamérica,Tribunal F,1,54.3,0,0,1,0.0,0,0
EXP-01213,asilo,Centroamérica,Tribunal F,13,49.9,0,0,1,0.0,0,0
EXP-01214,miedo_creible,Centroamérica,Tribunal F,26,16.4,0,1,0,0.0,1,0
EXP-01215,miedo_creible,África,Tribunal A,26,50.9,0,1,0,1.0,0,0
EXP-01216,salida_voluntaria,Centroamérica,Tribunal A,25,40.3,0,1,1,1.0,0,0
EXP-01217,asilo,África,Tribunal E,29,47.9,0,0,0,1.0,0,0
EXP-01218,reinstalacion,México,Tribunal F,35,78.9,0,1,1,0.0,0,0
EXP-01219,asilo,Sudamérica,Tribunal C,21,15.5,1,0,0,0.0,0,0
EXP-01219,asilo,Sudamérica,Tribunal C,4,16.2,0,0,0,0.0,0,0
EXP-01220,asilo,Asia,Tribunal B,45,105.6,2,1,0,1.0,0,0
EXP-01220,asilo,Asia,Tribunal B,53,106.8,0,1,0,1.0,0,0
EXP-01220,asilo,Asia,Tribunal B,15,106.6,0,1,0,1.0,0,0
EXP-01221,reinstalacion,México,Tribunal B,24,89.1,2,1,0,0.0,0,0
EXP-01221,reinstalacion,México,Tribunal B,22,80.4,0,1,0,0.0,0,0
EXP-01221,reinstalacion,México,Tribunal B,3,,0,1,0,0.0,0,0
EXP-01222,asilo,Centroamérica,Tribunal F,39,26.9,0,1,0,0.0,0,0
EXP-01223,asilo,Sudamérica,Tribunal B,18,5.1,0,1,0,1.0,0,0
EXP-01224,asilo,Centroamérica,Tribunal A,19,22.7,1,1,0,0.0,0,1
EXP-01224,asilo,Centroamérica,Tribunal A,16,16.6,0,1,0,0.0,0,1
EXP-01225,asilo,Centroamérica,Tribunal E,18,41.3,0,0,1,0.0,0,0
EXP-01226,reinstalacion,México,Tribunal A,42,43.2,0,1,1,0.0,0,0
EXP-01227,miedo_creible,Centroamérica,Tribunal A,36,8.5,0,1,0,0.0,1,0
EXP-01228,ajuste_estatus,México,Tribunal E,18,24.6,0,1,0,0.0,0,1
EXP-01229,reinstalacion,África,Tribunal E,43,73.9,0,1,0,1.0,0,0
EXP-01230,miedo_creible,Sudamérica,Tribunal F,31,55.2,0,1,1,0.0,0,0
EXP-01231,asilo,Caribe,Tribunal A,33,3.9,0,1,0,0.0,1,0
EXP-01232,reinstalacion,México,Tribunal A,57,27.8,0,1,0,0.0,0,0
EXP-01233,cancelacion,Centroamérica,Tribunal A,29,131.1,0,0,0,1.0,0,0
EXP-01234,reinstalacion,México,Tribunal A,18,23.2,0,1,1,0.0,0,0
EXP-01235,ajuste_estatus,Centroamérica,Tribunal B,26,32.4,0,1,0,0.0,1,1
EXP-01236,asilo,Caribe,Tribunal A,32,33.0,1,1,0,1.0,0,1
EXP-01236,asilo,Caribe,Tribunal A,25,19.9,0,1,0,1.0,0,1
EXP-01237,cancelacion,Sudamérica,Tribunal A,36,335.2,0,1,0,0.0,0,1
EXP-01238,asilo,Asia,Tribunal B,34,68.2,0,1,0,0.0,0,1
EXP-01239,miedo_creible,Asia,Tribunal B,31,47.0,0,1,0,1.0,0,0
EXP-01240,asilo,Caribe,Tribunal A,26,41.5,0,1,1,1.0,0,0
EXP-01241,asilo,Centroamérica,Tribunal A,43,66.6,0,0,1,0.0,0,0
EXP-01242,miedo_creible,Sudamérica,Tribunal E,28,34.1,0,1,0,0.0,0,0
EXP-01243,salida_voluntaria,Centroamérica,Tribunal A,40,112.0,0,0,1,0.0,0,0
EXP-01244,miedo_creible,África,Tribunal D,32,57.8,0,1,0,1.0,1,0
EXP-01245,ajuste_estatus,Centroamérica,Tribunal A,32,19.1,0,1,1,0.0,0,0
EXP-01246,ajuste_estatus,México,Tribunal D,30,95.2,0,0,1,0.0,0,0
EXP-01247,asilo,Caribe,Tribunal B,32,45.6,0,0,1,0.0,0,0
EXP-01248,ajuste_estatus,México,Tribunal A,19,62.5,2,0,1,0.0,0,0
EXP-01248,ajuste_estatus,México,Tribunal A,1,52.6,0,0,1,0.0,0,0
EXP-01248,ajuste_estatus,México,Tribunal A,3,58.6,0,0,1,0.0,0,0
EXP-01249,reinstalacion,Caribe,Tribunal F,23,96.0,0,1,0,0.0,0,0
EXP-01250,reinstalacion,África,Tribunal A,18,52.4,0,1,0,1.0,0,0
EXP-01251,asilo,Centroamérica,Tribunal A,39,11.1,1,1,1,0.0,0,1
EXP-01251,asilo,Centroamérica,Tribunal A,40,3.4,0,1,1,0.0,0,1
EXP-01252,cancelacion,Centroamérica,Tribunal A,31,126.1,4,1,0,0.0,0,0
EXP-01252,cancelacion,Centroamérica,Tribunal A,9,117.9,0,1,0,0.0,0,0
EXP-01252,cancelacion,Centroamérica,Tribunal A,13,119.5,0,1,0,0.0,0,0
EXP-01252,cancelacion,Centroamérica,Tribunal A,7,123.1,0,1,0,0.0,0,0
EXP-01252,cancelacion,Centroamérica,Tribunal A,14,120.8,0,1,0,0.0,0,0
EXP-01253,asilo,Centroamérica,Tribunal A,18,69.4,0,0,1,0.0,0,0
EXP-01254,ajuste_estatus,Centroamérica,Tribunal A,22,82.4,1,0,1,1.0,0,0
EXP-01254,ajuste_estatus,Centroamérica,Tribunal A,31,78.7,0,0,1,1.0,0,0
EXP-01255,miedo_creible,Centroamérica,Tribunal C,46,84.9,1,1,1,1.0,0,0
EXP-01255,miedo_creible,Centroamérica,Tribunal C,13,84.8,0,1,1,1.0,0,0
EXP-01256,salida_voluntaria,México,Tribunal F,28,101.0,0,1,0,0.0,0,1
EXP-01257,asilo,Centroamérica,Tribunal A,26,42.2,0,0,1,0.0,0,0
EXP-01258,reinstalacion,Centroamérica,Tribunal A,28,28.0,2,1,0,0.0,0,0
EXP-01258,reinstalacion,Centroamérica,Tribunal A,9,23.3,0,1,0,0.0,0,0
EXP-01258,reinstalacion,Centroamérica,Tribunal A,1,20.4,0,1,0,0.0,0,0
EXP-01259,asilo,Sudamérica,Tribunal A,32,27.8,1,0,1,0.0,0,0
EXP-01259,asilo,Sudamérica,Tribunal A,34,26.8,0,0,1,0.0,0,0
EXP-01260,asilo,Centroamérica,Tribunal D,43,106.2,0,0,0,0.0,0,0
EXP-01261,ajuste_estatus,Caribe,Tribunal A,32,37.4,0,1,0,0.0,0,1
EXP-01262,reinstalacion,Caribe,Tribunal D,35,15.2,0,1,0,1.0,1,0
EXP-01263,asilo,Sudamérica,Tribunal A,18,32.8,3,0,1,0.0,0,0
EXP-01263,asilo,Sudamérica,Tribunal A,10,23.0,0,0,1,0.0,0,0
EXP-01263,asilo,Sudamérica,Tribunal A,15,24.6,0,0,1,0.0,0,0
EXP-01263,asilo,Sudamérica,Tribunal A,10,33.4,0,0,1,0.0,0,0
EXP-01264,reinstalacion,Caribe,Tribunal B,43,20.4,0,1,0,1.0,0,0
EXP-01265,salida_voluntaria,Centroamérica,Tribunal A,31,196.1,0,0,1,1.0,0,0
EXP-01266,reinstalacion,México,Tribunal C,36,40.3,0,1,0,0.0,0,0
EXP-01267,asilo,Caribe,Tribunal E,38,,0,1,0,1.0,0,1
EXP-01268,miedo_creible,Centroamérica,Tribunal B,29,129.6,0,1,1,0.0,1,0
EXP-01269,reinstalacion,México,Tribunal A,33,25.0,0,1,0,0.0,1,0
EXP-01270,asilo,Centroamérica,Tribunal F,32,94.8,0,0,1,1.0,0,0
EXP-01271,asilo,Centroamérica,Tribunal A,35,,0,1,0,0.0,0,0
EXP-01272,salida_voluntaria,México,Tribunal E,36,35.0,0,1,0,0.0,0,1
EXP-01273,asilo,Europa,Tribunal B,21,91.7,0,1,0,1.0,1,0
EXP-01274,reinstalacion,Sudamérica,Tribunal B,31,44.7,0,1,0,1.0,0,0
EXP-01275,cancelacion,Centroamérica,Tribunal A,25,170.9,0,1,0,0.0,1,1
EXP-01276,asilo,Centroamérica,Tribunal E,28,,1,1,1,0.0,0,0
EXP-01276,asilo,Centroamérica,Tribunal E,33,49.8,0,1,1,0.0,0,0
EXP-01277,miedo_creible,África,Tribunal C,35,13.3,0,1,0,0.0,0,0
EXP-01278,asilo,Europa,Tribunal F,33,64.9,0,0,0,,0,0
EXP-01279,salida_voluntaria,Centroamérica,Tribunal C,18,31.1,0,0,0,0.0,0,0
EXP-01280,asilo,Sudamérica,Tribunal B,24,,0,0,1,0.0,0,0
EXP-01281,ajuste_estatus,Sudamérica,Tribunal E,18,59.5,0,1,0,0.0,0,0
EXP-01282,salida_voluntaria,Centroamérica,Tribunal B,38,102.4,0,0,1,,0,0
EXP-01283,miedo_creible,Caribe,Tribunal B,41,44.6,0,1,0,0.0,0,0
EXP-01284,asilo,Caribe,Tribunal B,39,108.3,2,0,1,1.0,0,0
EXP-01284,asilo,Caribe,Tribunal B,12,106.7,0,0,1,1.0,0,0
EXP-01284,asilo,Caribe,Tribunal B,12,104.8,0,0,1,1.0,0,0
EXP-01285,asilo,Caribe,Tribunal E,28,76.1,0,1,1,0.0,0,0
EXP-01286,ajuste_estatus,Caribe,Tribunal A,43,20.6,1,1,0,0.0,1,1
EXP-01286,ajuste_estatus,Caribe,Tribunal A,28,18.3,0,1,0,,0,1
EXP-01287,asilo,Sudamérica,Tribunal C,31,68.3,3,0,0,0.0,0,0
EXP-01287,asilo,Sudamérica,Tribunal C,31,58.5,0,0,0,0.0,0,0
EXP-01287,asilo,Sudamérica,Tribunal C,9,61.9,0,0,0,0.0,0,0
EXP-01287,asilo,Sudamérica,Tribunal C,9,68.6,0,0,0,0.0,0,0
EXP-01288,salida_voluntaria,Sudamérica,Tribunal E,32,91.0,0,0,1,0.0,0,0
EXP-01289,cancelacion,Sudamérica,Tribunal F,45,140.3,0,0,0,0.0,0,0
EXP-01290,asilo,Centroamérica,Tribunal B,23,44.0,1,1,0,1.0,0,0
EXP-01290,asilo,Centroamérica,Tribunal B,24,37.7,0,1,0,1.0,0,0
EXP-01291,reinstalacion,Centroamérica,Tribunal B,33,24.2,0,0,1,0.0,0,0
EXP-01292,asilo,Caribe,Tribunal F,27,12.9,0,0,0,1.0,0,0
EXP-01293,reinstalacion,Caribe,Tribunal C,34,61.9,0,1,0,1.0,0,0
EXP-01294,cancelacion,Centroamérica,Tribunal D,27,213.0,0,1,0,,0,0
EXP-01295,reinstalacion,Centroamérica,Tribunal B,20,46.5,0,1,0,0.0,0,0
EXP-01296,reinstalacion,África,Tribunal B,38,57.2,0,1,1,1.0,1,0
EXP-01297,reinstalacion,Asia,Tribunal C,26,23.6,0,1,0,1.0,0,0
EXP-01298,ajuste_estatus,Centroamérica,Tribunal D,38,54.8,3,1,0,0.0,0,1
EXP-01298,ajuste_estatus,Centroamérica,Tribunal D,4,50.1,0,1,0,0.0,0,1
EXP-01298,ajuste_estatus,Centroamérica,Tribunal D,2,48.6,0,1,0,0.0,0,1
EXP-01298,ajuste_estatus,Centroamérica,Tribunal D,9,53.7,0,1,0,0.0,0,1
EXP-01299,asilo,Centroamérica,Tribunal C,24,,0,1,1,0.0,0,1
EXP-01300,miedo_creible,México,Tribunal B,44,19.1,0,1,1,0.0,1,0
EXP-01301,cancelacion,Centroamérica,Tribunal E,43,173.2,0,1,0,0.0,0,1
EXP-01302,miedo_creible,Centroamérica,Tribunal A,52,19.2,0,1,0,0.0,0,0
EXP-01303,asilo,Centroamérica,Tribunal E,19,58.4,0,1,1,0.0,0,0
EXP-01304,miedo_creible,Sudamérica,Tribunal A,26,72.9,0,1,1,0.0,0,0
EXP-01305,salida_voluntaria,Centroamérica,Tribunal A,31,119.9,0,1,1,0.0,0,1
EXP-01306,miedo_creible,Centroamérica,Tribunal A,29,56.2,0,1,0,0.0,0,0
EXP-01307,asilo,Centroamérica,Tribunal E,32,57.6,0,1,1,0.0,0,1
EXP-01308,asilo,Europa,Tribunal B,33,115.0,1,1,0,1.0,0,1
EXP-01308,asilo,Europa,Tribunal B,13,111.7,0,1,0,1.0,0,1
EXP-01309,salida_voluntaria,Asia,Tribunal F,27,26.8,2,1,0,1.0,0,1
EXP-01309,salida_voluntaria,Asia,Tribunal F,12,21.3,0,1,0,1.0,0,1
EXP-01309,salida_voluntaria,Asia,Tribunal F,11,20.2,0,1,0,1.0,0,1
EXP-01310,asilo,México,Tribunal C,22,22.6,0,1,0,0.0,0,1
EXP-01311,asilo,Centroamérica,Tribunal F,31,60.9,2,1,0,0.0,0,0
EXP-01311,asilo,Centroamérica,Tribunal F,28,48.4,0,1,0,0.0,0,0
EXP-01311,asilo,Centroamérica,Tribunal F,12,57.1,0,1,0,0.0,0,0
EXP-01312,cancelacion,México,Tribunal B,42,149.1,0,1,1,0.0,0,0
EXP-01313,asilo,México,Tribunal C,24,,2,1,1,0.0,1,1
EXP-01313,asilo,México,Tribunal C,16,107.1,0,1,1,0.0,0,1
EXP-01313,asilo,México,Tribunal C,8,115.6,0,1,1,,0,1
EXP-01314,asilo,Sudamérica,Tribunal C,20,83.5,0,0,0,0.0,0,0
EXP-01315,salida_voluntaria,Centroamérica,Tribunal B,21,116.8,0,1,0,0.0,0,0
EXP-01316,miedo_creible,México,Tribunal A,45,47.9,0,1,0,0.0,0,0
EXP-01317,ajuste_estatus,Sudamérica,Tribunal E,26,130.5,0,0,0,0.0,0,0
EXP-01318,reinstalacion,México,Tribunal D,18,103.4,0,1,0,0.0,0,0
EXP-01319,salida_voluntaria,Centroamérica,Tribunal C,28,16.9,0,1,0,0.0,0,1
EXP-01320,asilo,Centroamérica,Tribunal B,30,64.2,2,1,0,1.0,1,1
EXP-01320,asilo,Centroamérica,Tribunal B,34,52.6,0,1,0,1.0,0,1
EXP-01320,asilo,Centroamérica,Tribunal B,13,56.9,0,1,0,1.0,0,1
EXP-01321,cancelacion,Sudamérica,Tribunal A,29,177.1,0,1,0,0.0,0,0
EXP-01322,asilo,Sudamérica,Tribunal B,29,47.5,1,1,0,0.0,0,0
EXP-01322,asilo,Sudamérica,Tribunal B,11,41.0,0,1,0,0.0,0,0
EXP-01323,ajuste_estatus,Caribe,Tribunal C,32,0.9,1,1,0,1.0,0,1
EXP-01323,ajuste_estatus,Caribe,Tribunal C,25,0.0,0,1,0,1.0,0,1
EXP-01324,miedo_creible,Centroamérica,Tribunal B,34,42.5,0,1,0,0.0,0,0
EXP-01325,asilo,Sudamérica,Tribunal B,18,100.6,2,0,1,1.0,0,0
EXP-01325,asilo,Sudamérica,Tribunal B,4,96.1,0,0,1,1.0,0,0
EXP-01325,asilo,Sudamérica,Tribunal B,6,90.0,0,0,1,1.0,0,0
EXP-01326,asilo,Sudamérica,Tribunal D,47,29.6,0,1,1,1.0,0,0
EXP-01327,asilo,Sudamérica,Tribunal F,41,50.6,0,1,0,0.0,0,1
EXP-01328,reinstalacion,México,Tribunal F,32,54.5,0,1,1,0.0,1,0
EXP-01329,miedo_creible,Europa,Tribunal D,22,141.0,0,1,0,0.0,1,0
EXP-01330,reinstalacion,México,Tribunal E,18,154.5,0,1,0,0.0,0,0
EXP-01331,miedo_creible,Asia,Tribunal D,40,26.7,0,1,1,1.0,0,0
EXP-01332,reinstalacion,Sudamérica,Tribunal D,39,14.2,1,1,1,1.0,0,0
EXP-01332,reinstalacion,Sudamérica,Tribunal D,23,11.1,0,1,1,1.0,0,0
EXP-01333,miedo_creible,Centroamérica,Tribunal E,39,68.1,0,1,1,0.0,0,0
EXP-01334,asilo,Sudamérica,Tribunal D,40,20.3,0,0,1,0.0,0,0
EXP-01335,miedo_creible,Caribe,Tribunal E,37,68.1,1,1,1,0.0,0,0
EXP-01335,miedo_creible,Caribe,Tribunal E,43,,0,1,1,0.0,0,0
EXP-01336,salida_voluntaria,México,Tribunal B,34,54.1,0,1,0,0.0,0,1
EXP-01337,asilo,México,Tribunal A,32,24.6,0,1,0,0.0,0,1
EXP-01338,asilo,Centroamérica,Tribunal B,39,20.5,0,0,1,1.0,1,0
EXP-01339,miedo_creible,Centroamérica,Tribunal D,22,54.8,0,1,1,1.0,0,0
EXP-01340,reinstalacion,Centroamérica,Tribunal B,38,29.4,0,0,1,1.0,0,0
EXP-01341,salida_voluntaria,México,Tribunal D,40,31.1,0,1,0,0.0,0,1
EXP-01342,cancelacion,Caribe,Tribunal C,35,177.0,1,1,0,0.0,0,0
EXP-01342,cancelacion,Caribe,Tribunal C,26,,0,1,0,0.0,0,0
EXP-01343,reinstalacion,África,Tribunal C,45,16.9,0,0,1,1.0,0,0
EXP-01344,asilo,Asia,Tribunal F,33,118.1,1,1,1,1.0,0,0
EXP-01344,asilo,Asia,Tribunal F,43,108.9,0,1,1,1.0,0,0
EXP-01345,asilo,Caribe,Tribunal C,27,82.6,0,0,1,1.0,0,0
EXP-01346,asilo,Asia,Tribunal A,25,84.8,3,1,0,1.0,0,0
EXP-01346,asilo,Asia,Tribunal A,4,80.7,0,1,0,1.0,0,0
EXP-01346,asilo,Asia,Tribunal A,16,83.8,0,1,0,1.0,0,0
EXP-01346,asilo,Asia,Tribunal A,12,78.2,0,1,0,1.0,0,0
EXP-01347,cancelacion,Sudamérica,Tribunal D,18,148.5,2,0,0,0.0,0,0
EXP-01347,cancelacion,Sudamérica,Tribunal D,3,143.3,0,0,0,0.0,0,0
EXP-01347,cancelacion,Sudamérica,Tribunal D,16,147.1,0,0,0,0.0,0,0
EXP-01348,ajuste_estatus,México,Tribunal D,26,47.8,0,1,0,0.0,1,0
EXP-01349,asilo,Caribe,Tribunal D,18,57.2,4,1,0,0.0,0,1
EXP-01349,asilo,Caribe,Tribunal D,6,50.7,0,1,0,0.0,0,1
EXP-01349,asilo,Caribe,Tribunal D,15,58.0,0,1,0,0.0,0,1
EXP-01349,asilo,Caribe,Tribunal D,1,51.3,0,1,0,0.0,0,1
EXP-01349,asilo,Caribe,Tribunal D,12,51.2,0,1,0,0.0,0,1
EXP-01350,asilo,Centroamérica,Tribunal C,31,61.6,2,0,1,1.0,0,0
EXP-01350,asilo,Centroamérica,Tribunal C,2,51.2,0,0,1,1.0,0,0
EXP-01350,asilo,Centroamérica,Tribunal C,1,51.7,0,0,1,1.0,0,0
EXP-01351,asilo,Caribe,Tribunal B,41,49.0,0,0,1,0.0,0,0
EXP-01352,asilo,Europa,Tribunal A,24,35.4,0,0,1,0.0,0,0
EXP-01353,miedo_creible,Centroamérica,Tribunal C,30,,0,1,0,1.0,1,0
EXP-01354,miedo_creible,Sudamérica,Tribunal A,18,56.6,0,1,1,1.0,0,0
EXP-01355,asilo,México,Tribunal B,25,24.6,0,0,1,0.0,0,0
EXP-01356,salida_voluntaria,México,Tribunal E,25,18.6,1,1,0,0.0,0,0
EXP-01356,salida_voluntaria,México,Tribunal E,32,20.5,0,1,0,0.0,0,0
EXP-01357,ajuste_estatus,Centroamérica,Tribunal A,37,35.8,0,1,0,0.0,0,1
EXP-01358,asilo,Sudamérica,Tribunal A,18,78.7,0,1,0,0.0,0,1
EXP-01359,miedo_creible,México,Tribunal A,26,64.6,0,1,1,,1,0
EXP-01360,asilo,Sudamérica,Tribunal B,31,91.0,0,1,0,0.0,1,1
EXP-01361,asilo,Sudamérica,Tribunal C,37,120.7,2,1,1,1.0,1,0
EXP-01361,asilo,Sudamérica,Tribunal C,27,110.9,0,1,1,,0,0
EXP-01361,asilo,Sudamérica,Tribunal C,10,109.5,0,1,1,1.0,0,0
EXP-01362,asilo,África,Tribunal B,33,71.6,2,1,0,1.0,0,0
EXP-01362,asilo,África,Tribunal B,30,64.1,0,1,0,1.0,0,0
EXP-01362,asilo,África,Tribunal B,13,71.3,0,1,0,1.0,0,0
EXP-01363,salida_voluntaria,Sudamérica,Tribunal B,37,107.0,0,1,0,,0,0
EXP-01364,asilo,África,Tribunal D,26,17.2,0,1,0,1.0,0,1
EXP-01365,salida_voluntaria,Centroamérica,Tribunal D,28,146.8,0,1,0,0.0,0,1
EXP-01366,reinstalacion,Centroamérica,Tribunal C,28,73.4,0,1,0,0.0,0,0
EXP-01367,miedo_creible,México,Tribunal C,26,,0,1,0,0.0,1,0
EXP-01368,salida_voluntaria,México,Tribunal E,38,67.6,0,1,1,0.0,0,1
EXP-01369,cancelacion,Centroamérica,Tribunal B,32,,0,1,0,0.0,0,1
EXP-01370,salida_voluntaria,México,Tribunal B,33,131.8,1,1,1,0.0,0,0
EXP-01370,salida_voluntaria,México,Tribunal B,33,131.1,0,1,1,0.0,0,0
EXP-01371,salida_voluntaria,México,Tribunal C,54,38.5,2,1,1,0.0,0,0
EXP-01371,salida_voluntaria,México,Tribunal C,12,36.5,0,1,1,0.0,0,0
EXP-01371,salida_voluntaria,México,Tribunal C,11,33.8,0,1,1,0.0,0,0
EXP-01372,miedo_creible,Caribe,Tribunal B,35,81.0,0,0,1,1.0,0,0
EXP-01373,cancelacion,Centroamérica,Tribunal D,40,136.7,0,0,1,0.0,0,0
EXP-01374,salida_voluntaria,México,Tribunal E,38,44.4,4,0,0,0.0,0,0
EXP-01374,salida_voluntaria,México,Tribunal E,10,35.2,0,0,0,0.0,0,0
EXP-01374,salida_voluntaria,México,Tribunal E,12,31.1,0,0,0,,0,0
EXP-01374,salida_voluntaria,México,Tribunal E,6,39.8,0,0,0,0.0,0,0
EXP-01374,salida_voluntaria,México,Tribunal E,1,32.3,0,0,0,0.0,0,0
EXP-01375,salida_voluntaria,México,Tribunal F,22,31.9,0,1,0,1.0,0,1
EXP-01376,salida_voluntaria,Sudamérica,Tribunal A,20,82.6,2,1,0,,1,0
EXP-01376,salida_voluntaria,Sudamérica,Tribunal A,18,74.7,0,1,0,0.0,0,0
EXP-01376,salida_voluntaria,Sudamérica,Tribunal A,16,76.0,0,1,0,,0,0
EXP-01377,asilo,México,Tribunal F,27,99.0,0,0,0,0.0,0,0
EXP-01378,reinstalacion,Europa,Tribunal D,34,25.4,0,1,0,1.0,0,0
EXP-01379,asilo,África,Tribunal B,33,79.8,4,1,0,1.0,0,0
EXP-01379,asilo,África,Tribunal B,42,79.0,0,1,0,1.0,0,0
EXP-01379,asilo,África,Tribunal B,10,77.7,0,1,0,1.0,0,0
EXP-01379,asilo,África,Tribunal B,6,76.1,0,1,0,1.0,0,0
EXP-01379,asilo,África,Tribunal B,12,76.2,0,1,0,,0,0
EXP-01380,asilo,Caribe,Tribunal F,25,102.5,1,1,0,0.0,0,1
EXP-01380,asilo,Caribe,Tribunal F,35,94.6,0,1,0,0.0,0,1
EXP-01381,ajuste_estatus,África,Tribunal E,39,9.3,0,0,1,1.0,0,0
EXP-01382,miedo_creible,Centroamérica,Tribunal F,27,56.1,0,1,0,1.0,0,0
EXP-01383,reinstalacion,México,Tribunal B,46,0.6,2,1,1,0.0,1,0
EXP-01383,reinstalacion,México,Tribunal B,36,0.0,0,1,1,0.0,0,0
EXP-01383,reinstalacion,México,Tribunal B,5,0.0,0,1,1,0.0,0,0
EXP-01384,asilo,Centroamérica,Tribunal B,18,42.2,0,1,0,1.0,0,0
EXP-01385,salida_voluntaria,México,Tribunal C,19,121.6,0,0,1,0.0,0,0
EXP-01386,miedo_creible,Europa,Tribunal E,34,10.6,0,1,1,1.0,0,0
EXP-01387,asilo,Sudamérica,Tribunal B,28,47.4,3,1,0,0.0,0,0
EXP-01387,asilo,Sudamérica,Tribunal B,11,40.0,0,1,0,0.0,0,0
EXP-01387,asilo,Sudamérica,Tribunal B,4,41.6,0,1,0,0.0,0,0
EXP-01387,asilo,Sudamérica,Tribunal B,9,46.4,0,1,0,0.0,0,0
EXP-01388,miedo_creible,México,Tribunal E,35,109.3,0,1,0,0.0,0,0
EXP-01389,asilo,Centroamérica,Tribunal A,35,8.7,1,1,1,0.0,0,1
EXP-01389,asilo,Centroamérica,Tribunal A,10,3.7,0,1,1,0.0,0,1
EXP-01390,salida_voluntaria,Centroamérica,Tribunal A,18,67.1,1,1,0,0.0,0,0
EXP-01390,salida_voluntaria,Centroamérica,Tribunal A,1,57.1,0,1,0,0.0,0,0
EXP-01391,reinstalacion,África,Tribunal C,18,105.8,0,1,0,1.0,1,0
EXP-01392,miedo_creible,Caribe,Tribunal B,29,71.6,0,1,0,1.0,0,0
EXP-01393,ajuste_estatus,Centroamérica,Tribunal A,38,,0,1,0,1.0,1,1
EXP-01394,asilo,Sudamérica,Tribunal D,39,13.8,0,0,1,0.0,0,0
EXP-01395,reinstalacion,Sudamérica,Tribunal A,35,34.0,0,1,0,0.0,0,0
EXP-01396,asilo,Sudamérica,Tribunal B,31,36.7,0,1,1,0.0,0,1
EXP-01397,miedo_creible,México,Tribunal A,34,8.3,0,1,0,0.0,0,0
EXP-01398,miedo_creible,Centroamérica,Tribunal B,37,24.2,0,1,0,0.0,1,0
EXP-01399,asilo,Centroamérica,Tribunal F,35,50.4,0,0,0,0.0,0,0
EXP-01400,asilo,Asia,Tribunal C,29,36.0,0,1,0,1.0,0,1
EXP-01401,reinstalacion,Centroamérica,Tribunal A,18,117.5,0,1,0,1.0,0,0
EXP-01402,miedo_creible,Caribe,Tribunal C,29,48.0,0,1,0,1.0,0,0
EXP-01403,miedo_creible,Centroamérica,Tribunal B,22,43.4,0,1,0,1.0,1,0
EXP-01404,salida_voluntaria,México,Tribunal E,38,37.8,0,1,1,0.0,0,0
EXP-01405,cancelacion,México,Tribunal B,23,262.3,0,1,0,0.0,1,0
EXP-01406,asilo,Caribe,Tribunal C,27,61.2,0,1,1,0.0,0,1
EXP-01407,miedo_creible,Europa,Tribunal F,24,15.2,0,1,1,1.0,0,0
EXP-01408,reinstalacion,México,Tribunal F,26,20.0,0,1,0,0.0,0,0
EXP-01409,asilo,Centroamérica,Tribunal C,39,50.9,0,1,0,1.0,0,0
EXP-01410,miedo_creible,Europa,Tribunal A,36,135.3,0,1,1,0.0,0,0
EXP-01411,reinstalacion,Europa,Tribunal F,38,,1,1,0,1.0,0,0
EXP-01411,reinstalacion,Europa,Tribunal F,26,100.9,0,1,0,1.0,0,0
EXP-01412,cancelacion,Asia,Tribunal B,26,123.3,2,1,0,1.0,0,0
EXP-01412,cancelacion,Asia,Tribunal B,9,116.4,0,1,0,1.0,0,0
EXP-01412,cancelacion,Asia,Tribunal B,5,124.2,0,1,0,1.0,0,0
EXP-01413,ajuste_estatus,Sudamérica,Tribunal B,27,18.4,0,1,1,1.0,0,0
EXP-01414,cancelacion,Caribe,Tribunal B,33,142.7,0,1,0,1.0,0,1
EXP-01415,miedo_creible,África,Tribunal B,55,78.5,0,1,0,1.0,0,0
EXP-01416,salida_voluntaria,Centroamérica,Tribunal D,26,5.0,0,0,0,0.0,0,0
EXP-01417,ajuste_estatus,México,Tribunal D,20,34.0,0,0,1,0.0,0,0
EXP-01418,reinstalacion,México,Tribunal C,18,52.6,0,1,0,0.0,0,0
EXP-01419,salida_voluntaria,México,Tribunal F,39,14.7,1,0,1,0.0,0,0
EXP-01419,salida_voluntaria,México,Tribunal F,9,7.4,0,0,1,0.0,0,0
EXP-01420,miedo_creible,Centroamérica,Tribunal F,18,9.1,0,1,0,0.0,0,0
EXP-01421,asilo,Centroamérica,Tribunal C,22,28.2,0,0,1,0.0,0,0
EXP-01422,asilo,Centroamérica,Tribunal C,24,56.6,4,0,1,0.0,0,0
EXP-01422,asilo,Centroamérica,Tribunal C,16,52.9,0,0,1,0.0,0,0
EXP-01422,asilo,Centroamérica,Tribunal C,13,54.8,0,0,1,0.0,0,0
EXP-01422,asilo,Centroamérica,Tribunal C,9,52.3,0,0,1,0.0,0,0
EXP-01422,asilo,Centroamérica,Tribunal C,4,45.3,0,0,1,0.0,0,0
EXP-01423,miedo_creible,Centroamérica,Tribunal D,30,94.0,3,0,1,1.0,0,0
EXP-01423,miedo_creible,Centroamérica,Tribunal D,32,90.4,0,0,1,1.0,0,0
EXP-01423,miedo_creible,Centroamérica,Tribunal D,11,88.1,0,0,1,1.0,0,0
EXP-01423,miedo_creible,Centroamérica,Tribunal D,15,,0,0,1,1.0,0,0
EXP-01424,salida_voluntaria,Sudamérica,Tribunal D,19,30.7,0,0,0,1.0,0,0
EXP-01425,reinstalacion,México,Tribunal F,30,27.6,0,1,0,0.0,0,0
EXP-01426,asilo,México,Tribunal C,43,59.2,0,1,1,0.0,0,1
EXP-01427,ajuste_estatus,Centroamérica,Tribunal A,29,5.4,3,1,0,1.0,0,1
EXP-01427,ajuste_estatus,Centroamérica,Tribunal A,30,0.0,0,1,0,1.0,0,1
EXP-01427,ajuste_estatus,Centroamérica,Tribunal A,14,0.8,0,1,0,1.0,0,1
EXP-01427,ajuste_estatus,Centroamérica,Tribunal A,5,0.0,0,1,0,1.0,0,1
EXP-01428,reinstalacion,Centroamérica,Tribunal E,28,83.4,0,1,0,0.0,1,0
EXP-01429,miedo_creible,Caribe,Tribunal E,38,10.8,0,1,0,1.0,0,0
EXP-01430,reinstalacion,Asia,Tribunal F,20,79.3,0,1,0,1.0,1,0
EXP-01431,miedo_creible,Sudamérica,Tribunal B,29,18.5,0,1,0,0.0,0,0
EXP-01432,asilo,México,Tribunal E,29,75.2,3,0,1,0.0,0,0
EXP-01432,asilo,México,Tribunal E,6,71.2,0,0,1,0.0,0,0
EXP-01432,asilo,México,Tribunal E,2,72.1,0,0,1,0.0,0,0
EXP-01432,asilo,México,Tribunal E,13,73.5,0,0,1,0.0,0,0
EXP-01433,miedo_creible,México,Tribunal E,47,11.4,0,1,1,,1,0
EXP-01434,miedo_creible,México,Tribunal E,33,58.8,0,1,0,0.0,0,0
EXP-01435,salida_voluntaria,Centroamérica,Tribunal F,18,73.2,0,1,0,0.0,1,0
EXP-01436,asilo,México,Tribunal B,29,21.1,0,1,0,0.0,1,1
EXP-01437,reinstalacion,Asia,Tribunal A,35,54.2,0,1,1,1.0,1,0
EXP-01438,miedo_creible,Sudamérica,Tribunal C,23,27.0,0,0,0,1.0,0,0
EXP-01439,asilo,Centroamérica,Tribunal A,27,74.4,0,1,1,0.0,1,0
EXP-01440,miedo_creible,Asia,Tribunal E,18,48.9,0,1,0,1.0,0,0
EXP-01441,miedo_creible,África,Tribunal B,31,76.8,0,1,0,1.0,0,0
EXP-01442,asilo,Sudamérica,Tribunal E,23,14.9,0,0,0,1.0,0,0
EXP-01443,miedo_creible,Centroamérica,Tribunal B,33,11.6,0,1,0,1.0,0,0
EXP-01444,miedo_creible,Sudamérica,Tribunal D,31,86.9,0,1,1,0.0,0,0
EXP-01445,reinstalacion,Caribe,Tribunal D,30,23.8,0,1,1,0.0,0,0
EXP-01446,miedo_creible,Sudamérica,Tribunal E,47,24.6,0,1,0,0.0,1,0
EXP-01447,asilo,Sudamérica,Tribunal A,32,72.2,2,1,0,0.0,1,1
EXP-01447,asilo,Sudamérica,Tribunal A,29,59.3,0,1,0,0.0,0,1
EXP-01447,asilo,Sudamérica,Tribunal A,10,65.1,0,1,0,0.0,0,1
EXP-01448,salida_voluntaria,Centroamérica,Tribunal E,25,100.7,2,0,0,1.0,0,0
EXP-01448,salida_voluntaria,Centroamérica,Tribunal E,7,96.2,0,0,0,1.0,0,0
EXP-01448,salida_voluntaria,Centroamérica,Tribunal E,3,95.6,0,0,0,1.0,0,0
EXP-01449,miedo_creible,Caribe,Tribunal B,25,203.0,0,1,0,0.0,0,0
EXP-01450,asilo,Centroamérica,Tribunal B,24,72.2,0,1,0,1.0,1,1
EXP-01451,ajuste_estatus,Asia,Tribunal B,34,86.9,2,1,0,1.0,1,0
EXP-01451,ajuste_estatus,Asia,Tribunal B,26,82.3,0,1,0,1.0,0,0
EXP-01451,ajuste_estatus,Asia,Tribunal B,14,77.8,0,1,0,1.0,0,0
EXP-01452,miedo_creible,Centroamérica,Tribunal A,34,84.4,0,1,0,0.0,0,0
EXP-01453,miedo_creible,Centroamérica,Tribunal F,29,116.1,0,1,0,0.0,1,0
EXP-01454,salida_voluntaria,México,Tribunal E,21,1.6,2,1,0,0.0,0,1
EXP-01454,salida_voluntaria,México,Tribunal E,16,0.0,0,1,0,0.0,0,1
EXP-01454,salida_voluntaria,México,Tribunal E,11,0.0,0,1,0,0.0,0,1
EXP-01455,miedo_creible,Centroamérica,Tribunal C,28,14.3,3,1,0,0.0,1,0
EXP-01455,miedo_creible,Centroamérica,Tribunal C,11,1.0,0,1,0,0.0,0,0
EXP-01455,miedo_creible,Centroamérica,Tribunal C,14,,0,1,0,0.0,0,0
EXP-01455,miedo_creible,Centroamérica,Tribunal C,2,,0,1,0,0.0,0,0
EXP-01456,reinstalacion,México,Tribunal A,32,42.4,0,1,0,0.0,1,0
EXP-01457,asilo,Sudamérica,Tribunal B,36,26.2,2,0,0,0.0,0,0
EXP-01457,asilo,Sudamérica,Tribunal B,29,27.1,0,0,0,0.0,0,0
EXP-01457,asilo,Sudamérica,Tribunal B,12,24.5,0,0,0,0.0,0,0
EXP-01458,asilo,Centroamérica,Tribunal E,44,81.5,0,0,1,0.0,1,0
EXP-01459,miedo_creible,Centroamérica,Tribunal E,21,66.2,0,1,1,1.0,0,0
EXP-01460,miedo_creible,Sudamérica,Tribunal A,24,82.1,0,1,0,0.0,0,0
EXP-01461,reinstalacion,Asia,Tribunal B,18,0.8,0,1,0,1.0,0,0
EXP-01462,asilo,Asia,Tribunal A,21,79.7,0,1,0,1.0,1,1
EXP-01463,ajuste_estatus,Caribe,Tribunal A,24,25.7,3,1,0,1.0,0,1
EXP-01463,ajuste_estatus,Caribe,Tribunal A,14,21.8,0,1,0,1.0,0,1
EXP-01463,ajuste_estatus,Caribe,Tribunal A,10,20.3,0,1,0,1.0,0,1
EXP-01463,ajuste_estatus,Caribe,Tribunal A,12,19.6,0,1,0,1.0,0,1
EXP-01464,reinstalacion,Centroamérica,Tribunal B,47,40.1,0,0,1,0.0,0,0
EXP-01465,ajuste_estatus,Sudamérica,Tribunal E,18,46.4,3,1,0,0.0,0,0
EXP-01465,ajuste_estatus,Sudamérica,Tribunal E,10,39.6,0,1,0,0.0,0,0
EXP-01465,ajuste_estatus,Sudamérica,Tribunal E,8,40.5,0,1,0,0.0,0,0
EXP-01465,ajuste_estatus,Sudamérica,Tribunal E,11,44.1,0,1,0,0.0,0,0
EXP-01466,salida_voluntaria,México,Tribunal C,44,92.7,0,0,0,0.0,0,0
EXP-01467,ajuste_estatus,Europa,Tribunal C,26,44.4,1,0,0,1.0,0,0
EXP-01467,ajuste_estatus,Europa,Tribunal C,21,34.5,0,0,0,1.0,0,0
EXP-01468,asilo,Centroamérica,Tribunal E,43,,3,0,0,1.0,0,0
EXP-01468,asilo,Centroamérica,Tribunal E,18,10.9,0,0,0,1.0,0,0
EXP-01468,asilo,Centroamérica,Tribunal E,12,12.0,0,0,0,1.0,0,0
EXP-01468,asilo,Centroamérica,Tribunal E,6,,0,0,0,1.0,0,0
EXP-01469,asilo,Centroamérica,Tribunal B,18,68.8,0,0,0,0.0,0,0
EXP-01470,asilo,Centroamérica,Tribunal C,39,30.6,2,0,1,0.0,0,0
EXP-01470,asilo,Centroamérica,Tribunal C,40,16.7,0,0,1,0.0,0,0
EXP-01470,asilo,Centroamérica,Tribunal C,13,18.4,0,0,1,0.0,0,0
EXP-01471,miedo_creible,Sudamérica,Tribunal C,37,28.5,0,1,1,0.0,0,0
EXP-01472,asilo,Sudamérica,Tribunal C,31,23.7,0,1,0,0.0,0,1
EXP-01473,salida_voluntaria,México,Tribunal D,37,45.0,2,0,0,0.0,0,0
EXP-01473,salida_voluntaria,México,Tribunal D,19,46.3,0,0,0,0.0,0,0
EXP-01473,salida_voluntaria,México,Tribunal D,6,39.3,0,0,0,0.0,0,0
EXP-01474,asilo,Caribe,Tribunal E,41,5.2,0,0,1,1.0,0,0
EXP-01475,ajuste_estatus,Centroamérica,Tribunal A,24,5.8,0,0,1,0.0,0,0
EXP-01476,asilo,Asia,Tribunal E,42,13.7,2,1,0,1.0,0,1
EXP-01476,asilo,Asia,Tribunal E,3,8.3,0,1,0,1.0,0,1
EXP-01476,asilo,Asia,Tribunal E,9,7.3,0,1,0,1.0,0,1
EXP-01477,reinstalacion,Centroamérica,Tribunal A,31,40.0,0,1,0,0.0,0,0
EXP-01478,miedo_creible,Sudamérica,Tribunal B,18,50.5,0,1,0,1.0,0,0
EXP-01479,asilo,Centroamérica,Tribunal B,33,15.7,1,0,0,0.0,0,0
EXP-01479,asilo,Centroamérica,Tribunal B,13,11.6,0,0,0,0.0,0,0
EXP-01480,asilo,Caribe,Tribunal E,44,189.7,0,0,0,0.0,0,0
EXP-01481,salida_voluntaria,México,Tribunal A,33,74.1,0,0,1,0.0,1,0
EXP-01482,asilo,África,Tribunal C,30,19.8,3,1,0,1.0,0,0
EXP-01482,asilo,África,Tribunal C,12,11.1,0,1,0,1.0,0,0
EXP-01482,asilo,África,Tribunal C,2,18.2,0,1,0,1.0,0,0
EXP-01482,asilo,África,Tribunal C,13,14.3,0,1,0,1.0,0,0
EXP-01483,reinstalacion,México,Tribunal A,28,5.5,0,1,1,0.0,0,0
EXP-01484,ajuste_estatus,Sudamérica,Tribunal F,46,42.2,2,1,0,0.0,0,1
EXP-01484,ajuste_estatus,Sudamérica,Tribunal F,6,39.8,0,1,0,0.0,0,1
EXP-01484,ajuste_estatus,Sudamérica,Tribunal F,11,32.2,0,1,0,0.0,0,1
EXP-01485,miedo_creible,México,Tribunal D,23,152.5,0,1,0,0.0,0,0
EXP-01486,reinstalacion,Caribe,Tribunal E,35,41.5,0,1,0,1.0,0,0
EXP-01487,reinstalacion,México,Tribunal A,30,33.1,0,1,1,0.0,0,0
EXP-01488,asilo,Centroamérica,Tribunal E,35,124.6,3,1,0,0.0,0,0
EXP-01488,asilo,Centroamérica,Tribunal E,32,113.4,0,1,0,0.0,0,0
EXP-01488,asilo,Centroamérica,Tribunal E,3,122.6,0,1,0,0.0,0,0
EXP-01488,asilo,Centroamérica,Tribunal E,11,,0,1,0,0.0,0,0
EXP-01489,miedo_creible,México,Tribunal D,18,65.2,0,1,1,0.0,0,0
EXP-01490,salida_voluntaria,Centroamérica,Tribunal D,28,36.2,0,1,0,0.0,0,0
EXP-01491,cancelacion,Sudamérica,Tribunal A,37,129.4,1,0,1,,0,0
EXP-01491,cancelacion,Sudamérica,Tribunal A,32,122.4,0,0,1,0.0,0,0
EXP-01492,ajuste_estatus,Centroamérica,Tribunal B,40,106.3,0,1,1,0.0,1,0
EXP-01493,asilo,Centroamérica,Tribunal D,29,75.1,0,1,1,0.0,0,0
EXP-01494,asilo,Centroamérica,Tribunal F,37,129.2,2,1,1,0.0,0,1
EXP-01494,asilo,Centroamérica,Tribunal F,15,123.5,0,1,1,0.0,0,1
EXP-01494,asilo,Centroamérica,Tribunal F,6,124.1,0,1,1,0.0,0,1
EXP-01495,miedo_creible,Centroamérica,Tribunal B,33,67.1,0,1,1,1.0,0,0
EXP-01496,ajuste_estatus,Centroamérica,Tribunal F,33,46.8,4,1,0,0.0,0,1
EXP-01496,ajuste_estatus,Centroamérica,Tribunal F,23,35.6,0,1,0,0.0,0,1
EXP-01496,ajuste_estatus,Centroamérica,Tribunal F,12,40.1,0,1,0,0.0,0,1
EXP-01496,ajuste_estatus,Centroamérica,Tribunal F,14,44.5,0,1,0,0.0,0,1
EXP-01496,ajuste_estatus,Centroamérica,Tribunal F,10,38.5,0,1,0,0.0,0,1
EXP-01497,miedo_creible,Centroamérica,Tribunal C,18,57.6,0,1,0,1.0,0,0
EXP-01498,salida_voluntaria,Centroamérica,Tribunal F,36,44.8,0,0,0,0.0,1,0
EXP-01499,asilo,Sudamérica,Tribunal D,38,139.7,1,1,0,0.0,0,0
EXP-01499,asilo,Sudamérica,Tribunal D,16,138.4,0,1,0,0.0,0,0
EXP-01500,asilo,México,Tribunal F,19,20.2,0,1,1,0.0,0,0
EXP-01501,asilo,México,Tribunal B,38,120.8,3,0,0,0.0,0,0
EXP-01501,asilo,México,Tribunal B,16,122.9,0,0,0,0.0,0,0
EXP-01501,asilo,México,Tribunal B,4,113.3,0,0,0,0.0,0,0
EXP-01501,asilo,México,Tribunal B,4,114.0,0,0,0,0.0,0,0
EXP-01502,reinstalacion,Europa,Tribunal E,34,108.8,0,1,0,0.0,0,0
EXP-01503,ajuste_estatus,Sudamérica,Tribunal B,55,95.4,0,0,0,0.0,0,0
EXP-01504,miedo_creible,Centroamérica,Tribunal C,30,86.4,0,1,1,0.0,1,0
EXP-01505,reinstalacion,África,Tribunal C,33,52.0,0,1,0,0.0,0,0
EXP-01506,salida_voluntaria,Centroamérica,Tribunal F,42,109.2,1,1,0,0.0,0,1
EXP-01506,salida_voluntaria,Centroamérica,Tribunal F,33,104.3,0,1,0,0.0,0,1
EXP-01507,ajuste_estatus,Centroamérica,Tribunal A,40,116.4,0,1,0,0.0,0,0
EXP-01508,miedo_creible,Europa,Tribunal F,35,22.9,0,1,0,0.0,0,0
EXP-01509,ajuste_estatus,Centroamérica,Tribunal D,40,32.0,0,1,0,0.0,0,1
EXP-01510,reinstalacion,Centroamérica,Tribunal E,33,99.0,0,1,0,0.0,0,0
EXP-01511,reinstalacion,Centroamérica,Tribunal C,18,80.0,0,1,0,0.0,0,0
EXP-01512,asilo,México,Tribunal B,39,30.8,0,1,1,0.0,0,1
EXP-01513,reinstalacion,México,Tribunal E,51,,0,1,0,0.0,0,0
EXP-01514,asilo,Caribe,Tribunal D,27,32.8,0,1,1,0.0,0,0
EXP-01515,salida_voluntaria,Centroamérica,Tribunal E,33,82.7,2,0,0,0.0,0,0
EXP-01515,salida_voluntaria,Centroamérica,Tribunal E,7,73.8,0,0,0,0.0,0,0
EXP-01515,salida_voluntaria,Centroamérica,Tribunal E,15,81.2,0,0,0,0.0,0,0
EXP-01516,ajuste_estatus,Centroamérica,Tribunal E,34,58.4,0,0,0,0.0,0,0
EXP-01517,asilo,Centroamérica,Tribunal A,30,10.5,1,1,0,0.0,1,1
EXP-01517,asilo,Centroamérica,Tribunal A,28,9.8,0,1,0,0.0,0,1
EXP-01518,miedo_creible,Centroamérica,Tribunal C,39,24.4,0,1,1,0.0,0,0
EXP-01519,miedo_creible,Centroamérica,Tribunal D,21,140.9,0,1,0,0.0,1,0
EXP-01520,miedo_creible,Europa,Tribunal B,18,50.1,0,1,0,0.0,1,0
EXP-01521,reinstalacion,México,Tribunal A,31,24.9,0,1,0,0.0,0,0
EXP-01522,ajuste_estatus,México,Tribunal B,20,19.9,1,0,1,0.0,0,0
EXP-01522,ajuste_estatus,México,Tribunal B,6,7.4,0,0,1,0.0,0,0
EXP-01523,salida_voluntaria,México,Tribunal B,29,46.2,2,0,0,0.0,0,0
EXP-01523,salida_voluntaria,México,Tribunal B,18,38.5,0,0,0,0.0,0,0
EXP-01523,salida_voluntaria,México,Tribunal B,16,29.2,0,0,0,0.0,0,0
EXP-01524,miedo_creible,Sudamérica,Tribunal E,31,109.1,0,1,0,0.0,0,0
EXP-01525,salida_voluntaria,México,Tribunal B,21,88.4,0,0,0,1.0,0,0
EXP-01526,ajuste_estatus,África,Tribunal F,30,35.4,0,0,1,1.0,0,0
EXP-01527,miedo_creible,África,Tribunal F,18,28.2,0,1,1,1.0,1,0
EXP-01528,asilo,Sudamérica,Tribunal B,18,58.3,0,0,1,0.0,0,0
EXP-01529,asilo,México,Tribunal A,49,51.7,0,0,0,0.0,0,0
EXP-01530,ajuste_estatus,Centroamérica,Tribunal F,52,111.4,1,0,0,0.0,0,0
EXP-01530,ajuste_estatus,Centroamérica,Tribunal F,3,109.1,0,0,0,0.0,0,0
EXP-01531,cancelacion,Centroamérica,Tribunal A,25,126.0,3,0,1,0.0,0,0
EXP-01531,cancelacion,Centroamérica,Tribunal A,13,118.7,0,0,1,0.0,0,0
EXP-01531,cancelacion,Centroamérica,Tribunal A,3,126.7,0,0,1,0.0,0,0
EXP-01531,cancelacion,Centroamérica,Tribunal A,5,126.2,0,0,1,0.0,0,0
EXP-01532,asilo,Caribe,Tribunal B,44,63.1,3,1,0,1.0,0,1
EXP-01532,asilo,Caribe,Tribunal B,9,,0,1,0,1.0,0,1
EXP-01532,asilo,Caribe,Tribunal B,12,52.7,0,1,0,1.0,0,1
EXP-01532,asilo,Caribe,Tribunal B,13,52.0,0,1,0,1.0,0,1
EXP-01533,asilo,Centroamérica,Tribunal A,37,120.7,0,1,0,0.0,0,1
EXP-01534,asilo,Centroamérica,Tribunal B,31,100.1,0,1,1,0.0,0,0
EXP-01535,asilo,Centroamérica,Tribunal C,26,52.8,0,1,1,0.0,1,0
EXP-01536,asilo,Sudamérica,Tribunal A,30,4.7,3,0,1,0.0,0,0
EXP-01536,asilo,Sudamérica,Tribunal A,36,0.0,0,0,1,0.0,0,0
EXP-01536,asilo,Sudamérica,Tribunal A,14,0.0,0,0,1,0.0,0,0
EXP-01536,asilo,Sudamérica,Tribunal A,13,4.1,0,0,1,0.0,0,0
EXP-01537,ajuste_estatus,México,Tribunal E,37,28.2,2,1,0,0.0,0,1
EXP-01537,ajuste_estatus,México,Tribunal E,43,22.3,0,1,0,0.0,0,1
EXP-01537,ajuste_estatus,México,Tribunal E,2,22.0,0,1,0,0.0,0,1
EXP-01538,miedo_creible,África,Tribunal A,24,73.2,0,1,0,1.0,0,0
EXP-01539,asilo,Centroamérica,Tribunal A,27,44.6,0,1,0,0.0,1,0
EXP-01540,miedo_creible,Centroamérica,Tribunal A,18,15.8,0,1,0,0.0,0,0
EXP-01541,asilo,México,Tribunal E,27,15.0,0,1,0,1.0,0,0
EXP-01542,asilo,Centroamérica,Tribunal E,38,28.5,0,0,0,0.0,1,0
EXP-01543,ajuste_estatus,África,Tribunal B,31,41.9,2,1,1,0.0,0,0
EXP-01543,ajuste_estatus,África,Tribunal B,41,35.3,0,1,1,0.0,0,0
EXP-01543,ajuste_estatus,África,Tribunal B,16,37.3,0,1,1,0.0,0,0
EXP-01544,miedo_creible,México,Tribunal B,27,134.2,2,1,1,0.0,0,0
EXP-01544,miedo_creible,México,Tribunal B,46,132.9,0,1,1,0.0,0,0
EXP-01544,miedo_creible,México,Tribunal B,13,,0,1,1,0.0,0,0
EXP-01545,salida_voluntaria,Caribe,Tribunal D,26,36.0,0,1,0,0.0,0,1
EXP-01546,miedo_creible,Sudamérica,Tribunal D,41,99.5,0,1,0,0.0,0,0
EXP-01547,asilo,México,Tribunal C,53,89.0,1,0,1,0.0,0,0
EXP-01547,asilo,México,Tribunal C,3,84.6,0,0,1,0.0,0,0
EXP-01548,ajuste_estatus,Caribe,Tribunal D,27,49.7,3,1,1,1.0,0,0
EXP-01548,ajuste_estatus,Caribe,Tribunal D,11,41.3,0,1,1,1.0,0,0
EXP-01548,ajuste_estatus,Caribe,Tribunal D,4,41.0,0,1,1,1.0,0,0
EXP-01548,ajuste_estatus,Caribe,Tribunal D,10,48.9,0,1,1,1.0,0,0
EXP-01549,miedo_creible,Centroamérica,Tribunal C,18,111.5,0,1,0,0.0,0,0
EXP-01550,reinstalacion,Centroamérica,Tribunal B,39,41.8,0,1,0,0.0,1,0
EXP-01551,reinstalacion,México,Tribunal D,39,11.2,0,1,0,0.0,0,0
EXP-01552,miedo_creible,Sudamérica,Tribunal F,39,87.2,0,0,1,,1,0
EXP-01553,asilo,Centroamérica,Tribunal F,36,46.6,0,1,1,0.0,1,0
EXP-01554,salida_voluntaria,México,Tribunal B,34,25.9,0,1,1,0.0,1,1
EXP-01555,asilo,México,Tribunal F,25,25.4,0,1,1,0.0,0,0
EXP-01556,ajuste_estatus,Sudamérica,Tribunal C,41,71.6,2,1,0,0.0,0,1
EXP-01556,ajuste_estatus,Sudamérica,Tribunal C,11,59.6,0,1,0,0.0,0,1
EXP-01556,ajuste_estatus,Sudamérica,Tribunal C,12,,0,1,0,0.0,0,1
EXP-01557,asilo,México,Tribunal C,18,51.3,0,0,0,0.0,0,0
EXP-01558,asilo,África,Tribunal C,30,124.5,0,1,0,1.0,0,1
EXP-01559,asilo,Sudamérica,Tribunal E,19,58.5,0,1,0,0.0,0,1
EXP-01560,asilo,Asia,Tribunal B,35,56.0,0,0,0,1.0,0,0
EXP-01561,miedo_creible,África,Tribunal B,41,45.6,0,1,0,1.0,1,0
EXP-01562,asilo,Sudamérica,Tribunal E,32,35.5,2,1,0,0.0,0,1
EXP-01562,asilo,Sudamérica,Tribunal E,16,24.7,0,1,0,0.0,0,1
EXP-01562,asilo,Sudamérica,Tribunal E,7,26.3,0,1,0,0.0,0,1
EXP-01563,asilo,México,Tribunal A,30,106.6,0,0,1,,0,0
EXP-01564,asilo,Centroamérica,Tribunal A,38,55.8,0,1,0,0.0,0,1
EXP-01565,miedo_creible,Asia,Tribunal D,25,29.4,0,1,1,1.0,0,0
EXP-01566,asilo,Sudamérica,Tribunal A,40,8.8,0,1,0,1.0,0,1
EXP-01567,salida_voluntaria,México,Tribunal A,18,109.8,0,1,1,0.0,0,0
EXP-01568,salida_voluntaria,México,Tribunal F,36,32.2,0,1,0,0.0,0,1
EXP-01569,asilo,Centroamérica,Tribunal B,37,38.5,2,0,0,0.0,0,0
EXP-01569,asilo,Centroamérica,Tribunal B,32,28.2,0,0,0,0.0,0,0
EXP-01569,asilo,Centroamérica,Tribunal B,8,26.5,0,0,0,0.0,0,0
EXP-01570,reinstalacion,Centroamérica,Tribunal E,25,67.5,0,1,0,0.0,0,0
EXP-01571,asilo,Sudamérica,Tribunal E,29,155.8,0,1,0,0.0,0,1
EXP-01572,reinstalacion,México,Tribunal E,34,91.1,0,1,1,,0,0
EXP-01573,miedo_creible,África,Tribunal C,51,13.6,0,0,1,1.0,0,0
EXP-01574,reinstalacion,México,Tribunal D,43,15.5,0,1,0,0.0,0,0
EXP-01575,reinstalacion,México,Tribunal A,30,187.8,0,1,0,0.0,0,0
EXP-01576,miedo_creible,África,Tribunal D,52,45.5,0,1,0,1.0,0,0
EXP-01577,asilo,Centroamérica,Tribunal E,34,64.4,1,0,1,0.0,0,0
EXP-01577,asilo,Centroamérica,Tribunal E,37,57.3,0,0,1,0.0,0,0
EXP-01578,asilo,Centroamérica,Tribunal A,21,15.7,4,1,1,0.0,0,0
EXP-01578,asilo,Centroamérica,Tribunal A,11,6.9,0,1,1,0.0,0,0
EXP-01578,asilo,Centroamérica,Tribunal A,2,5.5,0,1,1,0.0,0,0
EXP-01578,asilo,Centroamérica,Tribunal A,1,1.1,0,1,1,0.0,0,0
EXP-01578,asilo,Centroamérica,Tribunal A,15,3.6,0,1,1,0.0,0,0
EXP-01579,asilo,Centroamérica,Tribunal C,36,8.8,2,1,0,0.0,0,0
EXP-01579,asilo,Centroamérica,Tribunal C,28,8.7,0,1,0,0.0,0,0
EXP-01579,asilo,Centroamérica,Tribunal C,14,0.0,0,1,0,0.0,0,0
EXP-01580,reinstalacion,Centroamérica,Tribunal B,40,17.0,0,1,0,0.0,0,0
EXP-01581,reinstalacion,México,Tribunal F,19,11.1,0,1,0,0.0,0,0
EXP-01582,reinstalacion,Centroamérica,Tribunal D,18,35.2,0,1,1,,0,0
EXP-01583,reinstalacion,Centroamérica,Tribunal A,25,50.2,0,1,0,1.0,0,0
EXP-01584,asilo,Centroamérica,Tribunal C,40,102.7,0,1,0,0.0,0,0
EXP-01585,ajuste_estatus,México,Tribunal D,24,50.9,0,1,1,0.0,1,0
EXP-01586,cancelacion,México,Tribunal B,26,128.7,1,1,0,0.0,0,0
EXP-01586,cancelacion,México,Tribunal B,30,,0,1,0,0.0,0,0
EXP-01587,miedo_creible,Centroamérica,Tribunal D,18,70.2,0,1,0,0.0,0,0
EXP-01588,miedo_creible,Caribe,Tribunal D,30,29.0,0,1,1,0.0,0,0
EXP-01589,ajuste_estatus,Centroamérica,Tribunal F,26,97.8,0,1,0,0.0,1,1
EXP-01590,miedo_creible,México,Tribunal D,30,39.8,0,1,0,0.0,1,0
EXP-01591,asilo,México,Tribunal A,43,63.2,0,0,0,0.0,0,0
EXP-01592,ajuste_estatus,Caribe,Tribunal A,24,42.2,0,1,0,1.0,0,1
EXP-01593,reinstalacion,México,Tribunal C,51,120.1,0,1,1,0.0,0,0
EXP-01594,asilo,Asia,Tribunal B,29,53.8,1,1,1,0.0,1,1
EXP-01594,asilo,Asia,Tribunal B,16,51.7,0,1,1,0.0,0,1
EXP-01595,miedo_creible,Sudamérica,Tribunal F,34,79.3,0,1,0,1.0,1,0
EXP-01596,asilo,Sudamérica,Tribunal D,49,79.6,4,0,1,1.0,0,0
EXP-01596,asilo,Sudamérica,Tribunal D,24,76.1,0,0,1,1.0,0,0
EXP-01596,asilo,Sudamérica,Tribunal D,3,75.2,0,0,1,1.0,0,0
EXP-01596,asilo,Sudamérica,Tribunal D,11,75.6,0,0,1,1.0,0,0
EXP-01596,asilo,Sudamérica,Tribunal D,15,75.7,0,0,1,1.0,0,0
EXP-01597,ajuste_estatus,México,Tribunal A,25,24.6,1,1,0,0.0,0,1
EXP-01597,ajuste_estatus,México,Tribunal A,13,19.2,0,1,0,0.0,0,1
EXP-01598,ajuste_estatus,Centroamérica,Tribunal E,21,40.0,0,0,0,0.0,0,0
EXP-01599,asilo,Centroamérica,Tribunal B,24,6.6,3,1,0,0.0,1,0
EXP-01599,asilo,Centroamérica,Tribunal B,3,5.6,0,1,0,0.0,0,0
EXP-01599,asilo,Centroamérica,Tribunal B,6,0.0,0,1,0,0.0,0,0
EXP-01599,asilo,Centroamérica,Tribunal B,14,7.1,0,1,0,0.0,0,0
EXP-01600,asilo,Centroamérica,Tribunal A,46,1.5,1,1,0,1.0,0,1
EXP-01600,asilo,Centroamérica,Tribunal A,27,0.0,0,1,0,1.0,0,1
EXP-01601,ajuste_estatus,África,Tribunal B,19,8.4,0,0,1,1.0,0,0
EXP-01602,asilo,Centroamérica,Tribunal C,24,86.9,0,1,0,0.0,0,1
EXP-01603,ajuste_estatus,Caribe,Tribunal A,26,,0,0,0,0.0,0,0
EXP-01604,salida_voluntaria,Sudamérica,Tribunal C,40,12.4,0,1,1,0.0,0,1
EXP-01605,reinstalacion,Sudamérica,Tribunal A,18,17.1,0,1,0,0.0,0,0
EXP-01606,miedo_creible,Centroamérica,Tribunal D,29,109.9,0,0,1,0.0,0,0
EXP-01607,asilo,Asia,Tribunal E,39,70.6,1,1,0,1.0,0,1
EXP-01607,asilo,Asia,Tribunal E,23,61.1,0,1,0,1.0,0,1
EXP-01608,asilo,Centroamérica,Tribunal D,21,16.7,3,0,1,0.0,0,0
EXP-01608,asilo,Centroamérica,Tribunal D,41,8.9,0,0,1,0.0,0,0
EXP-01608,asilo,Centroamérica,Tribunal D,12,16.6,0,0,1,0.0,0,0
EXP-01608,asilo,Centroamérica,Tribunal D,2,15.9,0,0,1,0.0,0,0
EXP-01609,ajuste_estatus,Centroamérica,Tribunal C,41,55.7,0,1,1,0.0,0,1
EXP-01610,miedo_creible,Centroamérica,Tribunal B,44,27.0,0,1,0,0.0,0,0
EXP-01611,reinstalacion,México,Tribunal D,26,85.7,0,1,1,0.0,1,0
EXP-01612,miedo_creible,México,Tribunal A,35,56.4,0,1,0,0.0,0,0
EXP-01613,asilo,Sudamérica,Tribunal A,36,51.0,0,1,1,0.0,1,1
EXP-01614,miedo_creible,Caribe,Tribunal E,38,231.1,0,1,1,1.0,0,0
EXP-01615,miedo_creible,Asia,Tribunal E,32,23.6,0,1,1,1.0,0,0
EXP-01616,cancelacion,Centroamérica,Tribunal B,40,220.4,0,1,1,0.0,0,1
EXP-01617,asilo,Centroamérica,Tribunal A,36,50.7,0,1,0,0.0,0,1
EXP-01618,asilo,México,Tribunal B,30,23.8,4,0,0,0.0,0,0
EXP-01618,asilo,México,Tribunal B,5,19.4,0,0,0,0.0,0,0
EXP-01618,asilo,México,Tribunal B,5,14.9,0,0,0,0.0,0,0
EXP-01618,asilo,México,Tribunal B,11,,0,0,0,0.0,0,0
EXP-01618,asilo,México,Tribunal B,16,14.0,0,0,0,0.0,0,0
EXP-01619,asilo,África,Tribunal A,28,96.5,0,0,0,1.0,0,0
EXP-01620,asilo,Centroamérica,Tribunal C,18,47.9,0,0,1,0.0,0,0
EXP-01621,miedo_creible,Caribe,Tribunal E,18,55.7,0,1,1,0.0,0,0
EXP-01622,asilo,Caribe,Tribunal A,43,31.2,1,1,0,0.0,0,0
EXP-01622,asilo,Caribe,Tribunal A,20,20.6,0,1,0,0.0,0,0
EXP-01623,ajuste_estatus,México,Tribunal F,39,19.1,0,0,0,0.0,0,0
EXP-01624,asilo,Centroamérica,Tribunal D,28,54.0,1,0,0,1.0,0,0
EXP-01624,asilo,Centroamérica,Tribunal D,5,49.7,0,0,0,1.0,0,0
EXP-01625,asilo,Centroamérica,Tribunal A,30,78.1,2,0,1,0.0,0,0
EXP-01625,asilo,Centroamérica,Tribunal A,20,71.1,0,0,1,0.0,0,0
EXP-01625,asilo,Centroamérica,Tribunal A,3,77.8,0,0,1,0.0,0,0
EXP-01626,asilo,Centroamérica,Tribunal A,36,,0,0,0,0.0,0,0
EXP-01627,miedo_creible,México,Tribunal B,36,25.5,0,1,0,0.0,0,0
EXP-01628,asilo,Centroamérica,Tribunal E,31,188.0,0,1,1,0.0,1,1
EXP-01629,ajuste_estatus,Centroamérica,Tribunal A,47,65.2,0,1,0,0.0,0,1
EXP-01630,salida_voluntaria,México,Tribunal F,38,16.1,0,1,0,0.0,0,1
EXP-01631,reinstalacion,México,Tribunal F,36,77.6,0,1,1,0.0,0,0
EXP-01632,asilo,Centroamérica,Tribunal B,19,,0,1,0,1.0,0,0
EXP-01633,reinstalacion,África,Tribunal C,33,11.1,0,1,0,1.0,0,0
EXP-01634,ajuste_estatus,Sudamérica,Tribunal D,24,119.1,2,1,0,0.0,0,1
EXP-01634,ajuste_estatus,Sudamérica,Tribunal D,6,104.2,0,1,0,0.0,0,1
EXP-01634,ajuste_estatus,Sudamérica,Tribunal D,6,109.8,0,1,0,0.0,0,1
EXP-01635,reinstalacion,México,Tribunal A,30,110.6,0,1,0,0.0,0,0
EXP-01636,asilo,Sudamérica,Tribunal A,32,39.9,0,0,1,0.0,0,0
EXP-01637,salida_voluntaria,Sudamérica,Tribunal C,43,21.3,0,0,1,0.0,0,0
EXP-01638,cancelacion,México,Tribunal C,38,121.0,1,1,0,0.0,0,1
EXP-01638,cancelacion,México,Tribunal C,22,111.0,0,1,0,0.0,0,1
EXP-01639,asilo,México,Tribunal C,26,271.1,0,1,1,0.0,0,1
EXP-01640,asilo,México,Tribunal D,24,65.7,4,1,1,0.0,0,0
EXP-01640,asilo,México,Tribunal D,7,59.3,0,1,1,0.0,0,0
EXP-01640,asilo,México,Tribunal D,2,,0,1,1,0.0,0,0
EXP-01640,asilo,México,Tribunal D,1,53.9,0,1,1,0.0,0,0
EXP-01640,asilo,México,Tribunal D,2,54.7,0,1,1,,0,0
EXP-01641,miedo_creible,Centroamérica,Tribunal A,21,22.1,0,1,0,0.0,0,0
EXP-01642,cancelacion,México,Tribunal E,23,125.9,1,0,0,0.0,0,0
EXP-01642,cancelacion,México,Tribunal E,4,113.9,0,0,0,0.0,0,0
EXP-01643,ajuste_estatus,Europa,Tribunal A,18,215.4,3,0,1,1.0,0,0
EXP-01643,ajuste_estatus,Europa,Tribunal A,25,206.9,0,0,1,1.0,0,0
EXP-01643,ajuste_estatus,Europa,Tribunal A,16,209.9,0,0,1,1.0,0,0
EXP-01643,ajuste_estatus,Europa,Tribunal A,2,206.9,0,0,1,1.0,0,0
EXP-01644,miedo_creible,Centroamérica,Tribunal A,31,25.7,0,1,0,0.0,1,0
EXP-01645,miedo_creible,Centroamérica,Tribunal B,44,59.6,0,1,0,0.0,0,0
EXP-01646,asilo,Centroamérica,Tribunal F,23,76.3,0,1,0,1.0,0,1
EXP-01647,asilo,Asia,Tribunal D,34,98.2,1,1,0,1.0,0,1
EXP-01647,asilo,Asia,Tribunal D,10,90.4,0,1,0,1.0,0,1
EXP-01648,asilo,México,Tribunal A,39,68.9,0,1,0,0.0,0,1
EXP-01649,reinstalacion,Centroamérica,Tribunal F,20,44.4,0,1,0,1.0,0,0
EXP-01650,reinstalacion,Caribe,Tribunal E,26,1.5,0,1,1,0.0,0,0
EXP-01651,reinstalacion,México,Tribunal E,25,41.5,0,1,0,0.0,1,0
EXP-01652,miedo_creible,Asia,Tribunal E,37,31.0,0,1,1,1.0,1,0
EXP-01653,reinstalacion,Europa,Tribunal B,42,11.4,0,1,1,0.0,0,0
EXP-01654,miedo_creible,África,Tribunal C,18,21.4,0,1,0,1.0,1,0
EXP-01655,reinstalacion,México,Tribunal B,39,21.6,0,1,0,0.0,0,0
EXP-01656,miedo_creible,Centroamérica,Tribunal A,42,30.0,0,1,0,1.0,1,0
EXP-01657,asilo,Europa,Tribunal C,38,85.8,0,1,0,1.0,0,0
EXP-01658,salida_voluntaria,México,Tribunal C,25,119.8,2,0,0,0.0,0,0
EXP-01658,salida_voluntaria,México,Tribunal C,3,106.8,0,0,0,0.0,0,0
EXP-01658,salida_voluntaria,México,Tribunal C,6,115.3,0,0,0,0.0,0,0
EXP-01659,reinstalacion,Sudamérica,Tribunal A,23,32.4,0,1,0,0.0,0,0
EXP-01660,asilo,Centroamérica,Tribunal B,34,73.1,0,1,0,0.0,0,0
EXP-01661,asilo,Caribe,Tribunal B,41,53.9,0,1,0,0.0,0,1
EXP-01662,asilo,México,Tribunal D,48,37.4,3,0,1,0.0,0,0
EXP-01662,asilo,México,Tribunal D,28,21.7,0,0,1,0.0,0,0
EXP-01662,asilo,México,Tribunal D,2,27.1,0,0,1,0.0,0,0
EXP-01662,asilo,México,Tribunal D,8,28.5,0,0,1,0.0,0,0
EXP-01663,asilo,Centroamérica,Tribunal F,24,105.7,3,0,1,0.0,0,0
EXP-01663,asilo,Centroamérica,Tribunal F,18,97.7,0,0,1,0.0,0,0
EXP-01663,asilo,Centroamérica,Tribunal F,9,98.3,0,0,1,0.0,0,0
EXP-01663,asilo,Centroamérica,Tribunal F,2,101.0,0,0,1,0.0,0,0
EXP-01664,ajuste_estatus,Centroamérica,Tribunal C,38,50.7,0,0,1,,0,0
EXP-01665,asilo,Asia,Tribunal B,29,102.3,0,1,1,1.0,1,0
EXP-01666,miedo_creible,Centroamérica,Tribunal C,35,29.4,0,1,0,0.0,1,0
EXP-01667,reinstalacion,Centroamérica,Tribunal E,23,27.9,0,1,0,0.0,0,0
EXP-01668,miedo_creible,África,Tribunal A,24,34.3,0,1,1,1.0,0,0
EXP-01669,salida_voluntaria,Centroamérica,Tribunal C,32,29.0,0,0,1,0.0,0,0
EXP-01670,asilo,Centroamérica,Tribunal B,33,28.5,1,1,0,0.0,0,0
EXP-01670,asilo,Centroamérica,Tribunal B,32,17.2,0,1,0,0.0,0,0
EXP-01671,reinstalacion,Asia,Tribunal A,20,35.7,0,1,0,1.0,1,0
EXP-01672,asilo,México,Tribunal C,30,12.1,1,0,1,0.0,0,0
EXP-01672,asilo,México,Tribunal C,10,9.0,0,0,1,0.0,0,0
EXP-01673,ajuste_estatus,Centroamérica,Tribunal B,37,77.6,0,0,1,0.0,1,0
EXP-01674,asilo,Centroamérica,Tribunal D,30,81.6,0,1,1,0.0,0,0
EXP-01675,asilo,Caribe,Tribunal A,18,43.7,4,0,0,0.0,0,0
EXP-01675,asilo,Caribe,Tribunal A,2,38.6,0,0,0,0.0,0,0
EXP-01675,asilo,Caribe,Tribunal A,15,37.8,0,0,0,0.0,0,0
EXP-01675,asilo,Caribe,Tribunal A,6,34.0,0,0,0,0.0,0,0
EXP-01675,asilo,Caribe,Tribunal A,10,34.4,0,0,0,0.0,0,0
EXP-01676,asilo,Centroamérica,Tribunal D,40,28.9,1,0,0,1.0,0,0
EXP-01676,asilo,Centroamérica,Tribunal D,27,27.6,0,0,0,1.0,0,0
EXP-01677,asilo,México,Tribunal B,25,17.3,0,1,1,0.0,0,0
EXP-01678,cancelacion,Sudamérica,Tribunal A,37,361.7,0,1,0,1.0,0,0
EXP-01679,salida_voluntaria,Centroamérica,Tribunal A,38,70.0,1,0,1,0.0,0,0
EXP-01679,salida_voluntaria,Centroamérica,Tribunal A,15,61.2,0,0,1,0.0,0,0
EXP-01680,miedo_creible,Centroamérica,Tribunal E,36,27.5,0,1,1,1.0,0,0
EXP-01681,asilo,Centroamérica,Tribunal D,25,,0,0,1,0.0,0,0
EXP-01682,ajuste_estatus,Centroamérica,Tribunal C,26,14.0,0,0,1,,0,0
EXP-01683,cancelacion,Sudamérica,Tribunal B,26,185.0,3,1,1,0.0,0,1
EXP-01683,cancelacion,Sudamérica,Tribunal B,11,176.9,0,1,1,0.0,0,1
EXP-01683,cancelacion,Sudamérica,Tribunal B,4,182.8,0,1,1,0.0,0,1
EXP-01683,cancelacion,Sudamérica,Tribunal B,9,172.3,0,1,1,0.0,0,1
EXP-01684,asilo,México,Tribunal D,49,164.3,0,1,0,1.0,0,1
EXP-01685,miedo_creible,Centroamérica,Tribunal D,41,25.7,0,1,0,1.0,0,0
EXP-01686,ajuste_estatus,Europa,Tribunal A,29,96.9,0,1,0,0.0,0,0
EXP-01687,cancelacion,Europa,Tribunal B,18,144.8,0,1,1,1.0,1,1
EXP-01688,cancelacion,Centroamérica,Tribunal B,40,176.9,1,1,1,0.0,0,1
EXP-01688,cancelacion,Centroamérica,Tribunal B,24,173.4,0,1,1,0.0,0,1
EXP-01689,salida_voluntaria,México,Tribunal C,26,28.8,0,1,0,0.0,0,0
EXP-01690,miedo_creible,Centroamérica,Tribunal F,32,99.8,0,1,0,1.0,1,0
EXP-01691,asilo,México,Tribunal D,28,52.9,0,1,1,0.0,0,0
EXP-01692,asilo,Sudamérica,Tribunal A,18,44.5,0,1,0,0.0,0,1
EXP-01693,asilo,México,Tribunal F,27,38.6,0,1,0,0.0,0,1
EXP-01694,asilo,Sudamérica,Tribunal F,18,37.5,2,0,0,1.0,0,0
EXP-01694,asilo,Sudamérica,Tribunal F,35,,0,0,0,1.0,0,0
EXP-01694,asilo,Sudamérica,Tribunal F,3,29.9,0,0,0,1.0,0,0
EXP-01695,reinstalacion,África,Tribunal A,36,9.4,0,1,0,1.0,1,0
EXP-01696,reinstalacion,Europa,Tribunal A,21,47.9,0,1,0,1.0,1,0
EXP-01697,reinstalacion,México,Tribunal A,30,91.6,0,1,1,0.0,0,0
EXP-01698,asilo,Caribe,Tribunal A,26,60.5,3,1,0,0.0,1,0
EXP-01698,asilo,Caribe,Tribunal A,29,50.1,0,1,0,0.0,0,0
EXP-01698,asilo,Caribe,Tribunal A,9,53.9,0,1,0,0.0,0,0
EXP-01698,asilo,Caribe,Tribunal A,6,52.2,0,1,0,0.0,0,0
EXP-01699,asilo,Centroamérica,Tribunal B,43,98.4,1,1,0,1.0,1,1
EXP-01699,asilo,Centroamérica,Tribunal B,24,,0,1,0,1.0,0,1
EXP-01700,reinstalacion,Centroamérica,Tribunal F,35,70.3,0,1,0,1.0,0,0
EXP-01701,miedo_creible,Centroamérica,Tribunal C,23,40.6,0,1,1,0.0,0,0
EXP-01702,asilo,Sudamérica,Tribunal A,29,115.5,0,1,0,0.0,1,1
EXP-01703,miedo_creible,Sudamérica,Tribunal B,18,27.4,0,1,0,0.0,0,0
EXP-01704,asilo,Caribe,Tribunal B,19,41.8,0,0,1,1.0,0,0
EXP-01705,asilo,Centroamérica,Tribunal C,18,119.2,0,1,0,1.0,0,1
EXP-01706,salida_voluntaria,Centroamérica,Tribunal F,29,24.1,0,1,1,0.0,0,0
EXP-01707,asilo,Centroamérica,Tribunal C,18,40.6,0,1,0,0.0,1,1
EXP-01708,ajuste_estatus,Centroamérica,Tribunal A,24,149.7,0,1,0,1.0,0,1
EXP-01709,reinstalacion,México,Tribunal B,31,66.6,0,1,0,0.0,0,0
EXP-01710,miedo_creible,Asia,Tribunal A,30,10.9,0,1,1,0.0,0,0
EXP-01711,reinstalacion,México,Tribunal B,52,103.2,0,1,0,0.0,0,0
EXP-01712,ajuste_estatus,Centroamérica,Tribunal D,38,70.1,0,0,1,0.0,0,0
EXP-01713,cancelacion,Sudamérica,Tribunal B,34,160.0,2,1,0,0.0,0,0
EXP-01713,cancelacion,Sudamérica,Tribunal B,12,158.0,0,1,0,0.0,0,0
EXP-01713,cancelacion,Sudamérica,Tribunal B,16,155.6,0,1,0,0.0,0,0
EXP-01714,miedo_creible,México,Tribunal A,37,33.5,0,1,1,0.0,0,0
EXP-01715,miedo_creible,África,Tribunal C,40,123.2,0,1,0,1.0,0,0
EXP-01716,reinstalacion,México,Tribunal E,40,62.7,0,1,0,0.0,1,0
EXP-01717,ajuste_estatus,Centroamérica,Tribunal D,45,20.2,0,0,1,1.0,0,0
EXP-01718,asilo,Centroamérica,Tribunal B,35,174.7,0,0,0,0.0,0,0
EXP-01719,asilo,Centroamérica,Tribunal C,35,14.4,0,1,0,0.0,0,0
EXP-01720,miedo_creible,Centroamérica,Tribunal E,25,58.2,0,1,1,0.0,0,0
EXP-01721,ajuste_estatus,Centroamérica,Tribunal F,22,61.7,0,1,1,0.0,0,0
EXP-01722,ajuste_estatus,Asia,Tribunal F,40,91.2,0,0,1,1.0,0,0
EXP-01723,asilo,Asia,Tribunal A,33,87.1,2,0,0,1.0,0,0
EXP-01723,asilo,Asia,Tribunal A,26,81.4,0,0,0,1.0,0,0
EXP-01723,asilo,Asia,Tribunal A,1,77.7,0,0,0,1.0,0,0
EXP-01724,reinstalacion,Centroamérica,Tribunal F,30,34.4,0,1,0,1.0,0,0
EXP-01725,miedo_creible,Centroamérica,Tribunal A,34,5.5,0,1,1,0.0,1,0
EXP-01726,miedo_creible,Europa,Tribunal A,39,18.7,0,1,0,1.0,0,0
EXP-01727,miedo_creible,Asia,Tribunal E,43,49.5,0,1,0,1.0,0,0
EXP-01728,cancelacion,Centroamérica,Tribunal F,28,120.1,0,1,1,0.0,0,1
EXP-01729,miedo_creible,Centroamérica,Tribunal D,28,24.1,0,1,1,0.0,1,0
EXP-01730,salida_voluntaria,Caribe,Tribunal E,18,64.0,3,1,0,0.0,0,1
EXP-01730,salida_voluntaria,Caribe,Tribunal E,13,56.9,0,1,0,0.0,0,1
EXP-01730,salida_voluntaria,Caribe,Tribunal E,15,53.9,0,1,0,0.0,0,1
EXP-01730,salida_voluntaria,Caribe,Tribunal E,16,58.2,0,1,0,0.0,0,1
EXP-01731,asilo,Centroamérica,Tribunal C,18,71.9,0,1,1,0.0,0,1
EXP-01732,salida_voluntaria,México,Tribunal B,38,16.6,0,0,0,0.0,0,0
EXP-01733,cancelacion,Centroamérica,Tribunal F,28,247.8,0,0,1,0.0,0,0
EXP-01734,asilo,Sudamérica,Tribunal B,34,4.8,0,1,0,0.0,0,0
EXP-01735,asilo,África,Tribunal B,35,67.5,0,1,0,1.0,0,0
EXP-01736,asilo,África,Tribunal A,27,,0,0,0,1.0,0,0
EXP-01737,salida_voluntaria,México,Tribunal A,26,43.1,0,1,0,0.0,0,1
EXP-01738,ajuste_estatus,México,Tribunal C,30,32.9,2,1,0,0.0,0,0
EXP-01738,ajuste_estatus,México,Tribunal C,2,20.0,0,1,0,0.0,0,0
EXP-01738,ajuste_estatus,México,Tribunal C,16,29.4,0,1,0,0.0,0,0
EXP-01739,miedo_creible,México,Tribunal A,27,90.0,0,1,0,1.0,0,0
EXP-01740,reinstalacion,México,Tribunal B,27,4.5,1,1,0,0.0,0,0
EXP-01740,reinstalacion,México,Tribunal B,2,5.7,0,1,0,0.0,0,0
EXP-01741,salida_voluntaria,México,Tribunal B,21,39.2,2,1,1,0.0,1,0
EXP-01741,salida_voluntaria,México,Tribunal B,4,41.6,0,1,1,0.0,0,0
EXP-01741,salida_voluntaria,México,Tribunal B,4,41.9,0,1,1,0.0,0,0
EXP-01742,asilo,México,Tribunal C,33,105.7,0,1,0,0.0,1,0
EXP-01743,miedo_creible,Europa,Tribunal B,23,163.6,0,1,0,0.0,0,0
EXP-01744,miedo_creible,Centroamérica,Tribunal A,21,4.9,0,1,0,0.0,0,0
EXP-01745,asilo,Asia,Tribunal C,36,88.1,3,1,1,1.0,0,1
EXP-01745,asilo,Asia,Tribunal C,37,92.1,0,1,1,1.0,0,1
EXP-01745,asilo,Asia,Tribunal C,6,86.7,0,1,1,1.0,0,1
EXP-01745,asilo,Asia,Tribunal C,11,82.3,0,1,1,1.0,0,1
EXP-01746,reinstalacion,Centroamérica,Tribunal B,19,55.8,0,1,0,0.0,0,0
EXP-01747,asilo,Sudamérica,Tribunal C,34,10.8,0,0,0,0.0,0,0
EXP-01748,salida_voluntaria,Centroamérica,Tribunal E,39,57.7,1,1,0,1.0,0,0
EXP-01748,salida_voluntaria,Centroamérica,Tribunal E,4,55.1,0,1,0,1.0,0,0
EXP-01749,reinstalacion,México,Tribunal D,22,30.4,0,1,0,0.0,0,0
EXP-01750,reinstalacion,Sudamérica,Tribunal B,27,93.6,0,1,1,0.0,0,0
EXP-01751,asilo,Caribe,Tribunal A,19,95.1,2,1,1,1.0,0,1
EXP-01751,asilo,Caribe,Tribunal A,41,90.5,0,1,1,1.0,0,1
EXP-01751,asilo,Caribe,Tribunal A,6,88.8,0,1,1,1.0,0,1
EXP-01752,asilo,Centroamérica,Tribunal F,18,26.8,0,1,0,0.0,0,1
EXP-01753,asilo,México,Tribunal B,32,228.8,0,1,0,0.0,0,1
EXP-01754,asilo,Centroamérica,Tribunal E,43,83.4,1,1,1,0.0,0,1
EXP-01754,asilo,Centroamérica,Tribunal E,25,77.4,0,1,1,0.0,0,1
EXP-01755,cancelacion,México,Tribunal A,32,162.4,0,1,0,0.0,1,0
EXP-01756,ajuste_estatus,México,Tribunal E,21,51.5,0,0,1,0.0,0,0
EXP-01757,reinstalacion,Sudamérica,Tribunal D,29,38.2,0,1,0,0.0,1,0
EXP-01758,ajuste_estatus,Centroamérica,Tribunal F,38,110.8,4,1,1,1.0,1,1
EXP-01758,ajuste_estatus,Centroamérica,Tribunal F,23,108.8,0,1,1,1.0,0,1
EXP-01758,ajuste_estatus,Centroamérica,Tribunal F,15,108.6,0,1,1,1.0,0,1
EXP-01758,ajuste_estatus,Centroamérica,Tribunal F,12,109.3,0,1,1,1.0,0,1
EXP-01758,ajuste_estatus,Centroamérica,Tribunal F,9,102.0,0,1,1,1.0,0,1
EXP-01759,salida_voluntaria,Centroamérica,Tribunal C,20,38.4,2,1,1,0.0,1,1
EXP-01759,salida_voluntaria,Centroamérica,Tribunal C,23,38.5,0,1,1,0.0,0,1
EXP-01759,salida_voluntaria,Centroamérica,Tribunal C,10,34.7,0,1,1,0.0,0,1
EXP-01760,miedo_creible,Centroamérica,Tribunal B,25,9.0,0,1,0,0.0,1,0
EXP-01761,reinstalacion,México,Tribunal F,18,76.8,0,0,0,0.0,0,0
EXP-01762,salida_voluntaria,México,Tribunal C,27,0.3,3,1,0,0.0,0,1
EXP-01762,salida_voluntaria,México,Tribunal C,12,0.0,0,1,0,0.0,0,1
EXP-01762,salida_voluntaria,México,Tribunal C,7,0.0,0,1,0,0.0,0,1
EXP-01762,salida_voluntaria,México,Tribunal C,16,0.0,0,1,0,0.0,0,1
EXP-01763,reinstalacion,México,Tribunal F,36,,0,1,0,0.0,0,0
EXP-01764,reinstalacion,México,Tribunal F,19,95.6,0,0,1,0.0,0,0
EXP-01765,asilo,Europa,Tribunal A,30,10.5,0,1,0,0.0,0,1
EXP-01766,ajuste_estatus,Centroamérica,Tribunal A,40,64.7,0,1,0,0.0,1,1
EXP-01767,asilo,México,Tribunal E,35,24.6,4,0,1,0.0,1,0
EXP-01767,asilo,México,Tribunal E,6,24.0,0,0,1,0.0,0,0
EXP-01767,asilo,México,Tribunal E,15,21.7,0,0,1,0.0,0,0
EXP-01767,asilo,México,Tribunal E,7,21.1,0,0,1,0.0,0,0
EXP-01767,asilo,México,Tribunal E,6,17.9,0,0,1,0.0,0,0
EXP-01768,ajuste_estatus,México,Tribunal A,36,23.8,2,1,0,0.0,0,1
EXP-01768,ajuste_estatus,México,Tribunal A,38,22.0,0,1,0,0.0,0,1
EXP-01768,ajuste_estatus,México,Tribunal A,6,15.2,0,1,0,0.0,0,1
EXP-01769,miedo_creible,Centroamérica,Tribunal A,29,22.6,0,1,0,1.0,0,0
EXP-01770,ajuste_estatus,Centroamérica,Tribunal D,31,51.4,0,1,0,0.0,1,1
EXP-01771,reinstalacion,México,Tribunal C,29,34.2,0,1,0,0.0,0,0
EXP-01772,ajuste_estatus,África,Tribunal C,41,,0,1,1,1.0,0,1
EXP-01773,asilo,Sudamérica,Tribunal D,22,30.1,0,1,0,0.0,0,0
EXP-01774,asilo,Centroamérica,Tribunal A,18,90.2,1,0,0,0.0,0,0
EXP-01774,asilo,Centroamérica,Tribunal A,41,82.9,0,0,0,0.0,0,0
EXP-01775,ajuste_estatus,Centroamérica,Tribunal F,32,29.9,0,0,0,,0,0
EXP-01776,ajuste_estatus,Centroamérica,Tribunal C,39,13.2,4,1,0,1.0,1,1
EXP-01776,ajuste_estatus,Centroamérica,Tribunal C,1,0.0,0,1,0,1.0,0,1
EXP-01776,ajuste_estatus,Centroamérica,Tribunal C,13,0.0,0,1,0,1.0,0,1
EXP-01776,ajuste_estatus,Centroamérica,Tribunal C,10,0.0,0,1,0,1.0,0,1
EXP-01776,ajuste_estatus,Centroamérica,Tribunal C,5,1.5,0,1,0,1.0,0,1
EXP-01777,ajuste_estatus,Centroamérica,Tribunal B,35,,0,0,1,0.0,0,0
EXP-01778,asilo,México,Tribunal C,29,58.9,0,1,0,0.0,0,0
EXP-01779,reinstalacion,México,Tribunal D,29,17.9,0,1,1,0.0,0,0
EXP-01780,asilo,Asia,Tribunal A,18,91.4,2,1,0,,1,0
EXP-01780,asilo,Asia,Tribunal A,14,84.0,0,1,0,1.0,0,0
EXP-01780,asilo,Asia,Tribunal A,10,86.2,0,1,0,1.0,0,0
EXP-01781,miedo_creible,Asia,Tribunal D,18,28.1,0,1,0,0.0,0,0
EXP-01782,salida_voluntaria,Centroamérica,Tribunal D,46,10.0,1,0,0,0.0,0,0
EXP-01782,salida_voluntaria,Centroamérica,Tribunal D,34,3.1,0,0,0,0.0,0,0
EXP-01783,asilo,África,Tribunal E,24,72.3,0,1,0,1.0,0,1
EXP-01784,asilo,Sudamérica,Tribunal A,26,6.7,0,0,0,0.0,0,0
EXP-01785,ajuste_estatus,Centroamérica,Tribunal C,44,45.7,0,1,0,1.0,0,0
EXP-01786,cancelacion,Centroamérica,Tribunal A,39,154.3,0,0,1,0.0,0,0
EXP-01787,asilo,Centroamérica,Tribunal D,34,59.2,0,0,1,1.0,0,0
EXP-01788,reinstalacion,México,Tribunal C,38,44.0,0,1,0,0.0,0,0
EXP-01789,ajuste_estatus,Caribe,Tribunal C,40,110.9,0,0,1,0.0,0,0
EXP-01790,ajuste_estatus,Sudamérica,Tribunal D,35,299.6,0,0,1,0.0,0,0
EXP-01791,ajuste_estatus,Centroamérica,Tribunal A,35,36.9,1,0,0,0.0,0,0
EXP-01791,ajuste_estatus,Centroamérica,Tribunal A,28,25.5,0,0,0,0.0,0,0
EXP-01792,reinstalacion,Centroamérica,Tribunal B,39,11.1,1,1,0,0.0,0,0
EXP-01792,reinstalacion,Centroamérica,Tribunal B,16,14.5,0,1,0,,0,0
EXP-01793,ajuste_estatus,México,Tribunal D,44,106.5,0,0,0,0.0,0,0
EXP-01794,miedo_creible,Centroamérica,Tribunal B,26,9.5,0,1,1,1.0,0,0
EXP-01795,asilo,Asia,Tribunal C,24,88.1,0,1,0,1.0,0,1
EXP-01796,reinstalacion,México,Tribunal B,36,7.6,0,1,0,0.0,0,0
EXP-01797,asilo,Centroamérica,Tribunal E,43,13.8,0,1,0,0.0,0,1
EXP-01798,asilo,Europa,Tribunal F,35,41.6,2,1,1,0.0,0,1
EXP-01798,asilo,Europa,Tribunal F,22,36.6,0,1,1,0.0,0,1
EXP-01798,asilo,Europa,Tribunal F,9,37.4,0,1,1,0.0,0,1
EXP-01799,reinstalacion,México,Tribunal A,31,44.4,0,1,1,0.0,0,0
EXP-01800,reinstalacion,Centroamérica,Tribunal C,30,34.3,0,0,1,0.0,0,0
EXP-01801,asilo,Sudamérica,Tribunal E,18,18.0,0,0,0,0.0,0,0
EXP-01802,asilo,México,Tribunal D,18,6.5,0,0,0,0.0,0,0
EXP-01803,salida_voluntaria,Europa,Tribunal E,46,86.9,2,1,1,1.0,0,0
EXP-01803,salida_voluntaria,Europa,Tribunal E,16,76.2,0,1,1,1.0,0,0
EXP-01803,salida_voluntaria,Europa,Tribunal E,10,82.9,0,1,1,1.0,0,0
EXP-01804,ajuste_estatus,México,Tribunal D,23,88.6,0,0,1,0.0,0,0
EXP-01805,asilo,Centroamérica,Tribunal E,36,,0,1,0,1.0,0,0
EXP-01806,asilo,Asia,Tribunal B,40,69.9,0,1,1,1.0,0,0
EXP-01807,miedo_creible,África,Tribunal B,41,97.2,0,1,0,0.0,0,0
EXP-01808,miedo_creible,Centroamérica,Tribunal D,39,67.7,4,1,1,0.0,0,0
EXP-01808,miedo_creible,Centroamérica,Tribunal D,10,55.1,0,1,1,0.0,0,0
EXP-01808,miedo_creible,Centroamérica,Tribunal D,3,63.0,0,1,1,0.0,0,0
EXP-01808,miedo_creible,Centroamérica,Tribunal D,12,64.0,0,1,1,0.0,0,0
EXP-01808,miedo_creible,Centroamérica,Tribunal D,1,60.3,0,1,1,0.0,0,0
EXP-01809,miedo_creible,México,Tribunal D,18,25.1,0,1,0,0.0,0,0
EXP-01810,ajuste_estatus,Caribe,Tribunal D,41,160.6,0,1,0,0.0,0,0
EXP-01811,miedo_creible,Caribe,Tribunal A,30,61.1,0,1,0,0.0,0,0
EXP-01812,asilo,Sudamérica,Tribunal B,20,164.4,0,1,1,0.0,0,0
EXP-01813,asilo,Sudamérica,Tribunal F,18,100.2,2,1,0,0.0,0,0
EXP-01813,asilo,Sudamérica,Tribunal F,9,95.4,0,1,0,0.0,0,0
EXP-01813,asilo,Sudamérica,Tribunal F,13,,0,1,0,0.0,0,0
EXP-01814,reinstalacion,México,Tribunal C,31,17.0,0,1,0,0.0,1,0
EXP-01815,miedo_creible,México,Tribunal C,27,48.7,0,1,0,0.0,0,0
EXP-01816,ajuste_estatus,Asia,Tribunal A,31,66.7,1,1,1,1.0,1,0
EXP-01816,ajuste_estatus,Asia,Tribunal A,18,61.4,0,1,1,1.0,0,0
EXP-01817,asilo,México,Tribunal A,41,49.1,0,1,0,0.0,0,1
EXP-01818,asilo,Centroamérica,Tribunal C,21,96.5,0,0,1,0.0,0,0
EXP-01819,ajuste_estatus,México,Tribunal C,18,67.4,0,1,0,0.0,0,1
EXP-01820,salida_voluntaria,México,Tribunal C,35,34.7,0,1,0,1.0,0,1
EXP-01821,ajuste_estatus,México,Tribunal C,48,81.8,0,1,0,0.0,0,1
EXP-01822,reinstalacion,Centroamérica,Tribunal D,26,113.1,0,1,0,0.0,0,0
EXP-01823,asilo,Sudamérica,Tribunal B,26,69.0,0,1,1,1.0,0,1
EXP-01824,miedo_creible,México,Tribunal D,51,127.4,0,1,0,0.0,1,0
EXP-01825,reinstalacion,Centroamérica,Tribunal C,24,5.9,0,1,0,0.0,0,0
EXP-01826,ajuste_estatus,Sudamérica,Tribunal A,37,64.8,4,0,1,0.0,0,0
EXP-01826,ajuste_estatus,Sudamérica,Tribunal A,42,55.8,0,0,1,0.0,0,0
EXP-01826,ajuste_estatus,Sudamérica,Tribunal A,10,55.3,0,0,1,0.0,0,0
EXP-01826,ajuste_estatus,Sudamérica,Tribunal A,3,66.0,0,0,1,0.0,0,0
EXP-01826,ajuste_estatus,Sudamérica,Tribunal A,1,57.8,0,0,1,0.0,0,0
EXP-01827,reinstalacion,África,Tribunal F,43,,0,1,0,1.0,1,0
EXP-01828,reinstalacion,Centroamérica,Tribunal B,31,7.2,0,1,0,0.0,0,0
EXP-01829,reinstalacion,África,Tribunal B,32,70.3,0,1,0,0.0,0,0
EXP-01830,salida_voluntaria,Centroamérica,Tribunal B,27,151.9,0,1,0,0.0,0,0
EXP-01831,reinstalacion,Asia,Tribunal F,28,46.0,0,1,0,1.0,0,0
EXP-01832,asilo,África,Tribunal A,30,41.0,2,1,0,1.0,0,1
EXP-01832,asilo,África,Tribunal A,12,38.0,0,1,0,1.0,0,1
EXP-01832,asilo,África,Tribunal A,2,32.4,0,1,0,1.0,0,1
EXP-01833,reinstalacion,México,Tribunal C,18,142.4,0,1,0,0.0,0,0
EXP-01834,asilo,Caribe,Tribunal B,37,108.3,3,0,1,1.0,0,0
EXP-01834,asilo,Caribe,Tribunal B,32,98.1,0,0,1,1.0,0,0
EXP-01834,asilo,Caribe,Tribunal B,8,103.9,0,0,1,1.0,0,0
EXP-01834,asilo,Caribe,Tribunal B,13,98.2,0,0,1,1.0,0,0
EXP-01835,ajuste_estatus,Caribe,Tribunal E,33,82.3,2,1,0,0.0,1,0
EXP-01835,ajuste_estatus,Caribe,Tribunal E,28,79.8,0,1,0,0.0,0,0
EXP-01835,ajuste_estatus,Caribe,Tribunal E,14,72.1,0,1,0,0.0,0,0
EXP-01836,asilo,África,Tribunal C,41,81.0,4,1,1,1.0,0,0
EXP-01836,asilo,África,Tribunal C,16,73.9,0,1,1,1.0,0,0
EXP-01836,asilo,África,Tribunal C,1,82.6,0,1,1,1.0,0,0
EXP-01836,asilo,África,Tribunal C,11,83.0,0,1,1,1.0,0,0
EXP-01836,asilo,África,Tribunal C,9,77.1,0,1,1,1.0,0,0
EXP-01837,asilo,Centroamérica,Tribunal A,30,23.9,1,0,0,0.0,0,0
EXP-01837,asilo,Centroamérica,Tribunal A,36,18.2,0,0,0,0.0,0,0
EXP-01838,asilo,Sudamérica,Tribunal A,30,106.1,0,1,1,0.0,0,1
EXP-01839,asilo,Centroamérica,Tribunal A,41,40.9,0,1,0,0.0,0,1
EXP-01840,miedo_creible,Sudamérica,Tribunal A,40,56.9,0,1,0,1.0,0,0
EXP-01841,miedo_creible,México,Tribunal C,46,7.1,0,1,0,0.0,0,0
EXP-01842,asilo,Asia,Tribunal B,29,18.0,0,1,0,1.0,1,1
EXP-01843,asilo,Centroamérica,Tribunal E,44,93.0,0,0,1,0.0,0,0
EXP-01844,miedo_creible,Sudamérica,Tribunal C,26,162.0,0,1,1,0.0,1,0
EXP-01845,asilo,África,Tribunal D,52,28.5,0,1,1,0.0,0,1
EXP-01846,reinstalacion,México,Tribunal D,35,10.1,0,1,0,0.0,0,0
EXP-01847,asilo,Centroamérica,Tribunal C,47,73.6,0,0,0,1.0,0,0
EXP-01848,salida_voluntaria,África,Tribunal A,26,60.2,0,1,0,1.0,1,1
EXP-01849,ajuste_estatus,Europa,Tribunal C,27,,1,0,1,1.0,0,0
EXP-01849,ajuste_estatus,Europa,Tribunal C,31,18.0,0,0,1,1.0,0,0
EXP-01850,miedo_creible,Sudamérica,Tribunal B,31,37.2,0,1,0,1.0,1,0
EXP-01851,cancelacion,México,Tribunal D,56,187.4,0,0,1,0.0,1,0
EXP-01852,asilo,Caribe,Tribunal E,38,147.2,1,0,1,0.0,0,0
EXP-01852,asilo,Caribe,Tribunal E,2,149.5,0,0,1,0.0,0,0
EXP-01853,salida_voluntaria,Centroamérica,Tribunal F,35,4.3,0,0,1,0.0,0,0
EXP-01854,miedo_creible,México,Tribunal A,18,113.3,0,1,0,0.0,0,0
EXP-01855,salida_voluntaria,México,Tribunal A,23,37.8,1,1,1,0.0,0,1
EXP-01855,salida_voluntaria,México,Tribunal A,46,27.6,0,1,1,0.0,0,1
EXP-01856,salida_voluntaria,Asia,Tribunal A,37,51.4,3,1,1,1.0,0,0
EXP-01856,salida_voluntaria,Asia,Tribunal A,39,45.6,0,1,1,1.0,0,0
EXP-01856,salida_voluntaria,Asia,Tribunal A,7,45.1,0,1,1,1.0,0,0
EXP-01856,salida_voluntaria,Asia,Tribunal A,11,43.0,0,1,1,1.0,0,0
EXP-01857,asilo,Centroamérica,Tribunal B,35,72.3,0,0,1,1.0,0,0
EXP-01858,reinstalacion,Sudamérica,Tribunal A,25,47.8,0,1,1,1.0,0,0
EXP-01859,reinstalacion,Centroamérica,Tribunal B,29,36.6,0,1,1,1.0,0,0
EXP-01860,reinstalacion,México,Tribunal F,22,97.4,0,0,0,0.0,0,0
EXP-01861,asilo,Centroamérica,Tribunal C,28,50.5,1,0,1,0.0,0,0
EXP-01861,asilo,Centroamérica,Tribunal C,2,36.8,0,0,1,0.0,0,0
EXP-01862,miedo_creible,Centroamérica,Tribunal A,25,21.3,4,1,1,0.0,0,0
EXP-01862,miedo_creible,Centroamérica,Tribunal A,35,15.9,0,1,1,0.0,0,0
EXP-01862,miedo_creible,Centroamérica,Tribunal A,2,14.2,0,1,1,0.0,0,0
EXP-01862,miedo_creible,Centroamérica,Tribunal A,16,12.3,0,1,1,0.0,0,0
EXP-01862,miedo_creible,Centroamérica,Tribunal A,3,17.3,0,1,1,0.0,0,0
EXP-01863,asilo,México,Tribunal A,18,152.9,0,1,0,0.0,0,1
EXP-01864,asilo,Centroamérica,Tribunal A,21,65.1,0,1,0,0.0,0,0
EXP-01865,miedo_creible,México,Tribunal A,32,28.6,0,1,0,0.0,0,0
EXP-01866,salida_voluntaria,Caribe,Tribunal D,25,9.6,0,0,0,0.0,0,0
EXP-01867,reinstalacion,Asia,Tribunal E,33,35.3,0,1,1,1.0,0,0
EXP-01868,reinstalacion,México,Tribunal C,43,19.6,0,1,0,0.0,0,0
EXP-01869,salida_voluntaria,México,Tribunal E,21,93.3,0,1,1,0.0,0,1
EXP-01870,ajuste_estatus,México,Tribunal C,18,225.9,1,0,1,0.0,0,0
EXP-01870,ajuste_estatus,México,Tribunal C,19,215.6,0,0,1,0.0,0,0
EXP-01871,miedo_creible,Centroamérica,Tribunal A,32,27.4,0,0,1,0.0,0,0
EXP-01872,miedo_creible,Caribe,Tribunal B,36,11.6,0,1,0,1.0,0,0
EXP-01873,salida_voluntaria,México,Tribunal F,36,117.0,0,0,0,0.0,0,0
EXP-01874,cancelacion,Centroamérica,Tribunal A,48,243.6,0,0,1,0.0,0,0
EXP-01875,miedo_creible,Caribe,Tribunal D,18,80.0,0,1,0,1.0,0,0
EXP-01876,ajuste_estatus,México,Tribunal E,33,29.9,0,0,1,0.0,0,0
EXP-01877,reinstalacion,Centroamérica,Tribunal A,36,26.5,0,1,0,0.0,0,0
EXP-01878,ajuste_estatus,Asia,Tribunal A,44,129.4,2,1,0,1.0,1,0
EXP-01878,ajuste_estatus,Asia,Tribunal A,30,126.9,0,1,0,1.0,0,0
EXP-01878,ajuste_estatus,Asia,Tribunal A,2,125.7,0,1,0,1.0,0,0
EXP-01879,salida_voluntaria,Sudamérica,Tribunal E,26,39.6,1,1,0,0.0,1,0
EXP-01879,salida_voluntaria,Sudamérica,Tribunal E,28,28.8,0,1,0,0.0,0,0
EXP-01880,salida_voluntaria,México,Tribunal E,47,52.6,0,0,1,1.0,0,0
EXP-01881,asilo,Asia,Tribunal A,27,16.5,0,0,1,1.0,0,0
EXP-01882,asilo,África,Tribunal F,31,17.4,0,1,1,1.0,0,0
EXP-01883,ajuste_estatus,México,Tribunal B,42,41.4,0,0,0,0.0,0,0
EXP-01884,asilo,Sudamérica,Tribunal A,40,60.1,1,0,1,1.0,0,0
EXP-01884,asilo,Sudamérica,Tribunal A,16,49.5,0,0,1,1.0,0,0
EXP-01885,asilo,Centroamérica,Tribunal A,18,3.8,0,0,0,0.0,1,0
EXP-01886,asilo,Centroamérica,Tribunal C,32,28.1,0,1,0,0.0,0,0
EXP-01887,salida_voluntaria,México,Tribunal E,31,110.1,0,1,0,0.0,0,0
EXP-01888,cancelacion,Sudamérica,Tribunal A,34,295.1,0,1,0,0.0,0,0
EXP-01889,salida_voluntaria,Caribe,Tribunal B,27,84.6,1,1,0,1.0,1,0
EXP-01889,salida_voluntaria,Caribe,Tribunal B,23,78.7,0,1,0,1.0,0,0
EXP-01890,salida_voluntaria,Sudamérica,Tribunal A,33,32.8,0,1,0,0.0,1,1
EXP-01891,asilo,Centroamérica,Tribunal A,46,6.4,4,1,0,0.0,0,1
EXP-01891,asilo,Centroamérica,Tribunal A,28,0.0,0,1,0,0.0,0,1
EXP-01891,asilo,Centroamérica,Tribunal A,8,4.4,0,1,0,0.0,0,1
EXP-01891,asilo,Centroamérica,Tribunal A,9,0.0,0,1,0,0.0,0,1
EXP-01891,asilo,Centroamérica,Tribunal A,4,6.3,0,1,0,0.0,0,1
EXP-01892,ajuste_estatus,Centroamérica,Tribunal B,29,63.4,0,0,0,1.0,1,0
EXP-01893,cancelacion,Europa,Tribunal C,30,209.8,2,0,0,1.0,0,0
EXP-01893,cancelacion,Europa,Tribunal C,29,205.9,0,0,0,1.0,0,0
EXP-01893,cancelacion,Europa,Tribunal C,1,195.7,0,0,0,1.0,0,0
EXP-01894,salida_voluntaria,Centroamérica,Tribunal A,25,18.0,0,1,0,0.0,0,1
EXP-01895,asilo,Asia,Tribunal B,30,56.6,4,1,1,1.0,0,0
EXP-01895,asilo,Asia,Tribunal B,32,48.1,0,1,1,1.0,0,0
EXP-01895,asilo,Asia,Tribunal B,9,54.7,0,1,1,1.0,0,0
EXP-01895,asilo,Asia,Tribunal B,10,51.2,0,1,1,1.0,0,0
EXP-01895,asilo,Asia,Tribunal B,9,55.4,0,1,1,1.0,0,0
EXP-01896,miedo_creible,Centroamérica,Tribunal C,30,50.2,0,1,0,0.0,0,0
EXP-01897,ajuste_estatus,Caribe,Tribunal E,27,38.6,0,1,0,1.0,0,1
EXP-01898,reinstalacion,México,Tribunal E,26,38.6,0,1,0,0.0,0,0
EXP-01899,reinstalacion,México,Tribunal B,40,149.1,0,1,0,0.0,0,0
EXP-01900,asilo,Centroamérica,Tribunal F,27,60.8,3,1,0,0.0,0,1
EXP-01900,asilo,Centroamérica,Tribunal F,10,61.0,0,1,0,0.0,0,1
EXP-01900,asilo,Centroamérica,Tribunal F,15,50.8,0,1,0,0.0,0,1
EXP-01900,asilo,Centroamérica,Tribunal F,7,52.5,0,1,0,0.0,0,1
EXP-01901,ajuste_estatus,Centroamérica,Tribunal D,28,110.3,0,0,1,1.0,0,0
EXP-01902,asilo,Europa,Tribunal B,20,57.2,0,1,0,1.0,0,0
EXP-01903,salida_voluntaria,Centroamérica,Tribunal D,20,39.9,0,0,0,0.0,0,0
EXP-01904,miedo_creible,Centroamérica,Tribunal C,19,44.7,0,1,1,0.0,1,0
EXP-01905,miedo_creible,Centroamérica,Tribunal E,29,73.5,1,1,0,0.0,0,0
EXP-01905,miedo_creible,Centroamérica,Tribunal E,36,73.6,0,1,0,0.0,0,0
EXP-01906,miedo_creible,Centroamérica,Tribunal E,30,84.6,0,1,1,1.0,0,0
EXP-01907,asilo,México,Tribunal C,36,23.1,1,1,1,0.0,0,0
EXP-01907,asilo,México,Tribunal C,12,18.7,0,1,1,0.0,0,0
EXP-01908,asilo,Centroamérica,Tribunal A,31,111.0,0,1,0,0.0,1,0
EXP-01909,asilo,Sudamérica,Tribunal A,21,27.1,0,0,1,0.0,0,0
EXP-01910,asilo,Sudamérica,Tribunal A,36,54.0,0,1,0,0.0,0,1
EXP-01911,asilo,Centroamérica,Tribunal A,33,5.2,0,1,1,0.0,0,0
EXP-01912,salida_voluntaria,Caribe,Tribunal C,28,44.9,1,1,0,1.0,1,0
EXP-01912,salida_voluntaria,Caribe,Tribunal C,31,40.1,0,1,0,1.0,0,0
EXP-01913,cancelacion,México,Tribunal B,25,124.8,3,1,0,0.0,0,1
EXP-01913,cancelacion,México,Tribunal B,7,121.5,0,1,0,0.0,0,1
EXP-01913,cancelacion,México,Tribunal B,9,119.4,0,1,0,,0,1
EXP-01913,cancelacion,México,Tribunal B,10,119.3,0,1,0,0.0,0,1
EXP-01914,miedo_creible,África,Tribunal E,38,29.1,0,1,0,1.0,0,0
EXP-01915,salida_voluntaria,Centroamérica,Tribunal B,47,23.2,1,0,1,1.0,0,0
EXP-01915,salida_voluntaria,Centroamérica,Tribunal B,12,13.9,0,0,1,1.0,0,0
EXP-01916,asilo,África,Tribunal B,25,34.1,0,0,1,1.0,0,0
EXP-01917,asilo,Asia,Tribunal B,28,60.4,0,0,1,1.0,0,0
EXP-01918,salida_voluntaria,México,Tribunal A,18,73.4,0,0,1,0.0,0,0
EXP-01919,ajuste_estatus,Centroamérica,Tribunal A,44,61.6,1,0,1,1.0,1,0
EXP-01919,ajuste_estatus,Centroamérica,Tribunal A,30,54.6,0,0,1,,0,0
EXP-01920,miedo_creible,Centroamérica,Tribunal A,48,33.3,0,1,0,1.0,0,0
EXP-01921,asilo,África,Tribunal B,25,19.3,0,1,0,0.0,0,1
EXP-01922,ajuste_estatus,Sudamérica,Tribunal F,30,30.4,0,0,1,0.0,0,0
EXP-01923,asilo,Centroamérica,Tribunal E,39,34.9,0,0,0,0.0,0,0
EXP-01924,ajuste_estatus,Europa,Tribunal D,45,24.6,0,0,1,1.0,0,0
EXP-01925,asilo,Sudamérica,Tribunal F,42,56.4,2,0,1,0.0,0,0
EXP-01925,asilo,Sudamérica,Tribunal F,12,46.4,0,0,1,0.0,0,0
EXP-01925,asilo,Sudamérica,Tribunal F,14,46.5,0,0,1,0.0,0,0
EXP-01926,asilo,Centroamérica,Tribunal B,33,17.7,0,0,1,0.0,0,0
EXP-01927,asilo,Centroamérica,Tribunal C,26,52.6,0,1,0,1.0,0,0
EXP-01928,ajuste_estatus,Centroamérica,Tribunal E,35,68.6,4,1,0,1.0,0,0
EXP-01928,ajuste_estatus,Centroamérica,Tribunal E,20,63.3,0,1,0,1.0,0,0
EXP-01928,ajuste_estatus,Centroamérica,Tribunal E,14,57.0,0,1,0,1.0,0,0
EXP-01928,ajuste_estatus,Centroamérica,Tribunal E,9,,0,1,0,1.0,0,0
EXP-01928,ajuste_estatus,Centroamérica,Tribunal E,3,56.2,0,1,0,1.0,0,0
EXP-01929,asilo,Asia,Tribunal D,22,11.3,1,1,0,1.0,0,0
EXP-01929,asilo,Asia,Tribunal D,9,10.1,0,1,0,1.0,0,0
EXP-01930,reinstalacion,Centroamérica,Tribunal C,18,92.9,1,1,1,0.0,0,0
EXP-01930,reinstalacion,Centroamérica,Tribunal C,29,,0,1,1,0.0,0,0
EXP-01931,salida_voluntaria,Europa,Tribunal B,38,54.3,0,0,0,1.0,1,0
EXP-01932,ajuste_estatus,Centroamérica,Tribunal C,47,,3,1,0,1.0,0,1
EXP-01932,ajuste_estatus,Centroamérica,Tribunal C,5,95.3,0,1,0,1.0,0,1
EXP-01932,ajuste_estatus,Centroamérica,Tribunal C,7,95.9,0,1,0,1.0,0,1
EXP-01932,ajuste_estatus,Centroamérica,Tribunal C,12,99.3,0,1,0,1.0,0,1
EXP-01933,miedo_creible,Europa,Tribunal D,41,46.9,1,1,1,1.0,0,0
EXP-01933,miedo_creible,Europa,Tribunal D,16,35.2,0,1,1,1.0,0,0
EXP-01934,asilo,Asia,Tribunal F,32,30.7,0,0,1,1.0,0,0
EXP-01935,ajuste_estatus,Centroamérica,Tribunal C,27,57.7,0,1,1,0.0,0,0
EXP-01936,miedo_creible,Sudamérica,Tribunal F,24,3.8,0,0,1,0.0,0,0
EXP-01937,ajuste_estatus,Asia,Tribunal B,33,94.5,1,1,0,1.0,0,0
EXP-01937,ajuste_estatus,Asia,Tribunal B,16,87.0,0,1,0,1.0,0,0
EXP-01938,asilo,Sudamérica,Tribunal A,41,32.6,2,0,0,1.0,0,0
EXP-01938,asilo,Sudamérica,Tribunal A,18,22.6,0,0,0,1.0,0,0
EXP-01938,asilo,Sudamérica,Tribunal A,7,28.4,0,0,0,1.0,0,0
EXP-01939,cancelacion,Caribe,Tribunal A,22,140.6,2,1,1,0.0,1,1
EXP-01939,cancelacion,Caribe,Tribunal A,5,128.9,0,1,1,0.0,0,1
EXP-01939,cancelacion,Caribe,Tribunal A,7,134.4,0,1,1,0.0,0,1
EXP-01940,salida_voluntaria,Asia,Tribunal C,39,95.8,0,0,1,1.0,0,0
EXP-01941,reinstalacion,México,Tribunal A,24,120.9,0,1,0,0.0,0,0
EXP-01942,reinstalacion,Sudamérica,Tribunal A,25,134.0,0,1,0,0.0,0,0
EXP-01943,salida_voluntaria,México,Tribunal B,30,25.0,0,1,0,0.0,0,1
EXP-01944,asilo,México,Tribunal D,31,113.8,0,0,0,0.0,0,0
EXP-01945,ajuste_estatus,Europa,Tribunal A,18,71.0,1,1,1,1.0,0,1
EXP-01945,ajuste_estatus,Europa,Tribunal A,10,71.5,0,1,1,1.0,0,1
EXP-01946,asilo,Caribe,Tribunal A,34,23.3,0,0,1,1.0,1,0
EXP-01947,cancelacion,Asia,Tribunal A,40,146.7,1,0,1,1.0,0,0
EXP-01947,cancelacion,Asia,Tribunal A,40,148.0,0,0,1,1.0,0,0
EXP-01948,miedo_creible,Sudamérica,Tribunal D,39,55.7,0,1,0,0.0,0,0
EXP-01949,asilo,México,Tribunal C,38,7.1,0,0,1,0.0,0,0
EXP-01950,asilo,Sudamérica,Tribunal E,19,113.4,1,0,1,0.0,0,0
EXP-01950,asilo,Sudamérica,Tribunal E,16,104.7,0,0,1,0.0,0,0
EXP-01951,miedo_creible,México,Tribunal B,29,145.8,0,1,0,0.0,0,0
EXP-01952,reinstalacion,Centroamérica,Tribunal B,34,31.7,0,1,0,0.0,0,0
EXP-01953,asilo,Caribe,Tribunal E,40,141.8,0,1,0,1.0,0,0
EXP-01954,reinstalacion,Centroamérica,Tribunal E,29,22.9,2,1,0,0.0,0,0
EXP-01954,reinstalacion,Centroamérica,Tribunal E,33,13.4,0,1,0,0.0,0,0
EXP-01954,reinstalacion,Centroamérica,Tribunal E,8,24.0,0,1,0,0.0,0,0
EXP-01955,cancelacion,Centroamérica,Tribunal A,36,179.7,4,1,0,0.0,0,1
EXP-01955,cancelacion,Centroamérica,Tribunal A,5,177.5,0,1,0,0.0,0,1
EXP-01955,cancelacion,Centroamérica,Tribunal A,13,175.8,0,1,0,0.0,0,1
EXP-01955,cancelacion,Centroamérica,Tribunal A,11,175.9,0,1,0,0.0,0,1
EXP-01955,cancelacion,Centroamérica,Tribunal A,5,169.9,0,1,0,0.0,0,1
EXP-01956,miedo_creible,África,Tribunal A,21,80.2,0,1,0,1.0,0,0
EXP-01957,ajuste_estatus,Caribe,Tribunal C,32,21.9,1,1,1,0.0,0,0
EXP-01957,ajuste_estatus,Caribe,Tribunal C,3,16.2,0,1,1,0.0,0,0
EXP-01958,asilo,México,Tribunal C,36,48.6,1,0,0,1.0,0,0
EXP-01958,asilo,México,Tribunal C,43,39.1,0,0,0,1.0,0,0
EXP-01959,reinstalacion,Centroamérica,Tribunal F,31,50.1,0,1,0,1.0,0,0
EXP-01960,miedo_creible,Centroamérica,Tribunal D,40,131.4,0,0,1,1.0,0,0
EXP-01961,ajuste_estatus,Centroamérica,Tribunal C,28,6.6,1,1,0,0.0,1,1
EXP-01961,ajuste_estatus,Centroamérica,Tribunal C,31,0.0,0,1,0,0.0,0,1
EXP-01962,asilo,Centroamérica,Tribunal F,32,5.2,0,1,0,0.0,1,1
EXP-01963,asilo,Centroamérica,Tribunal E,18,112.2,1,1,0,0.0,0,0
EXP-01963,asilo,Centroamérica,Tribunal E,12,99.8,0,1,0,0.0,0,0
EXP-01964,ajuste_estatus,Asia,Tribunal F,34,60.5,0,1,0,1.0,1,1
EXP-01965,asilo,Caribe,Tribunal A,35,76.6,0,0,1,1.0,0,0
EXP-01966,miedo_creible,Centroamérica,Tribunal C,27,6.4,0,1,1,1.0,0,0
EXP-01967,miedo_creible,Caribe,Tribunal F,29,50.2,0,1,0,1.0,1,0
EXP-01968,asilo,Centroamérica,Tribunal A,41,123.6,4,0,0,0.0,0,0
EXP-01968,asilo,Centroamérica,Tribunal A,45,116.6,0,0,0,0.0,0,0
EXP-01968,asilo,Centroamérica,Tribunal A,5,123.3,0,0,0,0.0,0,0
EXP-01968,asilo,Centroamérica,Tribunal A,12,123.6,0,0,0,0.0,0,0
EXP-01968,asilo,Centroamérica,Tribunal A,6,118.2,0,0,0,0.0,0,0
EXP-01969,asilo,Sudamérica,Tribunal B,23,19.9,0,1,0,1.0,0,1
EXP-01970,asilo,Centroamérica,Tribunal D,27,103.4,0,0,0,0.0,0,0
EXP-01971,miedo_creible,Centroamérica,Tribunal E,26,53.3,0,1,1,1.0,0,0
EXP-01972,asilo,Centroamérica,Tribunal B,34,5.5,1,1,1,0.0,0,0
EXP-01972,asilo,Centroamérica,Tribunal B,2,,0,1,1,0.0,0,0
EXP-01973,asilo,Europa,Tribunal A,18,34.0,0,0,0,1.0,0,0
EXP-01974,reinstalacion,México,Tribunal B,22,42.7,0,1,0,0.0,0,0
EXP-01975,salida_voluntaria,Centroamérica,Tribunal E,25,4.9,1,0,0,0.0,0,0
EXP-01975,salida_voluntaria,Centroamérica,Tribunal E,33,0.0,0,0,0,0.0,0,0
EXP-01976,asilo,Centroamérica,Tribunal A,40,17.3,3,0,1,0.0,0,0
EXP-01976,asilo,Centroamérica,Tribunal A,36,12.7,0,0,1,0.0,0,0
EXP-01976,asilo,Centroamérica,Tribunal A,6,6.0,0,0,1,0.0,0,0
EXP-01976,asilo,Centroamérica,Tribunal A,5,14.1,0,0,1,0.0,0,0
EXP-01977,cancelacion,Centroamérica,Tribunal A,31,190.8,3,0,1,0.0,0,0
EXP-01977,cancelacion,Centroamérica,Tribunal A,20,183.0,0,0,1,0.0,0,0
EXP-01977,cancelacion,Centroamérica,Tribunal A,6,,0,0,1,0.0,0,0
EXP-01977,cancelacion,Centroamérica,Tribunal A,15,180.7,0,0,1,0.0,0,0
EXP-01978,asilo,Europa,Tribunal B,18,30.9,0,1,0,0.0,0,1
EXP-01979,reinstalacion,Centroamérica,Tribunal F,37,66.8,0,1,0,0.0,0,0
EXP-01980,asilo,México,Tribunal D,37,93.4,0,0,1,0.0,0,0
EXP-01981,miedo_creible,Asia,Tribunal F,20,10.4,0,1,0,1.0,0,0
EXP-01982,reinstalacion,Caribe,Tribunal C,31,94.9,2,1,0,1.0,0,0
EXP-01982,reinstalacion,Caribe,Tribunal C,31,91.0,0,1,0,1.0,0,0
EXP-01982,reinstalacion,Caribe,Tribunal C,9,91.1,0,1,0,1.0,0,0
EXP-01983,salida_voluntaria,México,Tribunal A,18,116.2,0,0,0,0.0,1,0
EXP-01984,reinstalacion,México,Tribunal E,24,41.3,0,1,0,0.0,0,0
EXP-01985,asilo,Centroamérica,Tribunal A,31,25.7,0,1,1,0.0,1,1
EXP-01986,miedo_creible,Centroamérica,Tribunal E,22,91.8,0,0,1,1.0,0,0
EXP-01987,salida_voluntaria,México,Tribunal F,34,63.4,0,1,1,0.0,0,1
EXP-01988,miedo_creible,Centroamérica,Tribunal F,35,73.3,0,1,0,0.0,0,0
EXP-01989,asilo,Europa,Tribunal E,18,9.5,0,1,0,1.0,0,1
EXP-01990,asilo,Centroamérica,Tribunal B,32,13.2,1,1,0,0.0,0,0
EXP-01990,asilo,Centroamérica,Tribunal B,8,9.8,0,1,0,0.0,0,0
EXP-01991,miedo_creible,México,Tribunal B,36,41.9,0,1,1,0.0,0,0
EXP-01992,salida_voluntaria,Europa,Tribunal D,41,117.0,0,1,0,1.0,0,0
EXP-01993,ajuste_estatus,Centroamérica,Tribunal F,24,23.8,1,1,0,0.0,1,1
EXP-01993,ajuste_estatus,Centroamérica,Tribunal F,11,25.0,0,1,0,0.0,0,1
EXP-01994,miedo_creible,Asia,Tribunal B,20,60.8,0,1,0,1.0,0,0
EXP-01995,reinstalacion,Centroamérica,Tribunal C,31,6.8,0,1,0,1.0,0,0
EXP-01996,reinstalacion,Centroamérica,Tribunal B,18,112.5,0,1,0,1.0,0,0
EXP-01997,miedo_creible,Asia,Tribunal A,41,73.2,0,1,1,1.0,0,0
EXP-01998,asilo,Sudamérica,Tribunal A,35,36.2,0,1,0,0.0,0,1
EXP-01999,asilo,Centroamérica,Tribunal C,41,180.3,0,1,1,0.0,1,0
EXP-02000,miedo_creible,Centroamérica,Tribunal E,21,12.5,0,1,1,1.0,0,0
